article_id,title,link,sentence_id,sentence
1,"British couple on new hunger strike in Iranian jail, family say",https://www.bbc.com/news/articles/c8e890y14r5o,1,The family of a British couple held in Iran after being accused of spying say the pair have gone on hunger strike to press for their release.
1,"British couple on new hunger strike in Iranian jail, family say",https://www.bbc.com/news/articles/c8e890y14r5o,2,"Lindsay and Craig Foreman, from East Sussex, were arrested in January of last year while passing through Iran on a global motorbike journey."
1,"British couple on new hunger strike in Iranian jail, family say",https://www.bbc.com/news/articles/c8e890y14r5o,3,"The couple were sentenced in February to 10 years in jail on espionage charges, which they deny."
1,"British couple on new hunger strike in Iranian jail, family say",https://www.bbc.com/news/articles/c8e890y14r5o,4,"The Foreign Office says it will keep working to get them safely back to the UK, calling their incarceration appalling and unjustified."
1,"British couple on new hunger strike in Iranian jail, family say",https://www.bbc.com/news/articles/c8e890y14r5o,5,"Craig Foreman is believed to be 12 days into a hunger strike, which he began after the couple's phone access was cut off in early May."
1,"British couple on new hunger strike in Iranian jail, family say",https://www.bbc.com/news/articles/c8e890y14r5o,6,"Other sources have confirmed to the family that Lindsay Foreman, 53, had paused a hunger strike after being told she would be able to contact her family, but had since resumed."
1,"British couple on new hunger strike in Iranian jail, family say",https://www.bbc.com/news/articles/c8e890y14r5o,7,"Lindsay's son Joe Bennett described their food refusal as a ""medical emergency in the making""."
1,"British couple on new hunger strike in Iranian jail, family say",https://www.bbc.com/news/articles/c8e890y14r5o,8,"He added: ""I understand British politics is in an extraordinary moment."
1,"British couple on new hunger strike in Iranian jail, family say",https://www.bbc.com/news/articles/c8e890y14r5o,9,But my mum and Craig cannot wait for Westminster to resolve its own crisis.
1,"British couple on new hunger strike in Iranian jail, family say",https://www.bbc.com/news/articles/c8e890y14r5o,10,"""Foreign Secretary Yvette Cooper must act personally and immediately."
1,"British couple on new hunger strike in Iranian jail, family say",https://www.bbc.com/news/articles/c8e890y14r5o,11,This cannot be delayed.
1,"British couple on new hunger strike in Iranian jail, family say",https://www.bbc.com/news/articles/c8e890y14r5o,12,This cannot be deprioritised.
1,"British couple on new hunger strike in Iranian jail, family say",https://www.bbc.com/news/articles/c8e890y14r5o,13,"Two lives are at stake."""
1,"British couple on new hunger strike in Iranian jail, family say",https://www.bbc.com/news/articles/c8e890y14r5o,14,"Before their phone access was cut off, the couple had spoken to the BBC from Iran's notorious Evin prison where they conceded they would probably be there ""for a long time""."
1,"British couple on new hunger strike in Iranian jail, family say",https://www.bbc.com/news/articles/c8e890y14r5o,15,"""I just feel that we're wasting our lives in here and rotting away,"" Craig said."
1,"British couple on new hunger strike in Iranian jail, family say",https://www.bbc.com/news/articles/c8e890y14r5o,16,"""We are innocent people."
1,"British couple on new hunger strike in Iranian jail, family say",https://www.bbc.com/news/articles/c8e890y14r5o,17,"We have committed no offence."""
1,"British couple on new hunger strike in Iranian jail, family say",https://www.bbc.com/news/articles/c8e890y14r5o,18,Members of the adventure motorbike community rode from Kensington Palace to Parliament Square on Wednesday to mark 500 days since the couple were first detained.
1,"British couple on new hunger strike in Iranian jail, family say",https://www.bbc.com/news/articles/c8e890y14r5o,19,"Supporters, including MPs, relatives and friends, have delivered a petition to Downing Street calling for ""urgent action"" to return Lindsay and Craig Foreman to the UK."
1,"British couple on new hunger strike in Iranian jail, family say",https://www.bbc.com/news/articles/c8e890y14r5o,20,"Tony Vaughan, the MP for Folkestone and Hythe, urged the government to recognise the pair as ""political hostages"" and said that he felt there was ""more the government could do""."
1,"British couple on new hunger strike in Iranian jail, family say",https://www.bbc.com/news/articles/c8e890y14r5o,21,"In an address to Parliament in April, Foreign Office Minister Hamish Falconer described the pair as ""innocent tourists"" and called their case an ""injustice""."
1,"British couple on new hunger strike in Iranian jail, family say",https://www.bbc.com/news/articles/c8e890y14r5o,22,"Speaking outside Downing Street on Wednesday, Bennett told the BBC that a hunger strike of his own was ""on the cards""."
1,"British couple on new hunger strike in Iranian jail, family say",https://www.bbc.com/news/articles/c8e890y14r5o,23,"""We've got to do everything we can to support what sacrifices they're making,"" he said."
1,"British couple on new hunger strike in Iranian jail, family say",https://www.bbc.com/news/articles/c8e890y14r5o,24,"""It's that kind of thing, unfortunately, that brings the attention that's needed."""
2,Iranian journalist describes London stabbing by 'men working for Iran',https://www.bbc.com/news/articles/ckgpmdepz19o,1,"An Iranian journalist based in London has described how he was stabbed in the thigh in a ""violent"" and ""very frightening"" attack outside his London home by men accused of working for Iran."
2,Iranian journalist describes London stabbing by 'men working for Iran',https://www.bbc.com/news/articles/ckgpmdepz19o,2,"Pouria Zeraati - a journalist and presenter at Iran International, a Persian language TV channel which is not supportive of the Iranian government - told a court he used a builder's utility belt to stop the bleeding."
2,Iranian journalist describes London stabbing by 'men working for Iran',https://www.bbc.com/news/articles/ckgpmdepz19o,3,Two Romanian men are on trial at Woolwich Crown Court accused of the knife attack on 29 March 2024.
2,Iranian journalist describes London stabbing by 'men working for Iran',https://www.bbc.com/news/articles/ckgpmdepz19o,4,"George Stana, 25 and Nandito Badea, 21 have both denied charges of wounding with intent to do grievous bodily harm, and unlawful wounding."
2,Iranian journalist describes London stabbing by 'men working for Iran',https://www.bbc.com/news/articles/ckgpmdepz19o,5,The prosecution allege Stana and Badea flew in from Romania to carry out the attack as paid proxies working for the Iranian state.
2,Iranian journalist describes London stabbing by 'men working for Iran',https://www.bbc.com/news/articles/ckgpmdepz19o,6,"Giving evidence on Tuesday, Zeraati described going to his car which was parked near his home in Wimbledon when a man approached him to ask for ""£3 change""."
2,Iranian journalist describes London stabbing by 'men working for Iran',https://www.bbc.com/news/articles/ckgpmdepz19o,7,"He told the court that he was then ""grabbed very firmly by a second person"" in a way which meant he could not move his arms."
2,Iranian journalist describes London stabbing by 'men working for Iran',https://www.bbc.com/news/articles/ckgpmdepz19o,8,"Then, Zeraati said, ""the first person took out a knife from his pocket""."
2,Iranian journalist describes London stabbing by 'men working for Iran',https://www.bbc.com/news/articles/ckgpmdepz19o,9,"""After that, the only thing I was focused on was the knife."""
2,Iranian journalist describes London stabbing by 'men working for Iran',https://www.bbc.com/news/articles/ckgpmdepz19o,10,"""He started stabbing the back of my right thigh very quickly."
2,Iranian journalist describes London stabbing by 'men working for Iran',https://www.bbc.com/news/articles/ckgpmdepz19o,11,"All the time, he was looking me in the eye."""
2,Iranian journalist describes London stabbing by 'men working for Iran',https://www.bbc.com/news/articles/ckgpmdepz19o,12,"He said the men then ran away ""very fast"" in the direction of Wimbledon Common."
2,Iranian journalist describes London stabbing by 'men working for Iran',https://www.bbc.com/news/articles/ckgpmdepz19o,13,"""I noticed nothing had been stolen,"" Zeraati added."
2,Iranian journalist describes London stabbing by 'men working for Iran',https://www.bbc.com/news/articles/ckgpmdepz19o,14,"""At the moment it clicked… it is not a robbery."
2,Iranian journalist describes London stabbing by 'men working for Iran',https://www.bbc.com/news/articles/ckgpmdepz19o,15,"""I realised this might relate to the threats I had been receiving."""
2,Iranian journalist describes London stabbing by 'men working for Iran',https://www.bbc.com/news/articles/ckgpmdepz19o,16,"Zeraati said that when he realised he was bleeding heavily he called 999, and a nearby construction worker helped him to stop the bleeding with a ""utility belt""."
2,Iranian journalist describes London stabbing by 'men working for Iran',https://www.bbc.com/news/articles/ckgpmdepz19o,17,"He told the jury the attack was ""violent"", ""very frightening"" and ""very shocking""."
2,Iranian journalist describes London stabbing by 'men working for Iran',https://www.bbc.com/news/articles/ckgpmdepz19o,18,"Zeraati was later taken to hospital, where he was found to have three stab wounds in his upper thigh."
2,Iranian journalist describes London stabbing by 'men working for Iran',https://www.bbc.com/news/articles/ckgpmdepz19o,19,"The prosecution said the first man Zeraati saw was Nandito Badea - whose identity Badea's barrister said was ""not disputed""."
2,Iranian journalist describes London stabbing by 'men working for Iran',https://www.bbc.com/news/articles/ckgpmdepz19o,20,"The second man, according to the prosecution, was David Andrei - who is not on trial."
2,Iranian journalist describes London stabbing by 'men working for Iran',https://www.bbc.com/news/articles/ckgpmdepz19o,21,The jury has been told he is still in Romania.
2,Iranian journalist describes London stabbing by 'men working for Iran',https://www.bbc.com/news/articles/ckgpmdepz19o,22,"The two men are then said to have run to a waiting Mazda, driven by George Stana."
2,Iranian journalist describes London stabbing by 'men working for Iran',https://www.bbc.com/news/articles/ckgpmdepz19o,23,"""As soon as they got into the car, it moved off at considerable speed even before the doors of it were closed,"" Duncan Atkinson KC said."
2,Iranian journalist describes London stabbing by 'men working for Iran',https://www.bbc.com/news/articles/ckgpmdepz19o,24,"The three men then allegedly dumped their car and got a taxi to Heathrow Airport, where they took a flight to Geneva."
2,Iranian journalist describes London stabbing by 'men working for Iran',https://www.bbc.com/news/articles/ckgpmdepz19o,25,"Atkinson said they ""had fled not just the scene of the attack, but had fled the country""."
2,Iranian journalist describes London stabbing by 'men working for Iran',https://www.bbc.com/news/articles/ckgpmdepz19o,26,"He continued: ""The prosecution case is that these defendants, together with Mr Andrei, were recruited to undertake a proxy attack on Mr Zeraati on behalf of the Islamic Republic of Iran."""
2,Iranian journalist describes London stabbing by 'men working for Iran',https://www.bbc.com/news/articles/ckgpmdepz19o,27,"The prosecution told the jury that reconnaissance of Zeraati's Wimbledon address had started in March 2023, a year before the attack."
2,Iranian journalist describes London stabbing by 'men working for Iran',https://www.bbc.com/news/articles/ckgpmdepz19o,28,"On 1 March 2023, Zeraati's wife Oldouz Rezvani filmed two men wearing white gloves and blue surgical masks entering the communal garden of their block of flats."
2,Iranian journalist describes London stabbing by 'men working for Iran',https://www.bbc.com/news/articles/ckgpmdepz19o,29,"When the men were stopped by police, one of them was carrying a bag with a cricket bat and a hockey stick."
2,Iranian journalist describes London stabbing by 'men working for Iran',https://www.bbc.com/news/articles/ckgpmdepz19o,30,"The other man was carrying a pair of scissors and £2,140 in cash."
2,Iranian journalist describes London stabbing by 'men working for Iran',https://www.bbc.com/news/articles/ckgpmdepz19o,31,The prosecution said that man was George Stana.
2,Iranian journalist describes London stabbing by 'men working for Iran',https://www.bbc.com/news/articles/ckgpmdepz19o,32,"Further reconnaissance of the flat is said to have happened a year later, in February and March 2024."
2,Iranian journalist describes London stabbing by 'men working for Iran',https://www.bbc.com/news/articles/ckgpmdepz19o,33,"Atkinson said: ""The confrontation with Mr Zeraati that then took place was far from random, accidental or unplanned."
2,Iranian journalist describes London stabbing by 'men working for Iran',https://www.bbc.com/news/articles/ckgpmdepz19o,34,"""They had not devoted so much time to surveillance for a robbery, but for the targeted knife attack that in fact then happened."""
2,Iranian journalist describes London stabbing by 'men working for Iran',https://www.bbc.com/news/articles/ckgpmdepz19o,35,"CCTV from the morning of 29 March 2024 shows Badea, Stana and Andrei leaving their hotel and driving to Zeraati's road."
2,Iranian journalist describes London stabbing by 'men working for Iran',https://www.bbc.com/news/articles/ckgpmdepz19o,36,The men then hung around the area for three hours.
2,Iranian journalist describes London stabbing by 'men working for Iran',https://www.bbc.com/news/articles/ckgpmdepz19o,37,"""Mr Badea and Mr Andrei were waiting for a sighting of their intended victim, whilst Mr Stana waited in the car, ready to drive them away once the deed was done,"" Atkinson said."
2,Iranian journalist describes London stabbing by 'men working for Iran',https://www.bbc.com/news/articles/ckgpmdepz19o,38,"An eyewitness later told police one of the men ""had the appearance of a spy""."
2,Iranian journalist describes London stabbing by 'men working for Iran',https://www.bbc.com/news/articles/ckgpmdepz19o,39,The jury heard that Zeraati's wife had herself been threatened in November 2022.
2,Iranian journalist describes London stabbing by 'men working for Iran',https://www.bbc.com/news/articles/ckgpmdepz19o,40,She told police that two men on a motorbike rode up to her near her upmarket gym in Chelsea.
2,Iranian journalist describes London stabbing by 'men working for Iran',https://www.bbc.com/news/articles/ckgpmdepz19o,41,Both were dressed all in black.
2,Iranian journalist describes London stabbing by 'men working for Iran',https://www.bbc.com/news/articles/ckgpmdepz19o,42,"Speaking in the Persian language Farsi, one of the men said ""your husband is our enemy"" and ""we are going to kill you"" before driving away."
2,Iranian journalist describes London stabbing by 'men working for Iran',https://www.bbc.com/news/articles/ckgpmdepz19o,43,"In a statement read to the court, Oldouz Rezvani said: ""It was an incredibly scary situation."
2,Iranian journalist describes London stabbing by 'men working for Iran',https://www.bbc.com/news/articles/ckgpmdepz19o,44,"I just wanted to get to the gym to get away from there."""
2,Iranian journalist describes London stabbing by 'men working for Iran',https://www.bbc.com/news/articles/ckgpmdepz19o,45,"Stana and Badea have both denied charges of wounding with intent to do grievous bodily harm, and unlawful wounding."
2,Iranian journalist describes London stabbing by 'men working for Iran',https://www.bbc.com/news/articles/ckgpmdepz19o,46,The trial at Woolwich Crown Court is expected to last up to four weeks.
3,Trump says he called off new Iran attack at request of Gulf states,https://www.bbc.com/news/articles/c7079e55zjro,1,"US President Donald Trump has said he is holding off a military attack on Iran planned for Tuesday at the request of Gulf states as ""serious negotiations are now taking place""."
3,Trump says he called off new Iran attack at request of Gulf states,https://www.bbc.com/news/articles/c7079e55zjro,2,"In a post on Truth Social, he said he had been asked to do so by the leaders of Qatar, Saudi Arabia and the United Arab Emirates."
3,Trump says he called off new Iran attack at request of Gulf states,https://www.bbc.com/news/articles/c7079e55zjro,3,"He said he had been informed a deal would be made that is ""very acceptable"" to the US, adding there would be ""NO NUCLEAR WEAPONS FOR IRAN!"""
3,Trump says he called off new Iran attack at request of Gulf states,https://www.bbc.com/news/articles/c7079e55zjro,4,"But he warned the US would be ready to ""go forward with a full, large scale assault of Iran, on a moment's notice"" if there was no acceptable deal."
3,Trump says he called off new Iran attack at request of Gulf states,https://www.bbc.com/news/articles/c7079e55zjro,5,"A senior Iranian military commander told the US not to make ""strategic mistakes and miscalculations again""."
3,Trump says he called off new Iran attack at request of Gulf states,https://www.bbc.com/news/articles/c7079e55zjro,6,Trump's latest announcement on Iran comes amid a drop in his approval rating and as polls show the war is increasingly unpopular at home.
3,Trump says he called off new Iran attack at request of Gulf states,https://www.bbc.com/news/articles/c7079e55zjro,7,"Some 64% of voters believe it was the wrong decision to go to war with Iran, according to a New York Times/Siena poll published on Monday."
3,Trump says he called off new Iran attack at request of Gulf states,https://www.bbc.com/news/articles/c7079e55zjro,8,The survey also found that just 37% of voters approve of Trump's job performance as president.
3,Trump says he called off new Iran attack at request of Gulf states,https://www.bbc.com/news/articles/c7079e55zjro,9,"The polling underscores the challenge Republicans face in the midterm elections, in a moment of growing public frustration with the war and Trump's handling of the economy and immigration, among other issues."
3,Trump says he called off new Iran attack at request of Gulf states,https://www.bbc.com/news/articles/c7079e55zjro,10,"Israeli and US forces began massive air strikes on Iran on 28 February, while Tehran retaliated by firing drones and missiles at Israel and US targets in countries across the Gulf."
3,Trump says he called off new Iran attack at request of Gulf states,https://www.bbc.com/news/articles/c7079e55zjro,11,A major factor at play here is the fear Gulf Arab states have over how Iran is likely to retaliate after any further attacks by the US.
3,Trump says he called off new Iran attack at request of Gulf states,https://www.bbc.com/news/articles/c7079e55zjro,12,"Iran is known to retain a significant number of drones and missiles with which it could resume its full-scale attacks on neighbouring states, their airports, petrochemical facilities and even the crucial desalination plants that provide drinking water as summer temperatures in the Gulf build up."
3,Trump says he called off new Iran attack at request of Gulf states,https://www.bbc.com/news/articles/c7079e55zjro,13,"Talking to reporters later, Trump called it ""a very positive development, but we'll see whether or not it amounts to anything""."
3,Trump says he called off new Iran attack at request of Gulf states,https://www.bbc.com/news/articles/c7079e55zjro,14,"He said: ""We've had periods of time where we had, we thought, pretty much getting close to making a deal, and it didn't work out."
3,Trump says he called off new Iran attack at request of Gulf states,https://www.bbc.com/news/articles/c7079e55zjro,15,"But this is a little bit different."""
3,Trump says he called off new Iran attack at request of Gulf states,https://www.bbc.com/news/articles/c7079e55zjro,16,"Trump said there seemed to be ""a very good chance"" of an agreement with Iran, adding: ""If we can do that without bombing the hell out of them, I would be very happy."""
3,Trump says he called off new Iran attack at request of Gulf states,https://www.bbc.com/news/articles/c7079e55zjro,17,A ceasefire agreed in April meant to facilitate talks has largely been observed despite occasional exchanges of fire.
3,Trump says he called off new Iran attack at request of Gulf states,https://www.bbc.com/news/articles/c7079e55zjro,18,"Iran has also continued to control the Strait of Hormuz, effectively closing the vital waterway through which around 20% of the world's oil and liquefied natural gas travels."
3,Trump says he called off new Iran attack at request of Gulf states,https://www.bbc.com/news/articles/c7079e55zjro,19,"The move, which Iran has said is in retaliation for US and Israeli attacks, has sent oil prices soaring globally."
3,Trump says he called off new Iran attack at request of Gulf states,https://www.bbc.com/news/articles/c7079e55zjro,20,"The US, for its part, has been enforcing a blockade of Iranian ports to exert pressure on Tehran to agree to its terms."
3,Trump says he called off new Iran attack at request of Gulf states,https://www.bbc.com/news/articles/c7079e55zjro,21,"Late on Monday, Iran's Tasnim news agency published what it said were comments by Supreme Leader Mojtaba Khamenei, warning that new fronts would be opened where the enemy had little experience and would be highly vulnerable."
3,Trump says he called off new Iran attack at request of Gulf states,https://www.bbc.com/news/articles/c7079e55zjro,22,Tasnim appeared to have reposted Khamenei's quotes from 12 March.
3,Trump says he called off new Iran attack at request of Gulf states,https://www.bbc.com/news/articles/c7079e55zjro,23,Some Iranian news outlets have taken to republishing his previous written messages.
3,Trump says he called off new Iran attack at request of Gulf states,https://www.bbc.com/news/articles/c7079e55zjro,24,"Earlier on Monday, Iran said it had responded to the latest US proposal and that exchanges with Washington were continuing through Pakistani mediators."
3,Trump says he called off new Iran attack at request of Gulf states,https://www.bbc.com/news/articles/c7079e55zjro,25,Iranian media earlier reported the US had failed to make any concrete concessions to Tehran.
3,Trump says he called off new Iran attack at request of Gulf states,https://www.bbc.com/news/articles/c7079e55zjro,26,"On Sunday, Trump had warned that ""for Iran, Clock is Ticking, and they better get moving, FAST, or there won't be anything left of them""."
3,Trump says he called off new Iran attack at request of Gulf states,https://www.bbc.com/news/articles/c7079e55zjro,27,"Several days ago, the US president had said the truce was on ""massive life support"" after rejecting Tehran's demands, labelling them ""totally unacceptable""."
3,Trump says he called off new Iran attack at request of Gulf states,https://www.bbc.com/news/articles/c7079e55zjro,28,"Esmail Baghaei, an Iranian foreign ministry spokesperson, insisted they were ""responsible"" and ""generous""."
3,Trump says he called off new Iran attack at request of Gulf states,https://www.bbc.com/news/articles/c7079e55zjro,29,"According to Iran's semi-official Tasnim news agency, Iran's demands included an immediate end to the war on all fronts - a reference to the continued Israeli attacks against Iran-supported Hezbollah in Lebanon - a halt to the US naval blockade of Iranian ports, and guarantees of no further attacks on Iran."
3,Trump says he called off new Iran attack at request of Gulf states,https://www.bbc.com/news/articles/c7079e55zjro,30,They also reportedly included a demand for compensation for war damage and an emphasis on Iranian sovereignty over the Strait of Hormuz.
3,Trump says he called off new Iran attack at request of Gulf states,https://www.bbc.com/news/articles/c7079e55zjro,31,Iran's semi-official Fars news agency said on Sunday that Washington had set five conditions in response to Tehran's proposal.
3,Trump says he called off new Iran attack at request of Gulf states,https://www.bbc.com/news/articles/c7079e55zjro,32,They reportedly included a demand that Iran keep only one nuclear site in operation and transfer its stockpile of highly enriched uranium to the US.
3,Trump says he called off new Iran attack at request of Gulf states,https://www.bbc.com/news/articles/c7079e55zjro,33,Trump suggested on Friday he would accept a 20-year suspension by Iran of its nuclear programme - a major sticking point between the two countries - in what appeared to be confirmation of a shift in position away from a demand for a total end to it.
3,Trump says he called off new Iran attack at request of Gulf states,https://www.bbc.com/news/articles/c7079e55zjro,34,The US and its European allies claim Iran is seeking to develop nuclear weapons by enriching uranium.
3,Trump says he called off new Iran attack at request of Gulf states,https://www.bbc.com/news/articles/c7079e55zjro,35,Tehran has repeatedly said its nuclear programme is solely for peaceful purposes.
3,Trump says he called off new Iran attack at request of Gulf states,https://www.bbc.com/news/articles/c7079e55zjro,36,Follow the twists and turns of Trump's second term with North America correspondent Anthony Zurcher's weekly US Politics Unspun newsletter.
3,Trump says he called off new Iran attack at request of Gulf states,https://www.bbc.com/news/articles/c7079e55zjro,37,Readers in the UK can sign up here .
3,Trump says he called off new Iran attack at request of Gulf states,https://www.bbc.com/news/articles/c7079e55zjro,38,Those outside the UK can sign up here .
4,"Iranian journalist stabbed in UK by men working for Iran, court told",https://www.bbc.com/news/articles/c3d205nxee8o,1,"A journalist working for a Persian-language opposition television station was attacked with a knife in Wimbledon by men working for Iran as part of a campaign of ""Iranian terror"", a court was told."
4,"Iranian journalist stabbed in UK by men working for Iran, court told",https://www.bbc.com/news/articles/c3d205nxee8o,2,"Posters of Pouria Zeraati, a journalist for the London-based Iran International, had been put up in the Iranian capital Tehran with the words ""Wanted: dead or alive""."
4,"Iranian journalist stabbed in UK by men working for Iran, court told",https://www.bbc.com/news/articles/c3d205nxee8o,3,"Two Romanian men - George Stana, 25, and Nandito Badea, 21 - are on trial at Woolwich Crown Court, accused of attacking Zeraati in late March 2024, leaving him in hospital with three stab wounds in his leg."
4,"Iranian journalist stabbed in UK by men working for Iran, court told",https://www.bbc.com/news/articles/c3d205nxee8o,4,"Stana and Badea have both denied charges of wounding with intent to do grievous bodily harm, and unlawful wounding."
4,"Iranian journalist stabbed in UK by men working for Iran, court told",https://www.bbc.com/news/articles/c3d205nxee8o,5,"Badea is alleged to have wielded a knife in the attack, while Stana is said to have driven the Mazda used as a getaway car."
4,"Iranian journalist stabbed in UK by men working for Iran, court told",https://www.bbc.com/news/articles/c3d205nxee8o,6,"A third Romanian man, David Andrei, who is accused of holding Zeraati during the attack, is not on trial and is still in Romania."
4,"Iranian journalist stabbed in UK by men working for Iran, court told",https://www.bbc.com/news/articles/c3d205nxee8o,7,"Duncan Atkinson KC for the prosecution told the jury: ""This was not a random assault, or a form of robbery."
4,"Iranian journalist stabbed in UK by men working for Iran, court told",https://www.bbc.com/news/articles/c3d205nxee8o,8,"Rather it was a planned and targeted attack."""
4,"Iranian journalist stabbed in UK by men working for Iran, court told",https://www.bbc.com/news/articles/c3d205nxee8o,9,"""A planned attack preceded by reconnaissance, and which was ordered by a third party acting on behalf of the Iranian state,"" he said."
4,"Iranian journalist stabbed in UK by men working for Iran, court told",https://www.bbc.com/news/articles/c3d205nxee8o,10,"Atkinson said that since 2005 ""the Islamic Republic has turned less to its own operatives and increasingly to use proxies such as criminal gangs to meet their threatened violence on their behalf""."
4,"Iranian journalist stabbed in UK by men working for Iran, court told",https://www.bbc.com/news/articles/c3d205nxee8o,11,"He said people in the UK had ""become targets of Iranian intimidation and, effectively, of Iranian terror""."
4,"Iranian journalist stabbed in UK by men working for Iran, court told",https://www.bbc.com/news/articles/c3d205nxee8o,12,"He said that in November 2022 posters had been put up in the Iranian capital Tehran which included a picture of Zeraati, under the heading ""Wanted: dead or alive""."
4,"Iranian journalist stabbed in UK by men working for Iran, court told",https://www.bbc.com/news/articles/c3d205nxee8o,13,"Zeraati's employer, Iran International, had also been designated by the Iranian government as a ""terrorist organisation"", the jury heard."
4,"Iranian journalist stabbed in UK by men working for Iran, court told",https://www.bbc.com/news/articles/c3d205nxee8o,14,At one point in 2022 Iran International's offices in London were being protected by armed police.
4,"Iranian journalist stabbed in UK by men working for Iran, court told",https://www.bbc.com/news/articles/c3d205nxee8o,15,"The prosecution said reconnaissance of Zeraati began in March 2023 when Stana was stopped by police in a rear communal garden at Zeraati's address in Wimbledon, having flown in from Bucharest."
4,"Iranian journalist stabbed in UK by men working for Iran, court told",https://www.bbc.com/news/articles/c3d205nxee8o,16,"Officers found him wearing gloves and a blue surgical face mask, and with a pair of scissors in his pocket."
4,"Iranian journalist stabbed in UK by men working for Iran, court told",https://www.bbc.com/news/articles/c3d205nxee8o,17,An unidentified man with him appeared to be carrying some kind of sports bat in a bag.
4,"Iranian journalist stabbed in UK by men working for Iran, court told",https://www.bbc.com/news/articles/c3d205nxee8o,18,Stana left the UK for Romania soon afterwards.
4,"Iranian journalist stabbed in UK by men working for Iran, court told",https://www.bbc.com/news/articles/c3d205nxee8o,19,"On this trip, the prosecution said, Stana had been in touch with a contact called ""Em"" on WhatsApp about the reconnaissance."
4,"Iranian journalist stabbed in UK by men working for Iran, court told",https://www.bbc.com/news/articles/c3d205nxee8o,20,"The messaging included discussions over whether to ""poncher"" (puncture) Zeraati's tyre."
4,"Iranian journalist stabbed in UK by men working for Iran, court told",https://www.bbc.com/news/articles/c3d205nxee8o,21,"Atkinson said that analysis of mobile phone mast data shows further reconnaissance was carried out by Badea and Andrei in February and March 2024, in the weeks before the knife attack."
4,"Iranian journalist stabbed in UK by men working for Iran, court told",https://www.bbc.com/news/articles/c3d205nxee8o,22,The Mazda car used in the getaway was bought on 6 March 2024.
4,"Iranian journalist stabbed in UK by men working for Iran, court told",https://www.bbc.com/news/articles/c3d205nxee8o,23,"The prosecution said that more than £80,000 was paid into the Revolut bank account of Stana's sister Florina from a London-based construction company called Hemroc Ltd. Money from her account was then transferred to accounts linked to Badea and Stana, the prosecution said, and she also paid for their flights between Bucharest and London."
4,"Iranian journalist stabbed in UK by men working for Iran, court told",https://www.bbc.com/news/articles/c3d205nxee8o,24,"""That pattern shows that the defendants' presence in the UK was being funded by others, through Hemroc Ltd and Stana's sister,"" Atkinson said."
4,"Iranian journalist stabbed in UK by men working for Iran, court told",https://www.bbc.com/news/articles/c3d205nxee8o,25,He said the money transfers had been linked by detectives to a British-Iranian dual national called Edgar Hakkopian.
4,"Iranian journalist stabbed in UK by men working for Iran, court told",https://www.bbc.com/news/articles/c3d205nxee8o,26,The trial at Woolwich Crown Court is expected to last up to four weeks.
5,'This may be the last time you hear my voice': Political executions surge in Iran since start of war,https://www.bbc.com/news/articles/cn8p392nl7yo,1,The line is crackly.
5,'This may be the last time you hear my voice': Political executions surge in Iran since start of war,https://www.bbc.com/news/articles/cn8p392nl7yo,2,"But the voice of Mehrab Abdollahzadeh is clear and, given the circumstances, surprisingly steady."
5,'This may be the last time you hear my voice': Political executions surge in Iran since start of war,https://www.bbc.com/news/articles/cn8p392nl7yo,3,He's on death row in western Iran.
5,'This may be the last time you hear my voice': Political executions surge in Iran since start of war,https://www.bbc.com/news/articles/cn8p392nl7yo,4,He speaks quickly - as if time is running out.
5,'This may be the last time you hear my voice': Political executions surge in Iran since start of war,https://www.bbc.com/news/articles/cn8p392nl7yo,5,And his message is desperate.
5,'This may be the last time you hear my voice': Political executions surge in Iran since start of war,https://www.bbc.com/news/articles/cn8p392nl7yo,6,"""You are hearing my voice from Oromiyeh Central Prison, and this may be the last time you hear it,"" he says in a voice note obtained by the Kurdistan Human Rights Network."
5,'This may be the last time you hear my voice': Political executions surge in Iran since start of war,https://www.bbc.com/news/articles/cn8p392nl7yo,7,"""From the very first day of my arrest, they forced confessions out of me through torture and threats, confessions that were entirely false."
5,'This may be the last time you hear my voice': Political executions surge in Iran since start of war,https://www.bbc.com/news/articles/cn8p392nl7yo,8,None of the charges against me are true.
5,'This may be the last time you hear my voice': Political executions surge in Iran since start of war,https://www.bbc.com/news/articles/cn8p392nl7yo,9,"They know it, and God knows it."
5,'This may be the last time you hear my voice': Political executions surge in Iran since start of war,https://www.bbc.com/news/articles/cn8p392nl7yo,10,"I am innocent."""
5,'This may be the last time you hear my voice': Political executions surge in Iran since start of war,https://www.bbc.com/news/articles/cn8p392nl7yo,11,"Mehrab was arrested back in 2022, during nationwide protests that followed the death in police custody of a young woman, Mahsa Amini, who had been detained for not wearing her veil properly."
5,'This may be the last time you hear my voice': Political executions surge in Iran since start of war,https://www.bbc.com/news/articles/cn8p392nl7yo,12,He was accused of involvement in the killing of a member of Iran's Basij militia force.
5,'This may be the last time you hear my voice': Political executions surge in Iran since start of war,https://www.bbc.com/news/articles/cn8p392nl7yo,13,"After 42 months of fear and sleepless nights, he was put to death earlier this month - part of a surge in executions of people on political and security charges."
5,'This may be the last time you hear my voice': Political executions surge in Iran since start of war,https://www.bbc.com/news/articles/cn8p392nl7yo,14,"Since the US and Israel attacked Iran on 28 February, the UN says it's verified the execution of at least 32 political prisoners."
5,'This may be the last time you hear my voice': Political executions surge in Iran since start of war,https://www.bbc.com/news/articles/cn8p392nl7yo,15,"This marks a sharp year-on-year increase, with 45 executions on politically motivated charges taking place across the whole of 2025, according to Amnesty International."
5,'This may be the last time you hear my voice': Political executions surge in Iran since start of war,https://www.bbc.com/news/articles/cn8p392nl7yo,16,The UN's Human Rights Office has warned the death penalty is increasingly being used to silence political dissent.
5,'This may be the last time you hear my voice': Political executions surge in Iran since start of war,https://www.bbc.com/news/articles/cn8p392nl7yo,17,"Several of those killed this year were accused of spying for Israel or the CIA, while some were accused of being affiliated with an exiled opposition group."
5,'This may be the last time you hear my voice': Political executions surge in Iran since start of war,https://www.bbc.com/news/articles/cn8p392nl7yo,18,"Fourteen of them were arrested in relation to the uprising in January this year, which was crushed with lethal force - leading to thousands of deaths."
5,'This may be the last time you hear my voice': Political executions surge in Iran since start of war,https://www.bbc.com/news/articles/cn8p392nl7yo,19,"""In Iran, the authorities carry out executions by hanging."
5,'This may be the last time you hear my voice': Political executions surge in Iran since start of war,https://www.bbc.com/news/articles/cn8p392nl7yo,20,"They carry them out at dawn,"" says Nassim Papayianni of Amnesty International."
5,'This may be the last time you hear my voice': Political executions surge in Iran since start of war,https://www.bbc.com/news/articles/cn8p392nl7yo,21,"""People in Iran have been waking up to near-daily announcements of executions."""
5,'This may be the last time you hear my voice': Political executions surge in Iran since start of war,https://www.bbc.com/news/articles/cn8p392nl7yo,22,"""They weaponise the death penalty as a tool of political repression, to instil fear among the population, and essentially crush and stifle any dissent that there might be."""
5,'This may be the last time you hear my voice': Political executions surge in Iran since start of war,https://www.bbc.com/news/articles/cn8p392nl7yo,23,"While some executions are announced publicly, a spokesperson for the UN Human Rights Office told the BBC it was concerned others were happening in secret."
5,'This may be the last time you hear my voice': Political executions surge in Iran since start of war,https://www.bbc.com/news/articles/cn8p392nl7yo,24,"Last year, Iran carried out 2,159 executions, according to Amnesty International - the highest number since 1981."
5,'This may be the last time you hear my voice': Political executions surge in Iran since start of war,https://www.bbc.com/news/articles/cn8p392nl7yo,25,It says that the vast majority are for drugs-related offences or murder.
5,'This may be the last time you hear my voice': Political executions surge in Iran since start of war,https://www.bbc.com/news/articles/cn8p392nl7yo,26,The UN fears that the figure this year could be even higher.
5,'This may be the last time you hear my voice': Political executions surge in Iran since start of war,https://www.bbc.com/news/articles/cn8p392nl7yo,27,"With its increased use of the death penalty, the regime is attempting to restore authority after its image was damaged by the January uprising and the war, according to Kaveh Kermanshahi of the Kurdistan Human Rights Network."
5,'This may be the last time you hear my voice': Political executions surge in Iran since start of war,https://www.bbc.com/news/articles/cn8p392nl7yo,28,"""At a time when it is confronting multiple internal and external crises, it is attempting, through intensified repression and an increase in executions, to stage a display of power and project the message: 'I am still here, and I still control the situation,'"" he says."
5,'This may be the last time you hear my voice': Political executions surge in Iran since start of war,https://www.bbc.com/news/articles/cn8p392nl7yo,29,"Late last month, state-run television carried a report on the execution of Sasan Azadvar, a 21-year-old karate champion from the central city of Isfahan."
5,'This may be the last time you hear my voice': Political executions surge in Iran since start of war,https://www.bbc.com/news/articles/cn8p392nl7yo,30,"He'd been convicted of ""moharabeh"" or ""waging war against God,"" and ""effective collaboration with the enemy"" for attacking police forces during January's protests."
5,'This may be the last time you hear my voice': Political executions surge in Iran since start of war,https://www.bbc.com/news/articles/cn8p392nl7yo,31,He is seen confessing to using a stick to break the window of a police car and asking for petrol to set it on fire.
5,'This may be the last time you hear my voice': Political executions surge in Iran since start of war,https://www.bbc.com/news/articles/cn8p392nl7yo,32,"But he was not accused of any lethal offence, which - under international law - is the legal threshold for the use of the death penalty."
5,'This may be the last time you hear my voice': Political executions surge in Iran since start of war,https://www.bbc.com/news/articles/cn8p392nl7yo,33,"Iranian authorities did not respond to the BBC's request for comment on their increased use of the death penalty, including against Sardar Azadvar, and on claims of torture."
5,'This may be the last time you hear my voice': Political executions surge in Iran since start of war,https://www.bbc.com/news/articles/cn8p392nl7yo,34,"But on 30 April, the head of Iran's judiciary, Gholamhossein Mohseni Ejei, dismissed international criticism of death sentences linked to January's unrest, saying that his courts would not be swayed."
5,'This may be the last time you hear my voice': Political executions surge in Iran since start of war,https://www.bbc.com/news/articles/cn8p392nl7yo,35,Each of the condemned has their own story.
5,'This may be the last time you hear my voice': Political executions surge in Iran since start of war,https://www.bbc.com/news/articles/cn8p392nl7yo,36,But human rights activists speak of disturbing patterns.
5,'This may be the last time you hear my voice': Political executions surge in Iran since start of war,https://www.bbc.com/news/articles/cn8p392nl7yo,37,The death sentence is disproportionately used against members of the country's minorities.
5,'This may be the last time you hear my voice': Political executions surge in Iran since start of war,https://www.bbc.com/news/articles/cn8p392nl7yo,38,"Erfan Shakourzadeh, a 29-year-old master's student in aerospace engineering, was hanged on 11 May."
5,'This may be the last time you hear my voice': Political executions surge in Iran since start of war,https://www.bbc.com/news/articles/cn8p392nl7yo,39,Iran's judiciary said he'd been convicted of sharing classified information with Israeli and US intelligence.
5,'This may be the last time you hear my voice': Political executions surge in Iran since start of war,https://www.bbc.com/news/articles/cn8p392nl7yo,40,But the Norway-based Hengaw human rights organisation published a note they say he wrote before his death.
5,'This may be the last time you hear my voice': Political executions surge in Iran since start of war,https://www.bbc.com/news/articles/cn8p392nl7yo,41,"""I was arrested on fabricated espionage charges and, after eight and a half months of torture and solitary confinement, was forced into a false confession."
5,'This may be the last time you hear my voice': Political executions surge in Iran since start of war,https://www.bbc.com/news/articles/cn8p392nl7yo,42,"Do not let another innocent life be taken in silence."""
5,'This may be the last time you hear my voice': Political executions surge in Iran since start of war,https://www.bbc.com/news/articles/cn8p392nl7yo,43,"Hengaw said it was deeply concerned by the speed at which trials, sentencing and executions have been taking place, along with ""a complete lack of transparency"" in judicial proceedings."
5,'This may be the last time you hear my voice': Political executions surge in Iran since start of war,https://www.bbc.com/news/articles/cn8p392nl7yo,44,"""The Islamic Republic continues its systematic repression of the population by arbitrarily accusing dissidents and critics of being ""Israeli spies"" without presenting credible evidence or guaranteeing fair trial standards,"" the group's Aywar Shekhi told the BBC, adding that ""many lives are at risk""."
5,'This may be the last time you hear my voice': Political executions surge in Iran since start of war,https://www.bbc.com/news/articles/cn8p392nl7yo,45,"In his voice message from prison before his execution, Mehrab Abdollahzadeh described the torment of being on death row."
5,'This may be the last time you hear my voice': Political executions surge in Iran since start of war,https://www.bbc.com/news/articles/cn8p392nl7yo,46,"""A condemned person thinks every single night and day that at any moment, they might be called and taken away to be executed."
5,'This may be the last time you hear my voice': Political executions surge in Iran since start of war,https://www.bbc.com/news/articles/cn8p392nl7yo,47,"A condemned person can only find a sliver of peace after 1am at night, perhaps letting go of their racing thoughts to sleep for two or three hours,"" he said."
5,'This may be the last time you hear my voice': Political executions surge in Iran since start of war,https://www.bbc.com/news/articles/cn8p392nl7yo,48,"The 29-year-old Kurdish shop owner was executed - according to the Kurdistan Human Rights Network - with no prior warning to his relatives or lawyers, and his body has not been returned to his family."
6,Trump says 20-year nuclear programme suspension by Iran would be enough,https://www.bbc.com/news/articles/cgkpnnen5dzo,1,"US President Donald Trump has said he would accept a 20-year suspension by Iran of its nuclear programme, in what appears to be confirmation of a shift in position away from a demand for a total end to it."
6,Trump says 20-year nuclear programme suspension by Iran would be enough,https://www.bbc.com/news/articles/cgkpnnen5dzo,2,"Trump said it had to be a ""real 20 years""."
6,Trump says 20-year nuclear programme suspension by Iran would be enough,https://www.bbc.com/news/articles/cgkpnnen5dzo,3,Previously he has called on Iran to permanently cease enriching uranium - a stage in making a weapon - and to be prevented from ever acquiring nuclear weapons.
6,Trump says 20-year nuclear programme suspension by Iran would be enough,https://www.bbc.com/news/articles/cgkpnnen5dzo,4,"But he also said his patience with Iran was running out, with no sign of a breakthrough in talks."
6,Trump says 20-year nuclear programme suspension by Iran would be enough,https://www.bbc.com/news/articles/cgkpnnen5dzo,5,Israeli and US forces began massive air strikes on Iran on 28 February.
6,Trump says 20-year nuclear programme suspension by Iran would be enough,https://www.bbc.com/news/articles/cgkpnnen5dzo,6,"A ceasefire in place since last month meant to facilitate talks has been largely observed, despite some exchanges of fire."
6,Trump says 20-year nuclear programme suspension by Iran would be enough,https://www.bbc.com/news/articles/cgkpnnen5dzo,7,Pakistan has been playing the role of mediator.
6,Trump says 20-year nuclear programme suspension by Iran would be enough,https://www.bbc.com/news/articles/cgkpnnen5dzo,8,"However, both sides appear to be far apart, having rejected each other's most recent proposals to end the war."
6,Trump says 20-year nuclear programme suspension by Iran would be enough,https://www.bbc.com/news/articles/cgkpnnen5dzo,9,Iranian media said Tehran's proposal had included an immediate end to the war on all fronts - an apparent reference to Israeli attacks against its Shia ally Hezbollah in Lebanon - a halt to the US naval blockade of Iranian ports and guarantees of no further attacks on Iran.
6,Trump says 20-year nuclear programme suspension by Iran would be enough,https://www.bbc.com/news/articles/cgkpnnen5dzo,10,"Speaking to reporters on Air Force One after talks in Beijing with Chinese President Xi Jinping, Trump said the two sides had agreed Tehran could not be allowed to have a nuclear weapon and must reopen the Strait of Hormuz, which it is currently blocking, prompting a rise in world oil prices."
6,Trump says 20-year nuclear programme suspension by Iran would be enough,https://www.bbc.com/news/articles/cgkpnnen5dzo,11,"When a reporter suggested that a 20-year suspension of Iran's nuclear programme was not enough, he replied:  ""Twenty years is enough, but the level of guarantee from them, in other words it's got to be a real 20 years."""
6,Trump says 20-year nuclear programme suspension by Iran would be enough,https://www.bbc.com/news/articles/cgkpnnen5dzo,12,He did no elaborate.
6,Trump says 20-year nuclear programme suspension by Iran would be enough,https://www.bbc.com/news/articles/cgkpnnen5dzo,13,"US media reported in April that during a session of talks in the Pakistani capital, Islamabad, Vice-President JD Vance had responded to an Iranian proposal to cease enrichment for five years by insisting on a minimum of 20 years."
6,Trump says 20-year nuclear programme suspension by Iran would be enough,https://www.bbc.com/news/articles/cgkpnnen5dzo,14,"However, this is thought to be the first time Trump himself has mentioned a 20-year timeframe."
6,Trump says 20-year nuclear programme suspension by Iran would be enough,https://www.bbc.com/news/articles/cgkpnnen5dzo,15,"In his first term as president, he withdrew from a 2015 nuclear agreement reached with Iran by the Obama administration."
6,Trump says 20-year nuclear programme suspension by Iran would be enough,https://www.bbc.com/news/articles/cgkpnnen5dzo,16,"One of the reasons given was opposition to so-called ""sunset clauses"" that would have allowed some restrictions on Iran to expire over time."
6,Trump says 20-year nuclear programme suspension by Iran would be enough,https://www.bbc.com/news/articles/cgkpnnen5dzo,17,Israel has so far not reacted to Trump's remarks.
6,Trump says 20-year nuclear programme suspension by Iran would be enough,https://www.bbc.com/news/articles/cgkpnnen5dzo,18,"Prime Minister Benjamin Netanyahu has said that Iran's stockpile of enriched uranium must be ""taken out"" before the war against Iran can be considered over."
6,Trump says 20-year nuclear programme suspension by Iran would be enough,https://www.bbc.com/news/articles/cgkpnnen5dzo,19,"Netanyahu vehemently opposed the 2015 nuclear deal, partly on the grounds that the sunset clauses would leave open the possibility of Iran obtaining nuclear weapons and continuing to present a grave threat to Israel."
7,'Floating armoury' ship reportedly seized by Iran,https://www.bbc.com/news/articles/cx219xwxg9no,1,"A vessel reportedly operating as a ""floating armoury"" in the Gulf of Oman has been seized by Iranian military personnel, according to the maritime risk management company Vanguard."
7,'Floating armoury' ship reportedly seized by Iran,https://www.bbc.com/news/articles/cx219xwxg9no,2,"The ship is now ""bound for Iranian territorial waters"", the UK's Maritime Trade Operations (UKMTO) organisation said."
7,'Floating armoury' ship reportedly seized by Iran,https://www.bbc.com/news/articles/cx219xwxg9no,3,BBC Verify has checked ship-tracking data from MarineTraffic which shows the vessel - identified by Vanguard as the Honduras-flagged Hui Chuan - last broadcast its location 70km (40 miles) north-east of Fujairah in the UAE on Wednesday.
7,'Floating armoury' ship reportedly seized by Iran,https://www.bbc.com/news/articles/cx219xwxg9no,4,Hui Chuan's operators told Vanguard it was operating as a floating armoury which stores weapons for security firms who protect ships at sea from attack by pirates.
7,'Floating armoury' ship reportedly seized by Iran,https://www.bbc.com/news/articles/cx219xwxg9no,5,BBC Verify cannot confirm what was on the ship or who it was used by.
7,'Floating armoury' ship reportedly seized by Iran,https://www.bbc.com/news/articles/cx219xwxg9no,6,"The BBC has previously reported how these vessels are based in the Red Sea, Gulf of Aden and Gulf of Oman so security guards can easily collect and drop off weapons and ammunition."
7,'Floating armoury' ship reportedly seized by Iran,https://www.bbc.com/news/articles/cx219xwxg9no,7,Location data shows the ship has spent the last month off the north-east coasts of Oman and the UAE.
7,'Floating armoury' ship reportedly seized by Iran,https://www.bbc.com/news/articles/cx219xwxg9no,8,"The apparent seizure of Hui Chuan comes after an Indian-flagged vessel was attacked off the coast of Oman on Wednesday, according to Indian officials."
7,'Floating armoury' ship reportedly seized by Iran,https://www.bbc.com/news/articles/cx219xwxg9no,9,"The Haji Ali ""reportedly sank"" off the coast of Oman, following a suspected explosion believed to have been caused by a ""drone or missile"", according to Vanguard."
7,'Floating armoury' ship reportedly seized by Iran,https://www.bbc.com/news/articles/cx219xwxg9no,10,"""All Indian crew on board are safe and we thank the Omani authorities for rescuing them,"" Indian authorities said on Thursday."
7,'Floating armoury' ship reportedly seized by Iran,https://www.bbc.com/news/articles/cx219xwxg9no,11,Ship-tracking data from MarineTraffic shows the 57m (187ft) vessel left Berbera Port in Somalia on 6 May.
7,'Floating armoury' ship reportedly seized by Iran,https://www.bbc.com/news/articles/cx219xwxg9no,12,"Its intended destination was Sharjah in the UAE, the Indian shipping ministry said."
7,'Floating armoury' ship reportedly seized by Iran,https://www.bbc.com/news/articles/cx219xwxg9no,13,"The ship was carrying livestock ""when a fire reportedly broke out onboard, forcing the crew to abandon ship before the vessel sank,"" Vanguard said."
7,'Floating armoury' ship reportedly seized by Iran,https://www.bbc.com/news/articles/cx219xwxg9no,14,"Fourteen crew members were transferred by Oman Coast Guard units to the country's Diba Port, according to Indian officials."
7,'Floating armoury' ship reportedly seized by Iran,https://www.bbc.com/news/articles/cx219xwxg9no,15,"India's Ministry of External Affairs called the attack ""unacceptable""."
7,'Floating armoury' ship reportedly seized by Iran,https://www.bbc.com/news/articles/cx219xwxg9no,16,The situation in the Strait of Hormuz was discussed during talks on Thursday between US President Donald Trump and his Chinese counterpart President Xi Jinping in Beijing.
7,'Floating armoury' ship reportedly seized by Iran,https://www.bbc.com/news/articles/cx219xwxg9no,17,"The White House said Xi had ""made clear China's opposition to the militarization of the Strait""."
7,'Floating armoury' ship reportedly seized by Iran,https://www.bbc.com/news/articles/cx219xwxg9no,18,"""The two sides agreed that the Strait of Hormuz must remain open to support the free flow of energy,""  according to a readout issued by the US after the meeting."
7,'Floating armoury' ship reportedly seized by Iran,https://www.bbc.com/news/articles/cx219xwxg9no,19,What do you want BBC Verify to investigate?
8,Netanyahu says he 'secretly visited' UAE during war with Iran,https://www.bbc.com/news/articles/czj2mnwv1ryo,1,"Israeli Prime Minister Benjamin Netanyahu says he ""secretly visited"" the United Arab Emirates and met its president during the war with Iran."
8,Netanyahu says he 'secretly visited' UAE during war with Iran,https://www.bbc.com/news/articles/czj2mnwv1ryo,2,"Netanyahu's office said the meeting between the Israeli PM and President Sheikh Mohammed bin Zayed had led to a ""historic breakthrough""."
8,Netanyahu says he 'secretly visited' UAE during war with Iran,https://www.bbc.com/news/articles/czj2mnwv1ryo,3,"However shortly afterwards, the UAE foreign ministry said the claims about the visit were ""entirely unfounded"", and insisted relations between the two countries were not based on ""unofficial arrangements""."
8,Netanyahu says he 'secretly visited' UAE during war with Iran,https://www.bbc.com/news/articles/czj2mnwv1ryo,4,"Iran hit several targets in the Emirates during the conflict, and Tehran has repeatedly criticised the country for what it sees as its closer ties with the US and Israel."
8,Netanyahu says he 'secretly visited' UAE during war with Iran,https://www.bbc.com/news/articles/czj2mnwv1ryo,5,"Iran's Foreign Minister Abbas Araghchi said Netanyahu had ""publicly revealed what Iran's security services long ago"" told the country's leaders."
8,Netanyahu says he 'secretly visited' UAE during war with Iran,https://www.bbc.com/news/articles/czj2mnwv1ryo,6,"He added that collusion with Israel was ""unforgivable"" and those who do so ""will be held to account""."
8,Netanyahu says he 'secretly visited' UAE during war with Iran,https://www.bbc.com/news/articles/czj2mnwv1ryo,7,"In its statement, the UAE foreign ministry denied reports of the alleged visit by Netanyahu or any other Israeli military delegation in the country."
8,Netanyahu says he 'secretly visited' UAE during war with Iran,https://www.bbc.com/news/articles/czj2mnwv1ryo,8,"""The UAE reaffirms that its relations with Israel are public and conducted within the framework of the well-known and officially declared Abraham Accords, and are not based on non-transparent or unofficial arrangements."""
8,Netanyahu says he 'secretly visited' UAE during war with Iran,https://www.bbc.com/news/articles/czj2mnwv1ryo,9,The Abraham Accords are a set of agreements that established normalised relations between Israel and several Arab countries during President Trump's first term.
8,Netanyahu says he 'secretly visited' UAE during war with Iran,https://www.bbc.com/news/articles/czj2mnwv1ryo,10,"Reuters quoted a source as saying the meeting between Netanyahu and the Emirati president took place in Al-Ain, an oasis city near the border with Oman, and lasted several hours."
8,Netanyahu says he 'secretly visited' UAE during war with Iran,https://www.bbc.com/news/articles/czj2mnwv1ryo,11,"On Tuesday, the US ambassador to Israel, Mike Huckabee said Israel sent anti-missile batteries from its Iron Dome system to help the UAE combat Iranian attacks."
8,Netanyahu says he 'secretly visited' UAE during war with Iran,https://www.bbc.com/news/articles/czj2mnwv1ryo,12,"The Iron Dome is an advanced Israeli air defence system used to intercept and destroy a range of aerial missiles, rockets and drones."
8,Netanyahu says he 'secretly visited' UAE during war with Iran,https://www.bbc.com/news/articles/czj2mnwv1ryo,13,"Huckabee said the Iron Dome deployment was the result of an ""extraordinary relationship between the UAE and Israel"" based on the Abraham Accords."
8,Netanyahu says he 'secretly visited' UAE during war with Iran,https://www.bbc.com/news/articles/czj2mnwv1ryo,14,Israel and the US's war with Iran appears to have deepened those relations - and developed the alliance militarily too.
8,Netanyahu says he 'secretly visited' UAE during war with Iran,https://www.bbc.com/news/articles/czj2mnwv1ryo,15,"During the war, Iran launched a series of missiles and drones on the UAE ."
8,Netanyahu says he 'secretly visited' UAE during war with Iran,https://www.bbc.com/news/articles/czj2mnwv1ryo,16,"On 10 May the UAE's Ministry of Defence said that air defence systems had engaged two drones launched from Iran and that the country had engaged a total of 551 ballistic missiles, 29 cruise missiles, and 2,265 since the war broke out in late February, when the US and Israel attacked Iran."
8,Netanyahu says he 'secretly visited' UAE during war with Iran,https://www.bbc.com/news/articles/czj2mnwv1ryo,17,"On Monday the Wall Street Journal reported that the UAE had also carried out strikes on Iran, which it had not yet publicly acknowledged, including an attack on a refinery on Iran's Lavan Island in early April."
8,Netanyahu says he 'secretly visited' UAE during war with Iran,https://www.bbc.com/news/articles/czj2mnwv1ryo,18,Earlier on Wednesday Emirati presidential adviser Anwar Gargash said the UAE remained committed to diplomacy but had a right to defend itself.
8,Netanyahu says he 'secretly visited' UAE during war with Iran,https://www.bbc.com/news/articles/czj2mnwv1ryo,19,"In his post, Gargash said that the UAE had not sought the war and had worked to avoid it, saying that ""Arab-Iranian relations in the Gulf cannot be built on confrontations and conflicts""."
8,Netanyahu says he 'secretly visited' UAE during war with Iran,https://www.bbc.com/news/articles/czj2mnwv1ryo,20,A ceasefire has been in place between the US and Iran for about a month.
8,Netanyahu says he 'secretly visited' UAE during war with Iran,https://www.bbc.com/news/articles/czj2mnwv1ryo,21,"However Iran has continued to block the Strait of Hormuz in response to US-Israel strikes, prompting a rise in world oil prices."
8,Netanyahu says he 'secretly visited' UAE during war with Iran,https://www.bbc.com/news/articles/czj2mnwv1ryo,22,Normally about 20% of the world's oil and liquefied natural gas passes through the strait.
8,Netanyahu says he 'secretly visited' UAE during war with Iran,https://www.bbc.com/news/articles/czj2mnwv1ryo,23,The US for its part has been enforcing a blockade of Iranian ports to exert pressure on Tehran to agree to its terms.
8,Netanyahu says he 'secretly visited' UAE during war with Iran,https://www.bbc.com/news/articles/czj2mnwv1ryo,24,On Sunday Iran laid out its demands to end the war and reopen the Strait of Hormuz in a counter-offer sent to the US.
8,Netanyahu says he 'secretly visited' UAE during war with Iran,https://www.bbc.com/news/articles/czj2mnwv1ryo,25,"Trump rejected the proposal, calling it ""totally unacceptable"" and a ""piece of garbage"" and subsequently said the ceasefire was ""on massive life support"" ."
8,Netanyahu says he 'secretly visited' UAE during war with Iran,https://www.bbc.com/news/articles/czj2mnwv1ryo,26,"Iranian parliamentary speaker Mohammad Ghalibaf responded on X that Iran's armed forces were ""ready to respond and to teach a lesson for any aggression""."
8,Netanyahu says he 'secretly visited' UAE during war with Iran,https://www.bbc.com/news/articles/czj2mnwv1ryo,27,Additional reporting by Ella Kipling and Tom McArthur
9,"Contact with pair held in Iran cut off, family says",https://www.bbc.com/news/articles/cewpydlkgq7o,1,"The family of a British couple imprisoned in Iran have claimed that contact has been cut off for more than a week, leaving them ""gravely concerned"" for their wellbeing."
9,"Contact with pair held in Iran cut off, family says",https://www.bbc.com/news/articles/cewpydlkgq7o,2,"Lindsay and Craig Foreman, from East Sussex, were detained by Iranian authorities on suspicion of espionage in January 2025 while travelling the world, which they deny."
9,"Contact with pair held in Iran cut off, family says",https://www.bbc.com/news/articles/cewpydlkgq7o,3,"Their family have claimed that the couple's phone access was cut off in early May, allegedly over a media interview they gave that month."
9,"Contact with pair held in Iran cut off, family says",https://www.bbc.com/news/articles/cewpydlkgq7o,4,"Lindsay's son, Joe Bennett, from Folkestone, Kent, said: ""We simply do not know if my mum and Craig are safe."""
9,"Contact with pair held in Iran cut off, family says",https://www.bbc.com/news/articles/cewpydlkgq7o,5,"Bennett added: ""Craig told us they might have to stop eating if their calls were taken away."""
9,"Contact with pair held in Iran cut off, family says",https://www.bbc.com/news/articles/cewpydlkgq7o,6,"He added that he had not spoken to his mother for more than a week and that every day of silence ""makes it worse""."
9,"Contact with pair held in Iran cut off, family says",https://www.bbc.com/news/articles/cewpydlkgq7o,7,"""We don't know what is happening to them and we are terrified for them,"" he added."
9,"Contact with pair held in Iran cut off, family says",https://www.bbc.com/news/articles/cewpydlkgq7o,8,The couple were on a round-the-world motorcycle trip when they were arrested on suspicion of espionage in January 2025 – charges they deny.
9,"Contact with pair held in Iran cut off, family says",https://www.bbc.com/news/articles/cewpydlkgq7o,9,"The family said that the couple felt ""abandoned"" with no other way to make their voices heard."
9,"Contact with pair held in Iran cut off, family says",https://www.bbc.com/news/articles/cewpydlkgq7o,10,"They said that they were informed that the pair could be placed in solitary confinement and barred from seeing each other, adding that prior to having their communication cut off, Craig Foreman had warned his family that if phone calls were prevented, he and his wife would begin a hunger strike."
9,"Contact with pair held in Iran cut off, family says",https://www.bbc.com/news/articles/cewpydlkgq7o,11,The family said that they were unsure if that action had begun.
9,"Contact with pair held in Iran cut off, family says",https://www.bbc.com/news/articles/cewpydlkgq7o,12,"In November 2025, the couple embarked on a hunger strike to draw attention to their plight."
9,"Contact with pair held in Iran cut off, family says",https://www.bbc.com/news/articles/cewpydlkgq7o,13,The family said that ended when they received written assurances that they would be allowed to see each other and contact their family.
9,"Contact with pair held in Iran cut off, family says",https://www.bbc.com/news/articles/cewpydlkgq7o,14,"Those assurances ""have now been broken"", the family added."
9,"Contact with pair held in Iran cut off, family says",https://www.bbc.com/news/articles/cewpydlkgq7o,15,"The Foreign, Commonwealth & Development Office said Britain's ambassador to Tehran, diplomats and officials in London had been working to provide consular assistance, including the ambassador visiting the couple in prison and facilitating calls with their family back in the UK."
9,"Contact with pair held in Iran cut off, family says",https://www.bbc.com/news/articles/cewpydlkgq7o,16,"""The Foreign Secretary last met the family on 17 March."
9,"Contact with pair held in Iran cut off, family says",https://www.bbc.com/news/articles/cewpydlkgq7o,17,"She set out to them personally how unjustified and appalling we consider Lindsay and Craig's incarceration to be, and the action that the UK Government is taking to try and secure their release,"" a spokesperson said."
9,"Contact with pair held in Iran cut off, family says",https://www.bbc.com/news/articles/cewpydlkgq7o,18,"""We will continue working to ensure that Craig and Lindsay are returned safely to the UK."""
9,"Contact with pair held in Iran cut off, family says",https://www.bbc.com/news/articles/cewpydlkgq7o,19,"Follow BBC Kent on Facebook , on X , and on Instagram ."
9,"Contact with pair held in Iran cut off, family says",https://www.bbc.com/news/articles/cewpydlkgq7o,20,Send your story ideas to southeasttoday@bbc.co.uk or WhatsApp us on 08081 002250.
10,"UK promises jets, drones and warship for Strait of Hormuz defence mission",https://www.bbc.com/news/articles/c5y909grldqo,1,"The UK has said it will contribute drones, fighter jets and a warship to a joint mission aimed at safeguarding shipping in the Strait of Hormuz."
10,"UK promises jets, drones and warship for Strait of Hormuz defence mission",https://www.bbc.com/news/articles/c5y909grldqo,2,Defence minister John Healey announced the package at a virtual summit of defence ministers on Tuesday.
10,"UK promises jets, drones and warship for Strait of Hormuz defence mission",https://www.bbc.com/news/articles/c5y909grldqo,3,"It includes autonomous systems to detect and clear naval mines, drone boats and Typhoon jets for air patrols."
10,"UK promises jets, drones and warship for Strait of Hormuz defence mission",https://www.bbc.com/news/articles/c5y909grldqo,4,"More than 40 other nations are involved in the mission, which Healey said would begin when conditions allow."
10,"UK promises jets, drones and warship for Strait of Hormuz defence mission",https://www.bbc.com/news/articles/c5y909grldqo,5,For months Iran has been controlling the Strait of Hormuz - one of the world's busiest oil shipping channels - in retaliation for US and Israeli attacks.
10,"UK promises jets, drones and warship for Strait of Hormuz defence mission",https://www.bbc.com/news/articles/c5y909grldqo,6,"The US, for its part, has been enforcing a blockade of Iranian ports to exert pressure on Tehran to agree to its terms - a move that has infuriated Iran."
10,"UK promises jets, drones and warship for Strait of Hormuz defence mission",https://www.bbc.com/news/articles/c5y909grldqo,7,"Some 20% of the world's oil and liquefied natural gas uses the crucial waterway, whose blockage has sent prices soaring globally."
10,"UK promises jets, drones and warship for Strait of Hormuz defence mission",https://www.bbc.com/news/articles/c5y909grldqo,8,"A ceasefire has been in place between the US and Iran since April, but US President Donald Trump has said it is on ""massive life support""."
10,"UK promises jets, drones and warship for Strait of Hormuz defence mission",https://www.bbc.com/news/articles/c5y909grldqo,9,Both sides have accused the other of launching attacks in the strait.
10,"UK promises jets, drones and warship for Strait of Hormuz defence mission",https://www.bbc.com/news/articles/c5y909grldqo,10,"More than 1,000 British personnel are already deployed in the region as part of existing defensive operations, including counter-drone teams and fast jet squadrons, the ministry said."
10,"UK promises jets, drones and warship for Strait of Hormuz defence mission",https://www.bbc.com/news/articles/c5y909grldqo,11,The Ministry of Defence said the multinational mission - which was announced last month by the UK and France - is strictly defensive and aimed at restoring confidence for commercial shipping along the Strait of Hormuz.
10,"UK promises jets, drones and warship for Strait of Hormuz defence mission",https://www.bbc.com/news/articles/c5y909grldqo,12,It said the contribution is backed by £115m in new funding for mine-hunting drones and counter-drone systems.
10,"UK promises jets, drones and warship for Strait of Hormuz defence mission",https://www.bbc.com/news/articles/c5y909grldqo,13,"""With our allies, this multinational mission will be defensive, independent, and credible,"" Healey said in a statement."
10,"UK promises jets, drones and warship for Strait of Hormuz defence mission",https://www.bbc.com/news/articles/c5y909grldqo,14,"Under the plan, HMS Dragon - the air defence destroyer that is already on its way to the Middle East - will also ""be ready for any mission"" to secure the strait, the MoD said."
10,"UK promises jets, drones and warship for Strait of Hormuz defence mission",https://www.bbc.com/news/articles/c5y909grldqo,15,"It added that another British ship, the RFA Lyme Bay, continues to be upgraded  with new equipment, if required for operations in the strait."
10,"UK promises jets, drones and warship for Strait of Hormuz defence mission",https://www.bbc.com/news/articles/c5y909grldqo,16,"The announcement comes as Healey offered his support to Sir Keir Starmer, as dozens of Labour MPs called on the prime minister to resign."
10,"UK promises jets, drones and warship for Strait of Hormuz defence mission",https://www.bbc.com/news/articles/c5y909grldqo,17,"In a post on X, Healey said Sir Keir was leading the country through ""conflicts and looming global crises""."
10,"UK promises jets, drones and warship for Strait of Hormuz defence mission",https://www.bbc.com/news/articles/c5y909grldqo,18,"""More instability is not in Britain's interest."
10,"UK promises jets, drones and warship for Strait of Hormuz defence mission",https://www.bbc.com/news/articles/c5y909grldqo,19,"Our full focus now must be on dealing with immediate economic & security challenges,"" he added."
10,"UK promises jets, drones and warship for Strait of Hormuz defence mission",https://www.bbc.com/news/articles/c5y909grldqo,20,"During a cabinet meeting on Tuesday, Sir Keir did not discuss the calls for him to step aside, but instead focused on the impact of the conflict in the Middle East."
10,"UK promises jets, drones and warship for Strait of Hormuz defence mission",https://www.bbc.com/news/articles/c5y909grldqo,21,"A Downing Street spokesperson said ministers ""agreed that number one priority remains getting the Strait of Hormuz open again, so that international shipping can resume""."
10,"UK promises jets, drones and warship for Strait of Hormuz defence mission",https://www.bbc.com/news/articles/c5y909grldqo,22,"Sir Keir's position on the conflict has been that the UK will not be ""dragged"" into it."
10,"UK promises jets, drones and warship for Strait of Hormuz defence mission",https://www.bbc.com/news/articles/c5y909grldqo,23,"He has previously said the UK would not support a US blockade of Iranian ports, which is still in place."
11,Trump says Iran ceasefire is on 'massive life support',https://www.bbc.com/news/articles/cvgznxn18zgo,1,"US President Donald Trump has said the month-long ceasefire between the US and Iran is on ""massive life support""."
11,Trump says Iran ceasefire is on 'massive life support',https://www.bbc.com/news/articles/cvgznxn18zgo,2,"He told reporters in the Oval Office on Monday that while the ceasefire remained in place, it was ""unbelievably weak""."
11,Trump says Iran ceasefire is on 'massive life support',https://www.bbc.com/news/articles/cvgznxn18zgo,3,"Following Trump's comments, Iranian parliamentary speaker Mohammad Ghalibaf wrote on X that Iran's armed forces were, ""ready to respond and to teach a lesson for any aggression."""
11,Trump says Iran ceasefire is on 'massive life support',https://www.bbc.com/news/articles/cvgznxn18zgo,4,Iran laid out its demands to end the war and reopen the Strait of Hormuz in a counter-offer sent to the US on Sunday.
11,Trump says Iran ceasefire is on 'massive life support',https://www.bbc.com/news/articles/cvgznxn18zgo,5,"Trump rejected the proposal, calling it ""totally unacceptable"" and a ""piece of garbage""."
11,Trump says Iran ceasefire is on 'massive life support',https://www.bbc.com/news/articles/cvgznxn18zgo,6,"After Trump's comments, Esmail Baghaei, a foreign ministry spokesperson for Iran, said Tehran's proposals were ""responsible"" and ""generous""."
11,Trump says Iran ceasefire is on 'massive life support',https://www.bbc.com/news/articles/cvgznxn18zgo,7,"After his comments saying Iran's armed forces ready to respond, Ghalibaf said in a separate post on X that there was ""no alternative but to accept the rights of the Iranian people as laid out in the 14-point proposal""."
11,Trump says Iran ceasefire is on 'massive life support',https://www.bbc.com/news/articles/cvgznxn18zgo,8,"""The longer they drag their feet, the more American taxpayers will pay for it,"" he said."
11,Trump says Iran ceasefire is on 'massive life support',https://www.bbc.com/news/articles/cvgznxn18zgo,9,"Tehran's offer includes an immediate end to the war on all fronts - a reference to the continued Israeli attacks against Iran-supported Hezbollah in Lebanon - a halt to the US naval blockade of Iranian ports and guarantees of no further attacks on Iran, according to Iran's semi-official Tasnim news agency."
11,Trump says Iran ceasefire is on 'massive life support',https://www.bbc.com/news/articles/cvgznxn18zgo,10,It also reportedly includes a demand for compensation for war damage and an emphasis on Iranian sovereignty over the Strait of Hormuz.
11,Trump says Iran ceasefire is on 'massive life support',https://www.bbc.com/news/articles/cvgznxn18zgo,11,"Trump criticised the proposal, writing on Truth Social on Sunday: ""I have just read the response from Iran's so-called 'Representatives.'"
11,Trump says Iran ceasefire is on 'massive life support',https://www.bbc.com/news/articles/cvgznxn18zgo,12,"I don't like it - TOTALLY UNACCEPTABLE."""
11,Trump says Iran ceasefire is on 'massive life support',https://www.bbc.com/news/articles/cvgznxn18zgo,13,"In response to Trump's comments, Baghaei said Iran would act ""in any way necessary to secure our interests""."
11,Trump says Iran ceasefire is on 'massive life support',https://www.bbc.com/news/articles/cvgznxn18zgo,14,"Speaking in the Oval Office later on Monday, Trump addressed the ceasefire between the two countries which has largely been observed since April despite occasional exchanges of fire."
11,Trump says Iran ceasefire is on 'massive life support',https://www.bbc.com/news/articles/cvgznxn18zgo,15,"He told reporters: ""I would say the ceasefire is on massive life support... when the doctor walks in and says, 'Sir, your loved one has approximately a 1 percent chance of living'."""
11,Trump says Iran ceasefire is on 'massive life support',https://www.bbc.com/news/articles/cvgznxn18zgo,16,"The US president said Iran's leaders were ""very dishonourable people"", adding: ""Look, I've had to deal with them four or five times - they change their mind."""
11,Trump says Iran ceasefire is on 'massive life support',https://www.bbc.com/news/articles/cvgznxn18zgo,17,"""That piece of garbage they sent us - I didn't even finish reading it,"" he said."
11,Trump says Iran ceasefire is on 'massive life support',https://www.bbc.com/news/articles/cvgznxn18zgo,18,Trump also accused Iran of going back on an agreement to allow the US to remove its supply of enriched uranium.
11,Trump says Iran ceasefire is on 'massive life support',https://www.bbc.com/news/articles/cvgznxn18zgo,19,"He insisted that Iran would ""never have a nuclear weapon""."
11,Trump says Iran ceasefire is on 'massive life support',https://www.bbc.com/news/articles/cvgznxn18zgo,20,"Iran's Tasnim news agency quoted a source close to the negotiating team as saying: ""There is no such thing in Iran's proposal as accepting taking out enriched nuclear material."""
11,Trump says Iran ceasefire is on 'massive life support',https://www.bbc.com/news/articles/cvgznxn18zgo,21,"Earlier this week, Trump repeated that the war in Iran will be ""over quickly""."
11,Trump says Iran ceasefire is on 'massive life support',https://www.bbc.com/news/articles/cvgznxn18zgo,22,"But Israeli Prime Minister Benjamin Netanyahu said that Iran's stockpile of enriched uranium must be ""taken out"" before the war can be considered over."
11,Trump says Iran ceasefire is on 'massive life support',https://www.bbc.com/news/articles/cvgznxn18zgo,23,"""There's still enrichment sites that have to be dismantled,"" Netanyahu said in an interview on CBS's 60 Minutes show."
11,Trump says Iran ceasefire is on 'massive life support',https://www.bbc.com/news/articles/cvgznxn18zgo,24,"US news outlet Axios reported that the initial one-page, 14-point US memorandum includes provisions such as a suspension on Iranian nuclear enrichment, the lifting of sanctions, and restoring free transit through the Strait of Hormuz."
11,Trump says Iran ceasefire is on 'massive life support',https://www.bbc.com/news/articles/cvgznxn18zgo,25,It cited two US officials and two other sources - all unnamed - who it described as briefed on the issues.
11,Trump says Iran ceasefire is on 'massive life support',https://www.bbc.com/news/articles/cvgznxn18zgo,26,These sources were reported as saying that many of the terms laid out in the memo would be contingent on a final agreement being reached.
11,Trump says Iran ceasefire is on 'massive life support',https://www.bbc.com/news/articles/cvgznxn18zgo,27,"Iran has continued to block the Strait of Hormuz, prompting a rise in world oil prices."
11,Trump says Iran ceasefire is on 'massive life support',https://www.bbc.com/news/articles/cvgznxn18zgo,28,Normally about 20% of the world's oil and liquefied natural gas passes through the strait.
11,Trump says Iran ceasefire is on 'massive life support',https://www.bbc.com/news/articles/cvgznxn18zgo,29,"The US, for its part, has been enforcing a blockade of Iranian ports to exert pressure on Tehran to agree to its terms - a move that has infuriated Iran."
11,Trump says Iran ceasefire is on 'massive life support',https://www.bbc.com/news/articles/cvgznxn18zgo,30,Israeli and US forces began massive air strikes on Iran on 28 February.
11,Trump says Iran ceasefire is on 'massive life support',https://www.bbc.com/news/articles/cvgznxn18zgo,31,A ceasefire in the Iran war came into effect last month.
12,Ailing Iranian Nobel laureate given bail and hospital transfer,https://www.bbc.com/news/articles/c1j257w87neo,1,Iranian Nobel Peace Prize winner Narges Mohammadi has been transferred from jail to a Tehran hospital amid concern over her deteriorating health.
12,Ailing Iranian Nobel laureate given bail and hospital transfer,https://www.bbc.com/news/articles/c1j257w87neo,2,"Iranian authorities granted the human rights activist ""a sentence suspension on heavy bail"", a foundation run by her family said on Sunday."
12,Ailing Iranian Nobel laureate given bail and hospital transfer,https://www.bbc.com/news/articles/c1j257w87neo,3,"Her brother, Hamidreza, told the BBC that he was relieved she would now receive adequate treatment from her own medical team."
12,Ailing Iranian Nobel laureate given bail and hospital transfer,https://www.bbc.com/news/articles/c1j257w87neo,4,But he cautioned that the seriousness of her condition was not yet clear.
12,Ailing Iranian Nobel laureate given bail and hospital transfer,https://www.bbc.com/news/articles/c1j257w87neo,5,"Last week, Mohammadi's family and supporters warned she could die in prison after suffering two suspected heart attacks earlier this year."
12,Ailing Iranian Nobel laureate given bail and hospital transfer,https://www.bbc.com/news/articles/c1j257w87neo,6,"The 54-year-old, who is vice-president of the Defenders of Human Rights Center in Iran, was awarded the 2023 Nobel Peace Prize for her activism against female oppression in Iran and promoting human rights."
12,Ailing Iranian Nobel laureate given bail and hospital transfer,https://www.bbc.com/news/articles/c1j257w87neo,7,"After pleas from her family for her to be transferred from prison, Mohammadi was ""now at Tehran Pars Hospital to be treated by her own medical team"", ​the Narges Mohammadi Foundation said in a statement on Sunday evening."
12,Ailing Iranian Nobel laureate given bail and hospital transfer,https://www.bbc.com/news/articles/c1j257w87neo,8,"She had spent 10 days at a hospital in Zanjan, about 265km (165 miles) north-west of the capital, where she was serving her sentence."
12,Ailing Iranian Nobel laureate given bail and hospital transfer,https://www.bbc.com/news/articles/c1j257w87neo,9,"""Narges Mohammadi's life hangs in the balance,"" her Paris-based husband, Taghi Rahmani, said in a statement."
12,Ailing Iranian Nobel laureate given bail and hospital transfer,https://www.bbc.com/news/articles/c1j257w87neo,10,"""While she is currently hospitalised following a catastrophic health failure, a temporary transfer is not enough."
12,Ailing Iranian Nobel laureate given bail and hospital transfer,https://www.bbc.com/news/articles/c1j257w87neo,11,"Narges must never be returned to the conditions that broke her health,"" he added."
12,Ailing Iranian Nobel laureate given bail and hospital transfer,https://www.bbc.com/news/articles/c1j257w87neo,12,"Hamidreza Mohammadi, her Oslo-based brother, told the BBC that the bail provided ""temporary relief from the certain death that Narges faced in the prison""."
12,Ailing Iranian Nobel laureate given bail and hospital transfer,https://www.bbc.com/news/articles/c1j257w87neo,13,"""It's very early stages, so we don't have any precise news about what's going on."
12,Ailing Iranian Nobel laureate given bail and hospital transfer,https://www.bbc.com/news/articles/c1j257w87neo,14,But we trust the doctors that have treated her before.
12,Ailing Iranian Nobel laureate given bail and hospital transfer,https://www.bbc.com/news/articles/c1j257w87neo,15,"The only worry that I have is the permanent damage that has been caused during these days in the prison,"" he said."
12,Ailing Iranian Nobel laureate given bail and hospital transfer,https://www.bbc.com/news/articles/c1j257w87neo,16,"""She has been experiencing very serious symptoms that point in the direction of having developed variant angina,"" he added, referring to a heart condition that happens when a coronary artery supplying blood and oxygen to your heart goes into spasm and suddenly narrows."
12,Ailing Iranian Nobel laureate given bail and hospital transfer,https://www.bbc.com/news/articles/c1j257w87neo,17,"""It might have some life-long repercussions for her health."""
12,Ailing Iranian Nobel laureate given bail and hospital transfer,https://www.bbc.com/news/articles/c1j257w87neo,18,"The activist is believed to have lost about 20kg (three stone) while in prison, and has difficulty speaking and is barely recognisable, according to her lawyer Chirinne Ardakani, who posted a photo of her sitting up in a hospital bed ."
12,Ailing Iranian Nobel laureate given bail and hospital transfer,https://www.bbc.com/news/articles/c1j257w87neo,19,Mohammadi has spent more than a decade of her life in prison.
12,Ailing Iranian Nobel laureate given bail and hospital transfer,https://www.bbc.com/news/articles/c1j257w87neo,20,"In 2021, she began serving a 13-year sentence on charges of committing ""propaganda activity against the state"" and ""collusion against state security"", which she denied."
12,Ailing Iranian Nobel laureate given bail and hospital transfer,https://www.bbc.com/news/articles/c1j257w87neo,21,"In December 2024, she was given a temporary release from Tehran's notorious Evin prison on medical grounds."
12,Ailing Iranian Nobel laureate given bail and hospital transfer,https://www.bbc.com/news/articles/c1j257w87neo,22,"Mohammadi was arrested last December for making ""provocative remarks"" at a memorial ceremony, Iranian authorities said at the time."
12,Ailing Iranian Nobel laureate given bail and hospital transfer,https://www.bbc.com/news/articles/c1j257w87neo,23,Her family said she was taken to hospital after being beaten during the arrest.
12,Ailing Iranian Nobel laureate given bail and hospital transfer,https://www.bbc.com/news/articles/c1j257w87neo,24,"A few weeks later, protests against Iran's clerical establishment swept across the country."
12,Ailing Iranian Nobel laureate given bail and hospital transfer,https://www.bbc.com/news/articles/c1j257w87neo,25,"Thousands of protesters were killed and tens of thousands arrested in an unprecedented crackdown by security forces on the unrest, according to human rights activists."
12,Ailing Iranian Nobel laureate given bail and hospital transfer,https://www.bbc.com/news/articles/c1j257w87neo,26,"In early February, Mohammadi was sentenced by a Revolutionary Court to an additional seven-and-a-half years in prison after being convicted of ""gathering and collusion"" and ""propaganda activities"", her lawyer said."
12,Ailing Iranian Nobel laureate given bail and hospital transfer,https://www.bbc.com/news/articles/c1j257w87neo,27,"Last month, Hamidreza Mohammadi said his sister had been found unconscious by fellow inmates at Zanjan prison after suffering a suspected heart attack."
12,Ailing Iranian Nobel laureate given bail and hospital transfer,https://www.bbc.com/news/articles/c1j257w87neo,28,"The foundation's statement on Sunday said ""a suspension is not enough"" and that the human rights activist requires ""permanent, specialised care""."
12,Ailing Iranian Nobel laureate given bail and hospital transfer,https://www.bbc.com/news/articles/c1j257w87neo,29,"""Now is the time to demand her unconditional freedom and the dismissal of all charges."
12,Ailing Iranian Nobel laureate given bail and hospital transfer,https://www.bbc.com/news/articles/c1j257w87neo,30,"No human and women's rights activists should ever be imprisoned for their peaceful work,"" it read."
12,Ailing Iranian Nobel laureate given bail and hospital transfer,https://www.bbc.com/news/articles/c1j257w87neo,31,"Hamidreza Mohammadi warned that his sister's physical condition was so fragile that any return to prison ""would again cause severe problems for her and eventually her death""."
13,Iran war leads to spike in saffron price,https://www.bbc.com/news/articles/c9v3e4dz97yo,1,London businesses have said the cost of saffron is rising sharply due to the war in Iran.
13,Iran war leads to spike in saffron price,https://www.bbc.com/news/articles/c9v3e4dz97yo,2,Saffron is one of the world's most expensive spices with 90% of the world's supply grown in Iran.
13,Iran war leads to spike in saffron price,https://www.bbc.com/news/articles/c9v3e4dz97yo,3,"Due to the blockade of the Strait of Hormuz , supplies have dwindled, along with staples such as chickpeas and zereshk - a type of dried berry used for flavouring - used widely in many Iranian and Middle Eastern dishes."
13,Iran war leads to spike in saffron price,https://www.bbc.com/news/articles/c9v3e4dz97yo,4,"Dilman Mahmoud, the owner of Persian restaurant Sadaf in west London, said despite the pressures, he was trying to keep his prices the same for customers, while supplier, Moein Tiyari, said he was struggling to buy saffron in bulk."
13,Iran war leads to spike in saffron price,https://www.bbc.com/news/articles/c9v3e4dz97yo,5,"""Any dishes coming out from the [Sadaf] kitchen with rice, there is layer of saffron on the top of it,"" said Mahmoud."
13,Iran war leads to spike in saffron price,https://www.bbc.com/news/articles/c9v3e4dz97yo,6,"He explained that before the Middle East war he was buying saffron at about £1,200 per kilo, but now his supplier told him the cost has risen to about £2,000 to £2,100 per kilo."
13,Iran war leads to spike in saffron price,https://www.bbc.com/news/articles/c9v3e4dz97yo,7,"He added: ""There is no substitute for Iranian saffron."
13,Iran war leads to spike in saffron price,https://www.bbc.com/news/articles/c9v3e4dz97yo,8,"We can't get the same quality, 85% of our dishes require saffron… we use it in marinades for chicken breast and kebabs, and our saffron ice cream."""
13,Iran war leads to spike in saffron price,https://www.bbc.com/news/articles/c9v3e4dz97yo,9,Saffron comes from the Crocus sativus flower which only blooms for a few weeks a year.
13,Iran war leads to spike in saffron price,https://www.bbc.com/news/articles/c9v3e4dz97yo,10,"The stigmas are hand-picked, but there are only three in each flower and it takes between 75,000 and 250,000 flowers to produce half a kilo (about 17 oz) of dried saffron."
13,Iran war leads to spike in saffron price,https://www.bbc.com/news/articles/c9v3e4dz97yo,11,The current Middle East war started in late February when the US and Israel launched strikes on Iran.
13,Iran war leads to spike in saffron price,https://www.bbc.com/news/articles/c9v3e4dz97yo,12,"Tehran responded by striking neighbouring countries and closing the vital shipping route, the Strait of Hormuz ."
13,Iran war leads to spike in saffron price,https://www.bbc.com/news/articles/c9v3e4dz97yo,13,"Mahmoud added: ""We need to increase the prices… we need to pass it to the customers, but I didn't do it."
13,Iran war leads to spike in saffron price,https://www.bbc.com/news/articles/c9v3e4dz97yo,14,I'm still not doing it.
13,Iran war leads to spike in saffron price,https://www.bbc.com/news/articles/c9v3e4dz97yo,15,"""I'm waiting for hopefully [when the war] is finished and we can keep the price as it is, so people can come out and enjoy the atmosphere of the Sadaf restaurant."""
13,Iran war leads to spike in saffron price,https://www.bbc.com/news/articles/c9v3e4dz97yo,16,"Moein Tayari runs Zoetic Ltd, a UK-based saffron supplier that sources produce from farmers in Iran."
13,Iran war leads to spike in saffron price,https://www.bbc.com/news/articles/c9v3e4dz97yo,17,He said the conflict means it is difficult to get product out of the country as there are no flights and so prices have almost doubled.
13,Iran war leads to spike in saffron price,https://www.bbc.com/news/articles/c9v3e4dz97yo,18,Also the Iranian authorities have shut down the internet so e-commerce is not possible.
13,Iran war leads to spike in saffron price,https://www.bbc.com/news/articles/c9v3e4dz97yo,19,"""The region is perfect for planting saffron because one drop of rain can destroy saffron."
13,Iran war leads to spike in saffron price,https://www.bbc.com/news/articles/c9v3e4dz97yo,20,"So loads of sunlight, no rain, are perfect,"" he said."
13,Iran war leads to spike in saffron price,https://www.bbc.com/news/articles/c9v3e4dz97yo,21,"""We are getting calls from some traders in England [asking] if we can provide them with bulk saffron because they can't connect [online] to the Iranian market."
13,Iran war leads to spike in saffron price,https://www.bbc.com/news/articles/c9v3e4dz97yo,22,"""But we can only tell them we have enough for 100g of saffron, or 200g maximum, not more than that."
13,Iran war leads to spike in saffron price,https://www.bbc.com/news/articles/c9v3e4dz97yo,23,"""That won't do them any good, they need more than that,"" said Tiyari."
13,Iran war leads to spike in saffron price,https://www.bbc.com/news/articles/c9v3e4dz97yo,24,Saffron is not the only ingredient under pressure following the outbreak of war in Iran.
13,Iran war leads to spike in saffron price,https://www.bbc.com/news/articles/c9v3e4dz97yo,25,Restaurant owner Mahmoud gets his chickpeas from Iran.
13,Iran war leads to spike in saffron price,https://www.bbc.com/news/articles/c9v3e4dz97yo,26,"""I was buying it at £33 for the box and now it's £46,"" he said."
13,Iran war leads to spike in saffron price,https://www.bbc.com/news/articles/c9v3e4dz97yo,27,"Zereshk, a tart and tangy dried berry often used in Persian rice dishes, has also increased in price."
13,Iran war leads to spike in saffron price,https://www.bbc.com/news/articles/c9v3e4dz97yo,28,"""I was paying £9.50 per kilo (about 35 oz)."
13,Iran war leads to spike in saffron price,https://www.bbc.com/news/articles/c9v3e4dz97yo,29,"Now it's £13 per kilo."""
13,Iran war leads to spike in saffron price,https://www.bbc.com/news/articles/c9v3e4dz97yo,30,"The fragile truce between the US and Iran has come under further strain recently after President Donald Trump dismissed Iran's response to US proposals to end the war and peace talks as ""totally unacceptable""."
13,Iran war leads to spike in saffron price,https://www.bbc.com/news/articles/c9v3e4dz97yo,31,"Iran's semi-official Tasnim news agency said Tehran's proposal, sent via Pakistan as mediator, called for an immediate end to the fighting, a halt to the US naval blockade, guarantees of no further attacks."
13,Iran war leads to spike in saffron price,https://www.bbc.com/news/articles/c9v3e4dz97yo,32,"According to Iranian state media, the proposal also includes compensation for war damage and the assertion of Iranian sovereignty over the Strait of Hormuz."
13,Iran war leads to spike in saffron price,https://www.bbc.com/news/articles/c9v3e4dz97yo,33,"On Sunday, Iranian President Masoud Pezeshkian did not directly reference Tehran's proposal but said: ""We will never bow our heads before the enemy, and if talk of dialogue or negotiation arises, it does not mean surrender or retreat."""
13,Iran war leads to spike in saffron price,https://www.bbc.com/news/articles/c9v3e4dz97yo,34,"Trump rejected the plan in a post on Truth Social, saying he did not like Iran's response."
13,Iran war leads to spike in saffron price,https://www.bbc.com/news/articles/c9v3e4dz97yo,35,"Listen to the best of BBC Radio London on Sounds and follow BBC London on Facebook , X and Instagram ."
13,Iran war leads to spike in saffron price,https://www.bbc.com/news/articles/c9v3e4dz97yo,36,Send your story ideas to hello.bbclondon@bbc.co.uk
14,Trump calls Iran response to US proposal to end war 'totally unacceptable',https://www.bbc.com/news/articles/clypgz9e5pmo,1,"President Donald Trump has dismissed Iran's response to US proposals to end the war as ""totally unacceptable""."
14,Trump calls Iran response to US proposal to end war 'totally unacceptable',https://www.bbc.com/news/articles/clypgz9e5pmo,2,"Iran's semi-official Tasnim news agency said Tehran's proposal, sent via Pakistan, which has served as a mediator, included an immediate end to the war on all fronts, a halt to the US naval blockade of Iranian ports and guarantees of no further attacks on Iran."
14,Trump calls Iran response to US proposal to end war 'totally unacceptable',https://www.bbc.com/news/articles/clypgz9e5pmo,3,"A ceasefire meant to facilitate talks to end the war launched by the US and Israel in February has been largely observed, despite occasional exchanges of fire."
14,Trump calls Iran response to US proposal to end war 'totally unacceptable',https://www.bbc.com/news/articles/clypgz9e5pmo,4,"Earlier this week, Trump repeated that the war in Iran will be ""over quickly"" ."
14,Trump calls Iran response to US proposal to end war 'totally unacceptable',https://www.bbc.com/news/articles/clypgz9e5pmo,5,"But Israeli Prime Minister Benjamin Netanyahu said that Iran's stockpile of enriched uranium must be ""taken out"" before the war against Iran can be considered over."
14,Trump calls Iran response to US proposal to end war 'totally unacceptable',https://www.bbc.com/news/articles/clypgz9e5pmo,6,"""There's still enrichment sites that have to be dismantled,"" Netanyahu said in an interview on CBS's 60 Minutes show."
14,Trump calls Iran response to US proposal to end war 'totally unacceptable',https://www.bbc.com/news/articles/clypgz9e5pmo,7,"According to Iranian state media, Tehran's proposal includes a demand for compensation for war damage and an emphasis on Iranian sovereignty over the Strait of Hormuz."
14,Trump calls Iran response to US proposal to end war 'totally unacceptable',https://www.bbc.com/news/articles/clypgz9e5pmo,8,"On Sunday, Iranian President Masoud Pezeshkian did not directly reference Tehran's proposal but said: ""We will never bow our heads before the enemy, and if talk of dialogue or negotiation arises, it does not mean surrender or retreat."""
14,Trump calls Iran response to US proposal to end war 'totally unacceptable',https://www.bbc.com/news/articles/clypgz9e5pmo,9,"Trump posted on Truth Social: ""I have just read the response from Iran's so-called 'Representatives.'"
14,Trump calls Iran response to US proposal to end war 'totally unacceptable',https://www.bbc.com/news/articles/clypgz9e5pmo,10,"I don't like it - TOTALLY UNACCEPTABLE."""
14,Trump calls Iran response to US proposal to end war 'totally unacceptable',https://www.bbc.com/news/articles/clypgz9e5pmo,11,"US news outlet Axios reported that the one-page, 14-point US memorandum includes provisions such as a suspension on Iranian nuclear enrichment, the lifting of sanctions, and restoring free transit through the Strait of Hormuz."
14,Trump calls Iran response to US proposal to end war 'totally unacceptable',https://www.bbc.com/news/articles/clypgz9e5pmo,12,It cited two US officials and two other sources - all unnamed - whom it described as briefed on the issues.
14,Trump calls Iran response to US proposal to end war 'totally unacceptable',https://www.bbc.com/news/articles/clypgz9e5pmo,13,These sources were reported as saying that many of the terms laid out in the memo would be contingent on a final agreement being reached.
14,Trump calls Iran response to US proposal to end war 'totally unacceptable',https://www.bbc.com/news/articles/clypgz9e5pmo,14,"Iran has continued to block the strategic strait, prompting a rise in world oil prices ."
14,Trump calls Iran response to US proposal to end war 'totally unacceptable',https://www.bbc.com/news/articles/clypgz9e5pmo,15,Normally about 20% of the world's oil and liquefied natural gas passes through the strait.
14,Trump calls Iran response to US proposal to end war 'totally unacceptable',https://www.bbc.com/news/articles/clypgz9e5pmo,16,"The US, for its part, has been enforcing a blockade of Iranian ports to exert pressure on Tehran to agree to its terms - a move that has infuriated Iran."
14,Trump calls Iran response to US proposal to end war 'totally unacceptable',https://www.bbc.com/news/articles/clypgz9e5pmo,17,Israeli and US forces began massive air strikes on Iran on 28 February.
14,Trump calls Iran response to US proposal to end war 'totally unacceptable',https://www.bbc.com/news/articles/clypgz9e5pmo,18,A ceasefire in the Iran war came into effect last month.
14,Trump calls Iran response to US proposal to end war 'totally unacceptable',https://www.bbc.com/news/articles/clypgz9e5pmo,19,"In his CBS interview, Netanyahu also said he wanted to ""draw down to zero"" American financial support for Israel's military."
14,Trump calls Iran response to US proposal to end war 'totally unacceptable',https://www.bbc.com/news/articles/clypgz9e5pmo,20,"""We receive $3.8 billion a year."
14,Trump calls Iran response to US proposal to end war 'totally unacceptable',https://www.bbc.com/news/articles/clypgz9e5pmo,21,"And I think that it's time that we weaned ourselves from the remaining military support,"" he said, adding: ""Let's start now and do it over the next decade."""
14,Trump calls Iran response to US proposal to end war 'totally unacceptable',https://www.bbc.com/news/articles/clypgz9e5pmo,22,Iran has warned its neighbours about complying with US sanctions.
14,Trump calls Iran response to US proposal to end war 'totally unacceptable',https://www.bbc.com/news/articles/clypgz9e5pmo,23,"Military spokesman Mohammad Akraminia said vessels passing through the Strait of Hormuz would face ""severe consequences"" if they did not co-operate with Tehran first, Irna news agency reported."
14,Trump calls Iran response to US proposal to end war 'totally unacceptable',https://www.bbc.com/news/articles/clypgz9e5pmo,24,"Akraminia said Americans ""will never be able to turn this vast expanse in the northern Indian Ocean into a real blockade by covering it with their fleet""."
14,Trump calls Iran response to US proposal to end war 'totally unacceptable',https://www.bbc.com/news/articles/clypgz9e5pmo,25,"The US has a significant military presence across the Gulf, with bases in Qatar, Bahrain, Kuwait, the UAE, Saudi Arabia and Oman."
14,Trump calls Iran response to US proposal to end war 'totally unacceptable',https://www.bbc.com/news/articles/clypgz9e5pmo,26,"It was announced on Saturday that the British Royal Navy was sending a warship to the Middle East, where it could join an international mission to safeguard shipping in the Strait of Hormuz."
14,Trump calls Iran response to US proposal to end war 'totally unacceptable',https://www.bbc.com/news/articles/clypgz9e5pmo,27,"UK Prime Minister Sir Keir Starmer, who together with French President Emmanuel Macron is championing the shipping mission, has said it would only take place once fighting in the region ends."
14,Trump calls Iran response to US proposal to end war 'totally unacceptable',https://www.bbc.com/news/articles/clypgz9e5pmo,28,"In response, Iran on Sunday warned of a ""decisive and immediate response"" to any French or British deployments in the strait."
14,Trump calls Iran response to US proposal to end war 'totally unacceptable',https://www.bbc.com/news/articles/clypgz9e5pmo,29,"Macron then said that France had ""never envisaged"" a naval deployment but rather a security mission that would be ""co-ordinated with Iran""."
14,Trump calls Iran response to US proposal to end war 'totally unacceptable',https://www.bbc.com/news/articles/clypgz9e5pmo,30,Iran has also retaliated against Arab allies of the US in the Gulf.
14,Trump calls Iran response to US proposal to end war 'totally unacceptable',https://www.bbc.com/news/articles/clypgz9e5pmo,31,"The UK's Maritime Trade Operations Centre (UKMTO) - which monitors international shipping routes - said a bulk carrier had been ""hit by an unknown projectile"" about 23 nautical miles (43km) north-east of Doha in Qatar, causing a small fire but no casualties."
14,Trump calls Iran response to US proposal to end war 'totally unacceptable',https://www.bbc.com/news/articles/clypgz9e5pmo,32,"Iran's Fars news agency later cited an unidentified source as saying that the vessel had been ""sailing under the US flag and belonged to the United States""."
14,Trump calls Iran response to US proposal to end war 'totally unacceptable',https://www.bbc.com/news/articles/clypgz9e5pmo,33,"Also on Sunday, Kuwait said drones had entered its airspace and that the military had ""dealt with them""."
14,Trump calls Iran response to US proposal to end war 'totally unacceptable',https://www.bbc.com/news/articles/clypgz9e5pmo,34,"Hours later, the UAE said its air defences had intercepted two drones coming from Iran."
14,Trump calls Iran response to US proposal to end war 'totally unacceptable',https://www.bbc.com/news/articles/clypgz9e5pmo,35,Defence ministers from more than 40 nations will meet on Monday to discuss UK-led plans to protect shipping in the strait.
14,Trump calls Iran response to US proposal to end war 'totally unacceptable',https://www.bbc.com/news/articles/clypgz9e5pmo,36,"John Healey and his French counterpart Catherine Vautrin will co-chair the meeting, where the coalition partners are expected to outline how they might police maritime traffic once hostilities cease."
14,Trump calls Iran response to US proposal to end war 'totally unacceptable',https://www.bbc.com/news/articles/clypgz9e5pmo,37,"Trump wrote in a Truth Social post on 6 May that if Iran did not agree to a deal, ""the bombing starts, and it will be, sadly, at a much higher level and intensity than it was before""."
14,Trump calls Iran response to US proposal to end war 'totally unacceptable',https://www.bbc.com/news/articles/clypgz9e5pmo,38,Follow the twists and turns of Trump's second term with North America correspondent Anthony Zurcher's weekly US Politics Unspun newsletter.
14,Trump calls Iran response to US proposal to end war 'totally unacceptable',https://www.bbc.com/news/articles/clypgz9e5pmo,39,Readers in the UK can sign up here .
14,Trump calls Iran response to US proposal to end war 'totally unacceptable',https://www.bbc.com/news/articles/clypgz9e5pmo,40,Those outside the UK can sign up here .
15,Iranian activist tells BBC how fear of war restarting intensifies trauma of repression,https://www.bbc.com/news/articles/c1m2ee3jxvro,1,These days and nights she stays at home in Tehran.
15,Iranian activist tells BBC how fear of war restarting intensifies trauma of repression,https://www.bbc.com/news/articles/c1m2ee3jxvro,2,Waiting.
15,Iranian activist tells BBC how fear of war restarting intensifies trauma of repression,https://www.bbc.com/news/articles/c1m2ee3jxvro,3,For the sound of aircraft.
15,Iranian activist tells BBC how fear of war restarting intensifies trauma of repression,https://www.bbc.com/news/articles/c1m2ee3jxvro,4,Bombs.
15,Iranian activist tells BBC how fear of war restarting intensifies trauma of repression,https://www.bbc.com/news/articles/c1m2ee3jxvro,5,For news or no news of friends in detention.
15,Iranian activist tells BBC how fear of war restarting intensifies trauma of repression,https://www.bbc.com/news/articles/c1m2ee3jxvro,6,Shirin - not her real name - is constantly anxious.
15,Iranian activist tells BBC how fear of war restarting intensifies trauma of repression,https://www.bbc.com/news/articles/c1m2ee3jxvro,7,She is showing signs of post-traumatic stress disorder.
15,Iranian activist tells BBC how fear of war restarting intensifies trauma of repression,https://www.bbc.com/news/articles/c1m2ee3jxvro,8,Her left hand is no longer fully functional.
15,Iranian activist tells BBC how fear of war restarting intensifies trauma of repression,https://www.bbc.com/news/articles/c1m2ee3jxvro,9,"""Whenever I hear a disturbing sound, my body reacts involuntarily."
15,Iranian activist tells BBC how fear of war restarting intensifies trauma of repression,https://www.bbc.com/news/articles/c1m2ee3jxvro,10,The psychological pressure that entered my mind has numbed this part of my left hand.
15,Iranian activist tells BBC how fear of war restarting intensifies trauma of repression,https://www.bbc.com/news/articles/c1m2ee3jxvro,11,It doesn't work.
15,Iranian activist tells BBC how fear of war restarting intensifies trauma of repression,https://www.bbc.com/news/articles/c1m2ee3jxvro,12,"I still have anxiety that the war might start again, and that is a terrifying thing."""
15,Iranian activist tells BBC how fear of war restarting intensifies trauma of repression,https://www.bbc.com/news/articles/c1m2ee3jxvro,13,"On the streets the regime stages shows of strength, including parades by women driving jeeps mounted with heavy machine guns, others with automatic rifles."
15,Iranian activist tells BBC how fear of war restarting intensifies trauma of repression,https://www.bbc.com/news/articles/c1m2ee3jxvro,14,The BBC uses trusted sources inside Iran to speak with those whose voices are silenced by the regime.
15,Iranian activist tells BBC how fear of war restarting intensifies trauma of repression,https://www.bbc.com/news/articles/c1m2ee3jxvro,15,As a political activist living under severe repression Shirin suffers a feeling of helplessness.
15,Iranian activist tells BBC how fear of war restarting intensifies trauma of repression,https://www.bbc.com/news/articles/c1m2ee3jxvro,16,"""Things [have] happened that we could do nothing about — for example, the execution of those arrested during the January uprising."
15,Iranian activist tells BBC how fear of war restarting intensifies trauma of repression,https://www.bbc.com/news/articles/c1m2ee3jxvro,17,"The executions happened and the detainees were hanged… we have now lost the streets."""
15,Iranian activist tells BBC how fear of war restarting intensifies trauma of repression,https://www.bbc.com/news/articles/c1m2ee3jxvro,18,She listens for the sound of cars pulling up outside.
15,Iranian activist tells BBC how fear of war restarting intensifies trauma of repression,https://www.bbc.com/news/articles/c1m2ee3jxvro,19,The knock on the door.
15,Iranian activist tells BBC how fear of war restarting intensifies trauma of repression,https://www.bbc.com/news/articles/c1m2ee3jxvro,20,The phone call summoning her to interrogation.
15,Iranian activist tells BBC how fear of war restarting intensifies trauma of repression,https://www.bbc.com/news/articles/c1m2ee3jxvro,21,"When they've come for you once already, the fear never goes away."
15,Iranian activist tells BBC how fear of war restarting intensifies trauma of repression,https://www.bbc.com/news/articles/c1m2ee3jxvro,22,The first time she was on the phone to her mother when the car pulled up beside her on the street.
15,Iranian activist tells BBC how fear of war restarting intensifies trauma of repression,https://www.bbc.com/news/articles/c1m2ee3jxvro,23,"It was back in 2024 during the long fallout from the ""Woman, Life, Freedom"" protest movement after the death in custody of 22-year-old Mahsa Amini, arrested by the Morality Police for allegedly not wearing her hijab properly."
15,Iranian activist tells BBC how fear of war restarting intensifies trauma of repression,https://www.bbc.com/news/articles/c1m2ee3jxvro,24,A man and a young woman got out and stood in front of Shirin.
15,Iranian activist tells BBC how fear of war restarting intensifies trauma of repression,https://www.bbc.com/news/articles/c1m2ee3jxvro,25,"""I said 'yes'."
15,Iranian activist tells BBC how fear of war restarting intensifies trauma of repression,https://www.bbc.com/news/articles/c1m2ee3jxvro,26,"I told my mother I would call her back later and hung up."""
15,Iranian activist tells BBC how fear of war restarting intensifies trauma of repression,https://www.bbc.com/news/articles/c1m2ee3jxvro,27,They had been in the middle of talking about finding food for their evening meal.
15,Iranian activist tells BBC how fear of war restarting intensifies trauma of repression,https://www.bbc.com/news/articles/c1m2ee3jxvro,28,As a political activist Shirin understood what was happening.
15,Iranian activist tells BBC how fear of war restarting intensifies trauma of repression,https://www.bbc.com/news/articles/c1m2ee3jxvro,29,The couple confronting her were secret police.
15,Iranian activist tells BBC how fear of war restarting intensifies trauma of repression,https://www.bbc.com/news/articles/c1m2ee3jxvro,30,"""I asked: 'What do you want?"""
15,Iranian activist tells BBC how fear of war restarting intensifies trauma of repression,https://www.bbc.com/news/articles/c1m2ee3jxvro,31,"They said, 'You are under arrest.'"""
15,Iranian activist tells BBC how fear of war restarting intensifies trauma of repression,https://www.bbc.com/news/articles/c1m2ee3jxvro,32,Moments later she was inside the car and the young woman challenged her for not wearing a headscarf.
15,Iranian activist tells BBC how fear of war restarting intensifies trauma of repression,https://www.bbc.com/news/articles/c1m2ee3jxvro,33,There was a scuffle.
15,Iranian activist tells BBC how fear of war restarting intensifies trauma of repression,https://www.bbc.com/news/articles/c1m2ee3jxvro,34,"""She said, 'Put on your headscarf.'"
15,Iranian activist tells BBC how fear of war restarting intensifies trauma of repression,https://www.bbc.com/news/articles/c1m2ee3jxvro,35,She tried to force the headscarf on me.
15,Iranian activist tells BBC how fear of war restarting intensifies trauma of repression,https://www.bbc.com/news/articles/c1m2ee3jxvro,36,I said: 'You shouldn't touch my headscarf.'
15,Iranian activist tells BBC how fear of war restarting intensifies trauma of repression,https://www.bbc.com/news/articles/c1m2ee3jxvro,37,"I pulled her hand down."""
15,Iranian activist tells BBC how fear of war restarting intensifies trauma of repression,https://www.bbc.com/news/articles/c1m2ee3jxvro,38,Shirin was interrogated but eventually released after signing a statement agreeing to public silence for two months on pain of solitary confinement.
15,Iranian activist tells BBC how fear of war restarting intensifies trauma of repression,https://www.bbc.com/news/articles/c1m2ee3jxvro,39,Breaking that pledge would mean going straight to jail.
15,Iranian activist tells BBC how fear of war restarting intensifies trauma of repression,https://www.bbc.com/news/articles/c1m2ee3jxvro,40,If Shirin were to be arrested today it's highly unlikely she would be offered a choice.
15,Iranian activist tells BBC how fear of war restarting intensifies trauma of repression,https://www.bbc.com/news/articles/c1m2ee3jxvro,41,"According to Human Rights Watch (HRW), ""detainees, many of whom never should have been detained in the first place, are facing human rights violations, serious injury, and death."""
15,Iranian activist tells BBC how fear of war restarting intensifies trauma of repression,https://www.bbc.com/news/articles/c1m2ee3jxvro,42,"Activists estimate that more than 50,000 people have been arrested since the most recent anti-regime protests in January."
15,Iranian activist tells BBC how fear of war restarting intensifies trauma of repression,https://www.bbc.com/news/articles/c1m2ee3jxvro,43,Many of those are being held incommunicado.
15,Iranian activist tells BBC how fear of war restarting intensifies trauma of repression,https://www.bbc.com/news/articles/c1m2ee3jxvro,44,The repression has intensified since the war began in February.
15,Iranian activist tells BBC how fear of war restarting intensifies trauma of repression,https://www.bbc.com/news/articles/c1m2ee3jxvro,45,There are repeated and credible allegations of torture.
15,Iranian activist tells BBC how fear of war restarting intensifies trauma of repression,https://www.bbc.com/news/articles/c1m2ee3jxvro,46,"A report issued by HRW last month quoted the words of a senior Iranian police commander, Ahmadreza Radan, who warned: ""We will not deem anyone who takes to the streets at the will of the enemies as a protester or anything else, but as the enemy [itself] and will [thus] treat them in the same manner that we would treat the enemy."""
15,Iranian activist tells BBC how fear of war restarting intensifies trauma of repression,https://www.bbc.com/news/articles/c1m2ee3jxvro,47,Shirin has lost her job because of her anti-regime stance.
15,Iranian activist tells BBC how fear of war restarting intensifies trauma of repression,https://www.bbc.com/news/articles/c1m2ee3jxvro,48,Some work colleagues blamed her and other activists for the Israeli American attack on Iran.
15,Iranian activist tells BBC how fear of war restarting intensifies trauma of repression,https://www.bbc.com/news/articles/c1m2ee3jxvro,49,"None of this has dampened her opposition to the regime, but her feelings about the war have changed."
15,Iranian activist tells BBC how fear of war restarting intensifies trauma of repression,https://www.bbc.com/news/articles/c1m2ee3jxvro,50,"""I was very happy when the regime's military personnel were killed."
15,Iranian activist tells BBC how fear of war restarting intensifies trauma of repression,https://www.bbc.com/news/articles/c1m2ee3jxvro,51,"But when civilians were killed, I fell apart — especially when I saw they had hit a half-finished, newly built building by the side of the street, and 25 people died in it."
15,Iranian activist tells BBC how fear of war restarting intensifies trauma of repression,https://www.bbc.com/news/articles/c1m2ee3jxvro,52,A one-year-old child lost his mother.
15,Iranian activist tells BBC how fear of war restarting intensifies trauma of repression,https://www.bbc.com/news/articles/c1m2ee3jxvro,53,"That affected me deeply."""
15,Iranian activist tells BBC how fear of war restarting intensifies trauma of repression,https://www.bbc.com/news/articles/c1m2ee3jxvro,54,The combination of state repression and the US Israeli bombing campaign has deepened Iran's already profound mental health crisis.
15,Iranian activist tells BBC how fear of war restarting intensifies trauma of repression,https://www.bbc.com/news/articles/c1m2ee3jxvro,55,The Iranian Red Crescent reports tens of thousands of calls to its helplines since the start of the conflict.
15,Iranian activist tells BBC how fear of war restarting intensifies trauma of repression,https://www.bbc.com/news/articles/c1m2ee3jxvro,56,"With attacks on 18 medical facilities reported by the World Health Organization, an already under-resourced system is struggling to deal with a wave of psychological problems."
15,Iranian activist tells BBC how fear of war restarting intensifies trauma of repression,https://www.bbc.com/news/articles/c1m2ee3jxvro,57,A medic at one Tehran hospital who spoke with the BBC described the anguish of people suffering with conflict related trauma.
15,Iranian activist tells BBC how fear of war restarting intensifies trauma of repression,https://www.bbc.com/news/articles/c1m2ee3jxvro,58,"""As soon as you ask 'how are you feeling?"
15,Iranian activist tells BBC how fear of war restarting intensifies trauma of repression,https://www.bbc.com/news/articles/c1m2ee3jxvro,59,"', the patient starts crying."
15,Iranian activist tells BBC how fear of war restarting intensifies trauma of repression,https://www.bbc.com/news/articles/c1m2ee3jxvro,60,And we have one psychologist who only comes one day a week because they haven't signed a contract with him.
15,Iranian activist tells BBC how fear of war restarting intensifies trauma of repression,https://www.bbc.com/news/articles/c1m2ee3jxvro,61,"Only one day a week for a population [in the area] of 26,000 people?"
15,Iranian activist tells BBC how fear of war restarting intensifies trauma of repression,https://www.bbc.com/news/articles/c1m2ee3jxvro,62,"I never thought everything would slip out of our hands like this."""
15,Iranian activist tells BBC how fear of war restarting intensifies trauma of repression,https://www.bbc.com/news/articles/c1m2ee3jxvro,63,Shirin worries about a suspended prison sentence which the secret police could invoke at any time.
15,Iranian activist tells BBC how fear of war restarting intensifies trauma of repression,https://www.bbc.com/news/articles/c1m2ee3jxvro,64,"""They might enforce it,"" she says."
15,Iranian activist tells BBC how fear of war restarting intensifies trauma of repression,https://www.bbc.com/news/articles/c1m2ee3jxvro,65,"Like many activists the BBC has heard from in recent weeks, Shirin expects repression to intensify if the war ends with the regime still in place."
15,Iranian activist tells BBC how fear of war restarting intensifies trauma of repression,https://www.bbc.com/news/articles/c1m2ee3jxvro,66,"""It is clear that the pressure and suppression against personal freedoms will intensify… But these hardships can be endured so that Iran remains standing."
15,Iranian activist tells BBC how fear of war restarting intensifies trauma of repression,https://www.bbc.com/news/articles/c1m2ee3jxvro,67,"I told my mother: 'It's okay, I'll even accept prison, but let Iran remain'."""
16,Rising fuel costs hit London's air ambulance,https://www.bbc.com/news/articles/cx21ge89ldvo,1,"London's Air Ambulance Service charity has said it is facing financial strain since its fuel costs have doubled, as a result of the conflict in the Middle East."
16,Rising fuel costs hit London's air ambulance,https://www.bbc.com/news/articles/cx21ge89ldvo,2,"The charity warns that if no resolution is found, they will need to find new funding."
16,Rising fuel costs hit London's air ambulance,https://www.bbc.com/news/articles/cx21ge89ldvo,3,"Captain Chris Sherriff, a pilot with the service, said: ""As a charity we rely on donations, we use those donations to fund various projects and obviously at the current moment we're having to use that to actually fund the fuel."""
16,Rising fuel costs hit London's air ambulance,https://www.bbc.com/news/articles/cx21ge89ldvo,4,"The government told the BBC: ""The UK remains well stocked for all fuel types."
16,Rising fuel costs hit London's air ambulance,https://www.bbc.com/news/articles/cx21ge89ldvo,5,"We continue to work with suppliers to make sure people keep moving and businesses are supported while the conflict is ongoing."""
16,Rising fuel costs hit London's air ambulance,https://www.bbc.com/news/articles/cx21ge89ldvo,6,"Sherriff said he hoped the fuel situation would not lead to a reduction in the life-saving service the charity provides, and said he hoped it would not ""get to that point""."
16,Rising fuel costs hit London's air ambulance,https://www.bbc.com/news/articles/cx21ge89ldvo,7,"Fuel prices surged when the US-Israel war with Iran began in February , with the production and transportation of energy across the Middle East slowing or stopping entirely due to missile strikes and drone attacks."
16,Rising fuel costs hit London's air ambulance,https://www.bbc.com/news/articles/cx21ge89ldvo,8,Motorists across the UK have seen steep price increases at fuel pumps too.
16,Rising fuel costs hit London's air ambulance,https://www.bbc.com/news/articles/cx21ge89ldvo,9,"The cost of filling a typical family car with petrol has increased by about £14, and with diesel £27."
16,Rising fuel costs hit London's air ambulance,https://www.bbc.com/news/articles/cx21ge89ldvo,10,The London Air Ambulance charity said it had seen a 116% increase in average fuel prices from 89p a litre in February to £1.93 in April.
16,Rising fuel costs hit London's air ambulance,https://www.bbc.com/news/articles/cx21ge89ldvo,11,"Sherriff said the air ambulance used 250l of fuel every hour of flight, which he described as ""a large amount""."
16,Rising fuel costs hit London's air ambulance,https://www.bbc.com/news/articles/cx21ge89ldvo,12,"He said the cost had become ""significant""."
16,Rising fuel costs hit London's air ambulance,https://www.bbc.com/news/articles/cx21ge89ldvo,13,Other charities have told the BBC that the rising costs of fuel is affecting their ability to function normally.
16,Rising fuel costs hit London's air ambulance,https://www.bbc.com/news/articles/cx21ge89ldvo,14,"Rachel Ledwith, from The Felix Project, a charity which distributes food in the capital, said the team were facing ""difficult choices""."
16,Rising fuel costs hit London's air ambulance,https://www.bbc.com/news/articles/cx21ge89ldvo,15,"""We've got 800 organisations on our wait list - can we afford to take any of those on when our fuel costs are going up,?"""
16,Rising fuel costs hit London's air ambulance,https://www.bbc.com/news/articles/cx21ge89ldvo,16,Ledwith asked.
16,Rising fuel costs hit London's air ambulance,https://www.bbc.com/news/articles/cx21ge89ldvo,17,Serv Surrey and London Blood Bikes said its fuel costs had increased 36% since the beginning of the ongoing conflict.
16,Rising fuel costs hit London's air ambulance,https://www.bbc.com/news/articles/cx21ge89ldvo,18,"Katie Stevens, vice chairwoman of the charity, which transports blood products, medical supplies as well as donated breast milk, said: ""The unknown long-term impact is concerning."""
16,Rising fuel costs hit London's air ambulance,https://www.bbc.com/news/articles/cx21ge89ldvo,19,"But, she added: ""We have measures in place to ensure that we can still sustain a consistent service to our hospitals in these uncertain times."""
16,Rising fuel costs hit London's air ambulance,https://www.bbc.com/news/articles/cx21ge89ldvo,20,"Listen to the best of BBC Radio London on Sounds and follow BBC London on Facebook , X and Instagram ."
16,Rising fuel costs hit London's air ambulance,https://www.bbc.com/news/articles/cx21ge89ldvo,21,Send your story ideas to hello.bbclondon@bbc.co.uk
17,Iran accuses US of 'reckless military adventure',https://www.bbc.com/news/articles/c99lpn9ze8ro,1,"Iran's Foreign Minister Abbas Araghchi has accused the US of opting for a ""reckless military adventure"" every time a ""diplomatic solution is on the table""."
17,Iran accuses US of 'reckless military adventure',https://www.bbc.com/news/articles/c99lpn9ze8ro,2,"Iranians would ""never bow to pressure"", Araghchi said in a post on X, a day after each side accused the other of launching attacks in the Strait of Hormuz and as the US fired on more Iranian vessels."
17,Iran accuses US of 'reckless military adventure',https://www.bbc.com/news/articles/c99lpn9ze8ro,3,"Despite the clashes, Trump said the ceasefire was intact."
17,Iran accuses US of 'reckless military adventure',https://www.bbc.com/news/articles/c99lpn9ze8ro,4,It is meant to enable talks to end the war that the US and Israel launched in February.
17,Iran accuses US of 'reckless military adventure',https://www.bbc.com/news/articles/c99lpn9ze8ro,5,"Iran was expected to respond to US proposals on Friday, according to US Secretary of State Marco Rubio."
17,Iran accuses US of 'reckless military adventure',https://www.bbc.com/news/articles/c99lpn9ze8ro,6,"""I hope it's a serious offer, I really do,"" Rubio said during a visit to Italy."
17,Iran accuses US of 'reckless military adventure',https://www.bbc.com/news/articles/c99lpn9ze8ro,7,Iran has been controlling the Strait of Hormuz as well as attacking US allies in the Gulf in retaliation for the US and Israeli attacks.
17,Iran accuses US of 'reckless military adventure',https://www.bbc.com/news/articles/c99lpn9ze8ro,8,Some 20% of the world's oil and liquefied natural gas uses the crucial waterway whose blockage has sent prices soaring.
17,Iran accuses US of 'reckless military adventure',https://www.bbc.com/news/articles/c99lpn9ze8ro,9,"Early this week, Trump launched - and then paused - a US military operation to help free some 2,000 vessels which have been stranded in the area since February."
17,Iran accuses US of 'reckless military adventure',https://www.bbc.com/news/articles/c99lpn9ze8ro,10,The US is also maintaining a naval blockade of Iranian ports in order to exert pressure on Tehran to agree to the US terms - a move that has angered Tehran.
17,Iran accuses US of 'reckless military adventure',https://www.bbc.com/news/articles/c99lpn9ze8ro,11,"On Friday, US Central Command (Centcom) said US forces had disabled two Iranian-flagged unladen oil tankers attempting to pull into an Iranian port on the Gulf of Oman ""in violation of the ongoing US blockade""."
17,Iran accuses US of 'reckless military adventure',https://www.bbc.com/news/articles/c99lpn9ze8ro,12,"US forces had fired ""precision munitions into their smokestacks, preventing the non-compliant ships from entering Iran,"" the statement said."
17,Iran accuses US of 'reckless military adventure',https://www.bbc.com/news/articles/c99lpn9ze8ro,13,Centcom said US forces were preventing more than 70 tankers from entering or leaving Iranian ports.
17,Iran accuses US of 'reckless military adventure',https://www.bbc.com/news/articles/c99lpn9ze8ro,14,Later on Friday the US signalled its readiness to host a new round of Israel-Lebanon talks next week aimed at halting the clashes in Lebanon between Iranian-backed Hezbollah and Israeli forces.
17,Iran accuses US of 'reckless military adventure',https://www.bbc.com/news/articles/c99lpn9ze8ro,15,"A spokesperson for the US State Department said the ""intensive"" talks on 14 and 15 May would aim to deliver ""lasting security for Israel, and sovereignty and reconstruction for Lebanon""."
17,Iran accuses US of 'reckless military adventure',https://www.bbc.com/news/articles/c99lpn9ze8ro,16,"The US and Israel say any peace deal requires full disarmament of Hezbollah, but the Shia militant group rejects the talks, which began between the Israeli and Lebanese ambassadors in Washington last month."
17,Iran accuses US of 'reckless military adventure',https://www.bbc.com/news/articles/c99lpn9ze8ro,17,"A fragile ceasefire was agreed, but has been repeatedly broken by Israel and Hezbollah."
17,Iran accuses US of 'reckless military adventure',https://www.bbc.com/news/articles/c99lpn9ze8ro,18,"Meanwhile, US Vice-President JD Vance met Qatar's Prime Minister Sheikh Mohammed bin Abdulrahman Al Thani in Washington on Friday to discuss Pakistan's mediation efforts between the US and Iran."
17,Iran accuses US of 'reckless military adventure',https://www.bbc.com/news/articles/c99lpn9ze8ro,19,"The Qatari PM urged all parties to engage with the negotiations to address the ""root causes of the crisis"" and achieve ""lasting peace"", a statement on X from the country's foreign ministry read."
17,Iran accuses US of 'reckless military adventure',https://www.bbc.com/news/articles/c99lpn9ze8ro,20,"The latest US attacks on Iranian targets followed Thursday's exchanges in the Strait of Hormuz, which both sides blamed on each other."
17,Iran accuses US of 'reckless military adventure',https://www.bbc.com/news/articles/c99lpn9ze8ro,21,"Centcom accused Iran of launching missiles, drones and small boats against three of its warships, in what it called an ""unprovoked attack""."
17,Iran accuses US of 'reckless military adventure',https://www.bbc.com/news/articles/c99lpn9ze8ro,22,"Iran's top military command, meanwhile, alleged the US had targeted an Iranian oil tanker and another vessel approaching the Strait of Hormuz and carried out ""aerial attacks"" on several coastal areas."
17,Iran accuses US of 'reckless military adventure',https://www.bbc.com/news/articles/c99lpn9ze8ro,23,"One of the cargo vessels attacked near the waters of Minab had caught fire, according to Mohammad Radmehr, an official in the southern Hormozgan province."
17,Iran accuses US of 'reckless military adventure',https://www.bbc.com/news/articles/c99lpn9ze8ro,24,"""Ten injured sailors have been transferred to hospital, and local groups and search teams are trying to learn the fate of the other sailors,"" Radmehr told Iranian state news agency Mehr."
17,Iran accuses US of 'reckless military adventure',https://www.bbc.com/news/articles/c99lpn9ze8ro,25,"US President Donald Trump posted to Truth Social overnight that the US had destroyed multiple small boats, missiles and drones, adding that ""great damage"" was ""done to the Iranian attackers""."
17,Iran accuses US of 'reckless military adventure',https://www.bbc.com/news/articles/c99lpn9ze8ro,26,"""Just like we knocked them out again today, we'll knock them out a lot harder, and a lot more violently, in the future, if they don't get their Deal signed, FAST!"""
17,Iran accuses US of 'reckless military adventure',https://www.bbc.com/news/articles/c99lpn9ze8ro,27,Additional reporting by Ottilie Mitchell
18,Trump says US-Iran ceasefire still in place after exchange of fire in Strait of Hormuz,https://www.bbc.com/news/articles/c626zyywxjno,1,"US President Donald Trump says a ceasefire is still in place with Iran, despite a clash between Iran and US naval destroyers in the Strait of Hormuz for which both sides blamed the other."
18,Trump says US-Iran ceasefire still in place after exchange of fire in Strait of Hormuz,https://www.bbc.com/news/articles/c626zyywxjno,2,"The US said Iran launched missiles, drones and small boats against three of its warships, in what it called an ""unprovoked attack""."
18,Trump says US-Iran ceasefire still in place after exchange of fire in Strait of Hormuz,https://www.bbc.com/news/articles/c626zyywxjno,3,"Trump said Iran ""trifled with us today""."
18,Trump says US-Iran ceasefire still in place after exchange of fire in Strait of Hormuz,https://www.bbc.com/news/articles/c626zyywxjno,4,"Iran's top military command, meanwhile, alleged the US had targeted an Iranian oil tanker and another vessel approaching the Strait of Hormuz and carried out ""aerial attacks"" on several coastal areas."
18,Trump says US-Iran ceasefire still in place after exchange of fire in Strait of Hormuz,https://www.bbc.com/news/articles/c626zyywxjno,5,The flare-up comes a day after Iran's foreign ministry had said it was considering a US proposal to end the war.
18,Trump says US-Iran ceasefire still in place after exchange of fire in Strait of Hormuz,https://www.bbc.com/news/articles/c626zyywxjno,6,"In a further sign of the fragility of the ceasefire, early on Friday the United Arab Emirates' Ministry of Defence said its air defences were ""actively engaging"" with a missile and drone attack from Iran."
18,Trump says US-Iran ceasefire still in place after exchange of fire in Strait of Hormuz,https://www.bbc.com/news/articles/c626zyywxjno,7,"The ministry later said two ballistic missiles and three UAVs had been launched from Iran, resulting in three “moderate injuries”."
18,Trump says US-Iran ceasefire still in place after exchange of fire in Strait of Hormuz,https://www.bbc.com/news/articles/c626zyywxjno,8,"Iranian state media initially reported ""explosions"" in the Strait of Hormuz on Friday, describing them as an ""exchange of fire"" with the ""enemy""."
18,Trump says US-Iran ceasefire still in place after exchange of fire in Strait of Hormuz,https://www.bbc.com/news/articles/c626zyywxjno,9,"Meanwhile, local media  reported explosions were heard in Tehran."
18,Trump says US-Iran ceasefire still in place after exchange of fire in Strait of Hormuz,https://www.bbc.com/news/articles/c626zyywxjno,10,"Not long after, a statement from Iran's top military command said US ""aerial attacks"" struck the coasts of Bandar Khamir, Sirik and Qeshm Island."
18,Trump says US-Iran ceasefire still in place after exchange of fire in Strait of Hormuz,https://www.bbc.com/news/articles/c626zyywxjno,11,"It said it responded immediately by attacking US military vessels, inflicting ""significant damage"", and accused the US of a ""violation of the ceasefire""."
18,Trump says US-Iran ceasefire still in place after exchange of fire in Strait of Hormuz,https://www.bbc.com/news/articles/c626zyywxjno,12,"US Central Command (Centcom) described the Iranian attacks as ""unprovoked"", saying Iranian forces launched ""multiple missiles, drones and small boats"" as US Navy guided-missile destroyers transited through the strait."
18,Trump says US-Iran ceasefire still in place after exchange of fire in Strait of Hormuz,https://www.bbc.com/news/articles/c626zyywxjno,13,"Centcom said it had ""eliminated inbound threats and targeted Iranian military facilities responsible for attacking US forces, including missile and drone launch sites; command and control locations; and intelligence, surveillance and reconnaissance nodes."""
18,Trump says US-Iran ceasefire still in place after exchange of fire in Strait of Hormuz,https://www.bbc.com/news/articles/c626zyywxjno,14,"""Centcom does not seek escalation but remains positioned and ready to protect American forces,"" the statement continued."
18,Trump says US-Iran ceasefire still in place after exchange of fire in Strait of Hormuz,https://www.bbc.com/news/articles/c626zyywxjno,15,"Posting on Truth Social, Trump said that the US had destroyed multiple small boats, missiles and drones, adding that ""great damage"" was ""done to the Iranian attackers""."
18,Trump says US-Iran ceasefire still in place after exchange of fire in Strait of Hormuz,https://www.bbc.com/news/articles/c626zyywxjno,16,"The US president also reiterated a warning over the peace deal: ""Just like we knocked them out again today, we'll knock them out a lot harder, and a lot more violently, in the future, if they don't get their Deal signed, FAST!"""
18,Trump says US-Iran ceasefire still in place after exchange of fire in Strait of Hormuz,https://www.bbc.com/news/articles/c626zyywxjno,17,"In a statement on X, Iranian Foreign Minister Abbas Araghchi said: “Every time a diplomatic solution is on the table, the US opts for a reckless military adventure.” He added: “Whatever the causes, the outcome is the same: Iranians never bow to pressure and diplomacy is always the victim.” An Israeli source told the BBC there was ""no Israeli involvement"" in the latest attacks."
18,Trump says US-Iran ceasefire still in place after exchange of fire in Strait of Hormuz,https://www.bbc.com/news/articles/c626zyywxjno,18,"The increase in tensions comes despite the US president saying in recent days that the war in Iran will be ""over quickly""."
18,Trump says US-Iran ceasefire still in place after exchange of fire in Strait of Hormuz,https://www.bbc.com/news/articles/c626zyywxjno,19,"US news outlet Axios had said that the White House believes it could be closing in on a 14-point memorandum of understanding with Iran , which could set a framework for more detailed nuclear negotiations."
18,Trump says US-Iran ceasefire still in place after exchange of fire in Strait of Hormuz,https://www.bbc.com/news/articles/c626zyywxjno,20,"On Wednesday, an Iranian foreign ministry spokesman said the latest US proposal was being considered and that Tehran would share its views with Pakistani mediators."
18,Trump says US-Iran ceasefire still in place after exchange of fire in Strait of Hormuz,https://www.bbc.com/news/articles/c626zyywxjno,21,"Pakistan's foreign minister said his country was ""endeavouring to convert this ceasefire into a permanent end to this war""."
18,Trump says US-Iran ceasefire still in place after exchange of fire in Strait of Hormuz,https://www.bbc.com/news/articles/c626zyywxjno,22,"But a senior member of Iran's parliament has dismissed the 14-point memorandum of understanding as a ""wish list""."
18,Trump says US-Iran ceasefire still in place after exchange of fire in Strait of Hormuz,https://www.bbc.com/news/articles/c626zyywxjno,23,"The spokesperson of the Iranian parliament's national security and foreign policy commission, Ebrahim Rezaei, wrote on X that Iran ""has its finger on the trigger"", warning Iran would ""deliver a harsh and regret-inducing response"" if the US did not ""surrender and grant necessary conditions""."
18,Trump says US-Iran ceasefire still in place after exchange of fire in Strait of Hormuz,https://www.bbc.com/news/articles/c626zyywxjno,24,Both the US and Iran have threatened an escalation in violence if their respective conditions for a peace deal aren't met.
18,Trump says US-Iran ceasefire still in place after exchange of fire in Strait of Hormuz,https://www.bbc.com/news/articles/c626zyywxjno,25,"In a Truth Social post on 6 May, Trump wrote that if Iran did not agree to a deal ""the bombing starts, and it will be, sadly, at a much higher level and intensity than it was before""."
18,Trump says US-Iran ceasefire still in place after exchange of fire in Strait of Hormuz,https://www.bbc.com/news/articles/c626zyywxjno,26,"Trump had previously said Operation Epic Fury - the initial US-Israeli offensive in Iran - would come to an end ""assuming Iran agrees to give what has been agreed to""."
18,Trump says US-Iran ceasefire still in place after exchange of fire in Strait of Hormuz,https://www.bbc.com/news/articles/c626zyywxjno,27,"Prior to this statement, US Secretary of State Marco Rubio had said the operation was over and had achieved its objectives."
18,Trump says US-Iran ceasefire still in place after exchange of fire in Strait of Hormuz,https://www.bbc.com/news/articles/c626zyywxjno,28,"Trump also said, not for the first time, that Iran had agreed to never have a nuclear weapon ""among other things"" - a claim that has not been confirmed by Tehran."
18,Trump says US-Iran ceasefire still in place after exchange of fire in Strait of Hormuz,https://www.bbc.com/news/articles/c626zyywxjno,29,Iran's nuclear programme has been one of the key sticking points between the two sides.
19,Air ambulances in South hit by rising fuel costs,https://www.bbc.com/news/articles/c5ye07k7ep1o,1,Air ambulance charities across the south of England have warned that rising fuel costs are putting pressure on their services.
19,Air ambulances in South hit by rising fuel costs,https://www.bbc.com/news/articles/c5ye07k7ep1o,2,"The price of aviation fuel has risen sharply since the start of the current conflict in the Middle East, increasing the cost of running helicopters and response vehicles."
19,Air ambulances in South hit by rising fuel costs,https://www.bbc.com/news/articles/c5ye07k7ep1o,3,"Services in Hampshire, the Thames Valley and Dorset say they are facing rising costs and potential supply concerns."
19,Air ambulances in South hit by rising fuel costs,https://www.bbc.com/news/articles/c5ye07k7ep1o,4,"The government said the UK remained ""well stocked for all fuel types"" and it was continuing to work with suppliers while the conflict continues."
19,Air ambulances in South hit by rising fuel costs,https://www.bbc.com/news/articles/c5ye07k7ep1o,5,"Hampshire and Isle of Wight Air Ambulance said its fuel costs had risen by about 50%, adding around £10,000 a month to its bills."
19,Air ambulances in South hit by rising fuel costs,https://www.bbc.com/news/articles/c5ye07k7ep1o,6,"Chief executive Richard Corbett said the charity had so far been able to absorb the increase using reserves, but warned that it could not continue indefinitely."
19,Air ambulances in South hit by rising fuel costs,https://www.bbc.com/news/articles/c5ye07k7ep1o,7,He said the organisation was also concerned about fuel supply.
19,Air ambulances in South hit by rising fuel costs,https://www.bbc.com/news/articles/c5ye07k7ep1o,8,Corbett said air ambulance charities were not currently treated in the same way as police or fire services when it came to supply - which he would like to see change.
19,Air ambulances in South hit by rising fuel costs,https://www.bbc.com/news/articles/c5ye07k7ep1o,9,"He added that the charity would ""do everything"" it could to avoid cutting services, but that supply shortages would present a significant challenge."
19,Air ambulances in South hit by rising fuel costs,https://www.bbc.com/news/articles/c5ye07k7ep1o,10,"The service is preparing to move to its new base at Southampton Airport , which he said should reduce flying and driving times and help lower costs."
19,Air ambulances in South hit by rising fuel costs,https://www.bbc.com/news/articles/c5ye07k7ep1o,11,"Thames Valley Air Ambulance said it had secured a fixed annual fuel price for its helicopter, protecting it from immediate price increases."
19,Air ambulances in South hit by rising fuel costs,https://www.bbc.com/news/articles/c5ye07k7ep1o,12,"However, it said fuel costs for its critical care response vehicles were rising, with an increase of £152 a week."
19,Air ambulances in South hit by rising fuel costs,https://www.bbc.com/news/articles/c5ye07k7ep1o,13,"A spokesperson said the vehicles were called out around seven times a day, meaning the additional cost was significant."
19,Air ambulances in South hit by rising fuel costs,https://www.bbc.com/news/articles/c5ye07k7ep1o,14,"""To put that in context, a drugs bag full of advanced medications costs £135, so this money is vital to our work saving real lives in the community,"" they said."
19,Air ambulances in South hit by rising fuel costs,https://www.bbc.com/news/articles/c5ye07k7ep1o,15,"Dorset and Somerset Air Ambulance said the current fuel situation was a concern, as reliable and affordable access was essential to maintaining operations."
19,Air ambulances in South hit by rising fuel costs,https://www.bbc.com/news/articles/c5ye07k7ep1o,16,"The charity said any sustained rise in fuel costs, or disruption to supply, would place additional pressure on charitable funds and service delivery."
19,Air ambulances in South hit by rising fuel costs,https://www.bbc.com/news/articles/c5ye07k7ep1o,17,"Air Ambulances UK, which represents the country's 21 air ambulance charities, is in discussions with the government about fuel resilience and prioritisation."
19,Air ambulances in South hit by rising fuel costs,https://www.bbc.com/news/articles/c5ye07k7ep1o,18,"A government spokesperson said: ""Air Ambulance charities are a lifeline to thousands in communities across the country and we thank and celebrate the extraordinary volunteers that keep these essential services flying every day."
19,Air ambulances in South hit by rising fuel costs,https://www.bbc.com/news/articles/c5ye07k7ep1o,19,"""The UK remains well stocked for all fuel types."
19,Air ambulances in South hit by rising fuel costs,https://www.bbc.com/news/articles/c5ye07k7ep1o,20,"We continue to work with suppliers to make sure people keep moving and businesses are supported while the conflict is ongoing."""
19,Air ambulances in South hit by rising fuel costs,https://www.bbc.com/news/articles/c5ye07k7ep1o,21,"Peter Burch, from Hampshire, is just one example of the lifesaving work carried out by air ambulance charities."
19,Air ambulances in South hit by rising fuel costs,https://www.bbc.com/news/articles/c5ye07k7ep1o,22,A crew from Wiltshire and Bath Air Ambulance came to his aid when he was seriously injured in a motorbike crash near Salisbury in 2015.
19,Air ambulances in South hit by rising fuel costs,https://www.bbc.com/news/articles/c5ye07k7ep1o,23,"Burch suffered a partially severed left arm, 26 broken bones, a collapsed lung, and extensive bruising and bleeding."
19,Air ambulances in South hit by rising fuel costs,https://www.bbc.com/news/articles/c5ye07k7ep1o,24,He was flown to Southampton General Hospital in six minutes - a journey that would have taken about an hour by road.
19,Air ambulances in South hit by rising fuel costs,https://www.bbc.com/news/articles/c5ye07k7ep1o,25,"""The six-minute flight is the only reason I am alive,"" he said."
19,Air ambulances in South hit by rising fuel costs,https://www.bbc.com/news/articles/c5ye07k7ep1o,26,Burch now works as a fundraiser for the same charity that saved him.
19,Air ambulances in South hit by rising fuel costs,https://www.bbc.com/news/articles/c5ye07k7ep1o,27,"He said: ""You don't know when you walk out your front door that morning exactly what is going to happen."
19,Air ambulances in South hit by rising fuel costs,https://www.bbc.com/news/articles/c5ye07k7ep1o,28,"It could be something as simple as tripping over... it could be a car accident... ""That is why supporting air ambulances across the UK is vitally important."""
20,Iran considering US proposal as Trump says war will be 'over quickly',https://www.bbc.com/news/articles/cj0pq2q8221o,1,"US President Donald Trump has predicted that the war in Iran will be ""over quickly"" and says that most people ""understand"" his goal of ending Tehran's nuclear ambitions."
20,Iran considering US proposal as Trump says war will be 'over quickly',https://www.bbc.com/news/articles/cj0pq2q8221o,2,"His comments come after Iran said a US proposal to end the war is ""still being considered""."
20,Iran considering US proposal as Trump says war will be 'over quickly',https://www.bbc.com/news/articles/cj0pq2q8221o,3,"US news outlet Axios reported that the White House believes it could be closing in on a 14-point memorandum of understanding with Iran, which could set a framework for more detailed nuclear negotiations."
20,Iran considering US proposal as Trump says war will be 'over quickly',https://www.bbc.com/news/articles/cj0pq2q8221o,4,"A senior member of Iran's parliament has dismissed it as a ""wish list"", while a foreign ministry spokesman said Tehran would share its views of a US proposal with Pakistani mediators."
20,Iran considering US proposal as Trump says war will be 'over quickly',https://www.bbc.com/news/articles/cj0pq2q8221o,5,"Pakistan's foreign minister said his country was ""endeavouring to convert this ceasefire into a permanent end to this war""."
20,Iran considering US proposal as Trump says war will be 'over quickly',https://www.bbc.com/news/articles/cj0pq2q8221o,6,"In its report , Axios describes the memorandum as a one-page, 14-point memo which could set a framework for more detailed nuclear negotiations."
20,Iran considering US proposal as Trump says war will be 'over quickly',https://www.bbc.com/news/articles/cj0pq2q8221o,7,"Among the provisions it lists are a suspension on Iranian nuclear enrichment, the lifting of sanctions, and restoring free transit through the Strait of Hormuz."
20,Iran considering US proposal as Trump says war will be 'over quickly',https://www.bbc.com/news/articles/cj0pq2q8221o,8,It cites two US officials and two other sources - all unnamed - whom it describes as briefed on the issues.
20,Iran considering US proposal as Trump says war will be 'over quickly',https://www.bbc.com/news/articles/cj0pq2q8221o,9,These sources are reported as saying that many of the terms laid out in the memo would be contingent on a final agreement being reached.
20,Iran considering US proposal as Trump says war will be 'over quickly',https://www.bbc.com/news/articles/cj0pq2q8221o,10,"The Reuters news agency reported that two sources briefed on the mediation between the US and Iran had confirmed the information initially reported by Axios, but the proposal has not been publicly outlined."
20,Iran considering US proposal as Trump says war will be 'over quickly',https://www.bbc.com/news/articles/cj0pq2q8221o,11,"Speaking during a virtual campaign event on Wednesday evening, Trump told Republicans in the State of Georgia that he was optimistic that the war would end soon."
20,Iran considering US proposal as Trump says war will be 'over quickly',https://www.bbc.com/news/articles/cj0pq2q8221o,12,He added that most people understood he was right to deny Iran the opportunity to have a nuclear weapon.
20,Iran considering US proposal as Trump says war will be 'over quickly',https://www.bbc.com/news/articles/cj0pq2q8221o,13,"Earlier in the day, the president said the US has had ""very good talks with Iran in the last 24 hours"" and that was deal is possible, emphasising that any hardship caused to Americans - because of high fuel prices - would be short term."
20,Iran considering US proposal as Trump says war will be 'over quickly',https://www.bbc.com/news/articles/cj0pq2q8221o,14,"Ealier, Iranian foreign ministry spokesperson Esmail Baghaei told the Iranian Students' News Agency (ISNA): ""The American proposal is still being reviewed by Iran and after concluding, it will inform the Pakistani side of its opinion."""
20,Iran considering US proposal as Trump says war will be 'over quickly',https://www.bbc.com/news/articles/cj0pq2q8221o,15,"Responding to the Axios report, Ebrahim Rezaei, the spokesperson of the Iranian Parliament's national security and foreign policy commission, wrote on X: ""The Americans will not gain anything in a war they are losing that they have not gained in face-to-face negotiations."""
20,Iran considering US proposal as Trump says war will be 'over quickly',https://www.bbc.com/news/articles/cj0pq2q8221o,16,"He also said Iran ""has its finger on the trigger and is ready"" and warned that if the US did not ""surrender and grant the necessary concessions"", Iran would ""deliver a harsh and regret-inducing response""."
20,Iran considering US proposal as Trump says war will be 'over quickly',https://www.bbc.com/news/articles/cj0pq2q8221o,17,"Trump has threatened renewed violence as well, writing on his Truth Social platform that if Iran did not agree to a deal ""the bombing starts, and it will be, sadly, at a much higher level and intensity than it was before""."
20,Iran considering US proposal as Trump says war will be 'over quickly',https://www.bbc.com/news/articles/cj0pq2q8221o,18,"He also said Operation Epic Fury - the initial US-Israeli offensive in Iran - would come to an end ""assuming Iran agrees to give what has been agreed to""."
20,Iran considering US proposal as Trump says war will be 'over quickly',https://www.bbc.com/news/articles/cj0pq2q8221o,19,That was after US Secretary of State Marco Rubio said the operation was over after achieving its objectives.
20,Iran considering US proposal as Trump says war will be 'over quickly',https://www.bbc.com/news/articles/cj0pq2q8221o,20,"Trump also said, not for the first time, that Iran has agreed to never have a nuclear weapon ""among other things"" - a claim that has not been confirmed by Tehran."
20,Iran considering US proposal as Trump says war will be 'over quickly',https://www.bbc.com/news/articles/cj0pq2q8221o,21,Iran's nuclear programme has been one of the key sticking points between the two sides.
20,Iran considering US proposal as Trump says war will be 'over quickly',https://www.bbc.com/news/articles/cj0pq2q8221o,22,"""They [Iran] want to make a deal."
20,Iran considering US proposal as Trump says war will be 'over quickly',https://www.bbc.com/news/articles/cj0pq2q8221o,23,"We've had very good talks over the last 24 hours and it's very possible that we'll make a deal up there,"" Trump said, adding: ""I think we won."""
20,Iran considering US proposal as Trump says war will be 'over quickly',https://www.bbc.com/news/articles/cj0pq2q8221o,24,"He announced on Tuesday that he was pausing Project Freedom , just days after announcing it."
20,Iran considering US proposal as Trump says war will be 'over quickly',https://www.bbc.com/news/articles/cj0pq2q8221o,25,The operation was meant to help restore the flow of oil and the global economy's eventual return to normalcy by guiding stranded ships out of the Gulf through the Strait of Hormuz.
20,Iran considering US proposal as Trump says war will be 'over quickly',https://www.bbc.com/news/articles/cj0pq2q8221o,26,"Iran has yet to react publicly to the pause but the Iranian Revolutionary Guard Corps (IRGC) alluded to the strait reopening if there is an ""end of the aggressors' threats""."
20,Iran considering US proposal as Trump says war will be 'over quickly',https://www.bbc.com/news/articles/cj0pq2q8221o,27,"The crucial waterway, through which 20% of the world's oil and liquefied natural gas usually passes, has effectively been blockaded by Iran since the US and Israel began attacking it in late February."
20,Iran considering US proposal as Trump says war will be 'over quickly',https://www.bbc.com/news/articles/cj0pq2q8221o,28,"In early April, the US and Iran announced a ceasefire under which Iran ended its drone and missile strikes on Gulf countries including the UAE, but few vessels have been able to transit the strait since then."
20,Iran considering US proposal as Trump says war will be 'over quickly',https://www.bbc.com/news/articles/cj0pq2q8221o,29,"The US also imposed its own blockade on Iranian ports, saying it has stopped dozens of ships."
20,Iran considering US proposal as Trump says war will be 'over quickly',https://www.bbc.com/news/articles/cj0pq2q8221o,30,US Central Command said on Wednesday it had shot at and disabled an Iranian-flagged oil tanker in the Gulf of Oman that was trying to break the blockade.
20,Iran considering US proposal as Trump says war will be 'over quickly',https://www.bbc.com/news/articles/cj0pq2q8221o,31,"Israeli Prime Minister Benjamin Netanyahu said on Wednesday that there was ""full coordination"" between himself and Trump over Iran."
20,Iran considering US proposal as Trump says war will be 'over quickly',https://www.bbc.com/news/articles/cj0pq2q8221o,32,"""There are no surprises."
20,Iran considering US proposal as Trump says war will be 'over quickly',https://www.bbc.com/news/articles/cj0pq2q8221o,33,"We share common goals, and the most important objective is the removal of all enriched material from Iran and the dismantling of Iran's enrichment capabilities,"" he said."
20,Iran considering US proposal as Trump says war will be 'over quickly',https://www.bbc.com/news/articles/cj0pq2q8221o,34,"His comments came after Israel launched its first strike on the Lebanese capital, Beirut , since a ceasefire was agreed in April."
20,Iran considering US proposal as Trump says war will be 'over quickly',https://www.bbc.com/news/articles/cj0pq2q8221o,35,"Netanyahu wrote on social media that forces had targeted a senior Hezbollah commander ""responsible for firing at Israeli settlements and harming IDF [Israel Defense Forces] soldiers""."
20,Iran considering US proposal as Trump says war will be 'over quickly',https://www.bbc.com/news/articles/cj0pq2q8221o,36,"Hezbollah, an Iranian-backed militia and political party, began striking Israel in early March in retaliation for its attacks on Iran."
20,Iran considering US proposal as Trump says war will be 'over quickly',https://www.bbc.com/news/articles/cj0pq2q8221o,37,"Despite the ceasefire agreement, Israel and Hezbollah have continued with their attacks, accusing each other of violations."
20,Iran considering US proposal as Trump says war will be 'over quickly',https://www.bbc.com/news/articles/cj0pq2q8221o,38,"Most of Israel's air strikes have hit southern Lebanon, while Hezbollah has carried out attacks on Israeli troops in Lebanon and northern Israel with rockets and drones."
21,Trump's hopes for an Iran peace deal come with caveats,https://www.bbc.com/news/articles/cvgzp74rvj5o,1,"Donald Trump's pause on a short-lived ""Project Freedom"" to guide ships through the Strait of Hormuz, as he claimed progress had been made towards clinching a ""Complete and Final Agreement"" with Iran, soothed oil markets and sent hopes soaring of a breakthrough."
21,Trump's hopes for an Iran peace deal come with caveats,https://www.bbc.com/news/articles/cvgzp74rvj5o,2,But expectations were soon tempered by the US president himself.
21,Trump's hopes for an Iran peace deal come with caveats,https://www.bbc.com/news/articles/cvgzp74rvj5o,3,"Iran said on Wednesday it was reviewing a new proposal from Washington, after US media cited unnamed American officials as saying that the two sides were closing in on a one-page memorandum to end the war in the Gulf."
21,Trump's hopes for an Iran peace deal come with caveats,https://www.bbc.com/news/articles/cvgzp74rvj5o,4,"A source close to mediators in Pakistan told Reuters news agency: ""We will close this very soon."
21,Trump's hopes for an Iran peace deal come with caveats,https://www.bbc.com/news/articles/cvgzp74rvj5o,5,"We are getting close."""
21,Trump's hopes for an Iran peace deal come with caveats,https://www.bbc.com/news/articles/cvgzp74rvj5o,6,"But hours after posting on Truth Social on Tuesday evening that he was suspending Project Freedom to see whether ""the Agreement can be finalized and signed"", Trump abruptly changed tone."
21,Trump's hopes for an Iran peace deal come with caveats,https://www.bbc.com/news/articles/cvgzp74rvj5o,7,"He said on Wednesday morning that an Iran deal was a ""big assumption"" and if it was not agreed, bombing at ""a much higher level and intensity than it was before"" would resume."
21,Trump's hopes for an Iran peace deal come with caveats,https://www.bbc.com/news/articles/cvgzp74rvj5o,8,"The president's threat came less than 24 hours after US Secretary of State Marco Rubio said at the White House that Operation Epic Fury, the American-led military strikes on Iran, was over."
21,Trump's hopes for an Iran peace deal come with caveats,https://www.bbc.com/news/articles/cvgzp74rvj5o,9,"Later on Wednesday morning, Trump expressed optimism in a brief telephone call with PBS about an Iran deal, while acknowledging it had previously proven elusive."
21,Trump's hopes for an Iran peace deal come with caveats,https://www.bbc.com/news/articles/cvgzp74rvj5o,10,"""I felt that way before with them,"" he said."
21,Trump's hopes for an Iran peace deal come with caveats,https://www.bbc.com/news/articles/cvgzp74rvj5o,11,"""So we'll see what happens."""
21,Trump's hopes for an Iran peace deal come with caveats,https://www.bbc.com/news/articles/cvgzp74rvj5o,12,"Trump also told PBS it was ""unlikely"" he would send US envoys for a second round of Iran peace talks in the Pakistani capital Islamabad."
21,Trump's hopes for an Iran peace deal come with caveats,https://www.bbc.com/news/articles/cvgzp74rvj5o,13,"Axios and Reuters had reported that Washington and Tehran were inching closer to a one-page, 14-point memorandum to end the war."
21,Trump's hopes for an Iran peace deal come with caveats,https://www.bbc.com/news/articles/cvgzp74rvj5o,14,"The plan would reportedly aim to bring hostilities to a close, which would then be followed by discussions to unblock the Strait of Hormuz, lift sanctions and curb Iran's nuclear ambitions."
21,Trump's hopes for an Iran peace deal come with caveats,https://www.bbc.com/news/articles/cvgzp74rvj5o,15,But Axios also reported scepticism among some US officials about a deal and who would even approve such an agreement among the factions in Iran's leadership.
21,Trump's hopes for an Iran peace deal come with caveats,https://www.bbc.com/news/articles/cvgzp74rvj5o,16,"Iranian parliamentarian Ebrahim Rezaei, a spokesperson for Iran's National Security and Foreign Policy Commission, wrote on X that the 14 points reported by Axios amounted to a US ""wish list""."
21,Trump's hopes for an Iran peace deal come with caveats,https://www.bbc.com/news/articles/cvgzp74rvj5o,17,"He added that Iran ""has its finger on the trigger and is ready"" if the Americans did not ""grant the necessary concessions""."
21,Trump's hopes for an Iran peace deal come with caveats,https://www.bbc.com/news/articles/cvgzp74rvj5o,18,"In the US, foreign policy experts injected a note of caution, too."
21,Trump's hopes for an Iran peace deal come with caveats,https://www.bbc.com/news/articles/cvgzp74rvj5o,19,"""Clearly, the administration thinks a deal is possible, given the way they publicly rolled out Project Freedom only to suddenly pause it hours later,"" Grant Rumley, a former Middle East policy adviser to both the Biden and Trump administrations, told the BBC."
21,Trump's hopes for an Iran peace deal come with caveats,https://www.bbc.com/news/articles/cvgzp74rvj5o,20,"""But we have been here before, and we've seen negotiations collapse at the last minute for a variety of reasons,"" added Rumley, now a fellow at the Washington Institute for Near East Policy."
21,Trump's hopes for an Iran peace deal come with caveats,https://www.bbc.com/news/articles/cvgzp74rvj5o,21,Trump has repeatedly suggested a deal was close since a ceasefire was announced on 7 April.
21,Trump's hopes for an Iran peace deal come with caveats,https://www.bbc.com/news/articles/cvgzp74rvj5o,22,"On 17 April, he told CBS that Iran had ""agreed to everything"" and would allow the US to remove its enriched uranium – a claim officials in Tehran rejected outright."
21,Trump's hopes for an Iran peace deal come with caveats,https://www.bbc.com/news/articles/cvgzp74rvj5o,23,"In the White House on Wednesday, Trump again maintained: ""They want to make a deal, they want to negotiate."""
21,Trump's hopes for an Iran peace deal come with caveats,https://www.bbc.com/news/articles/cvgzp74rvj5o,24,"""And we'll see whether or not they are agreeing,"" he added."
21,Trump's hopes for an Iran peace deal come with caveats,https://www.bbc.com/news/articles/cvgzp74rvj5o,25,"Even if a one-page memorandum was agreed upon, Rumley said that it was ""highly unlikely"" that it would solve all the issues, particularly given the highly technical aspects of an agreement on Iran's nuclear materials."
21,Trump's hopes for an Iran peace deal come with caveats,https://www.bbc.com/news/articles/cvgzp74rvj5o,26,"During the Obama administration, it took over 20 months for the finer details of a deal on Iran's nuclear programme to be ironed out."
21,Trump's hopes for an Iran peace deal come with caveats,https://www.bbc.com/news/articles/cvgzp74rvj5o,27,"Shipping experts said that Project Freedom, which was announced on Sunday, had a limited impact in its opening hours, with only a handful of ships passing through the strait."
21,Trump's hopes for an Iran peace deal come with caveats,https://www.bbc.com/news/articles/cvgzp74rvj5o,28,"Ali Vaez, Iran project director for the International Crisis Group think tank, told the BBC the Iranian response to the operation - which included shooting at ships and launching attacks on targets in the UAE - probably persuaded Trump it was ""not going to solve the problem""."
21,Trump's hopes for an Iran peace deal come with caveats,https://www.bbc.com/news/articles/cvgzp74rvj5o,29,"""There is no real policy process in this administration,"" he said."
21,Trump's hopes for an Iran peace deal come with caveats,https://www.bbc.com/news/articles/cvgzp74rvj5o,30,"""The president makes decisions based on impulse more than process, therefore there are inconsistencies that happen all the time."""
21,Trump's hopes for an Iran peace deal come with caveats,https://www.bbc.com/news/articles/cvgzp74rvj5o,31,"Mick Mulroy, a former assistant undersecretary of defence for the Middle East at the Pentagon, said any link between pausing Project Freedom and a possible peace deal remains murky."
21,Trump's hopes for an Iran peace deal come with caveats,https://www.bbc.com/news/articles/cvgzp74rvj5o,32,"""It's unclear if the pause in Project Freedom was because of this one-page memorandum or because the 1,500 ships currently stuck behind the [Strait of Hormuz] wouldn't transit even with the US security umbrella,"" he said."
21,Trump's hopes for an Iran peace deal come with caveats,https://www.bbc.com/news/articles/cvgzp74rvj5o,33,"""Iran is likely trying to determine that as well."""
21,Trump's hopes for an Iran peace deal come with caveats,https://www.bbc.com/news/articles/cvgzp74rvj5o,34,Follow the twists and turns of Trump's second term with North America correspondent Anthony Zurcher's weekly US Politics Unspun newsletter.
21,Trump's hopes for an Iran peace deal come with caveats,https://www.bbc.com/news/articles/cvgzp74rvj5o,35,Readers in the UK can sign up here .
21,Trump's hopes for an Iran peace deal come with caveats,https://www.bbc.com/news/articles/cvgzp74rvj5o,36,Those outside the UK can sign up here .
22,Trump pauses Hormuz plan 50 hours after he announced it - what happened?,https://www.bbc.com/news/articles/cd6p5q2dx1po,1,US President Donald Trump has said the military operation to guide stranded merchant ships through the Strait of Hormuz will be paused just two days after he announced it.
22,Trump pauses Hormuz plan 50 hours after he announced it - what happened?,https://www.bbc.com/news/articles/cd6p5q2dx1po,2,"Trump declared on Sunday that ""Project Freedom"" would begin the next morning in an attempt to unblock the crucial waterway which Tehran has effectively closed since the start of the US-Israel war with Iran."
22,Trump pauses Hormuz plan 50 hours after he announced it - what happened?,https://www.bbc.com/news/articles/cd6p5q2dx1po,3,Iran's threats to ships using the strait - through which some 20% of the world's oil and gas flows - has led to large increases in the oil price and fears for the global economy.
22,Trump pauses Hormuz plan 50 hours after he announced it - what happened?,https://www.bbc.com/news/articles/cd6p5q2dx1po,4,"But 50 hours later the president posted that the mission was being put on hold ""for a short period of time""."
22,Trump pauses Hormuz plan 50 hours after he announced it - what happened?,https://www.bbc.com/news/articles/cd6p5q2dx1po,5,"His decision came on the same day his defence secretary had declared the US was ""leading with strength, clarity and purpose for the benefit of the entire world""."
22,Trump pauses Hormuz plan 50 hours after he announced it - what happened?,https://www.bbc.com/news/articles/cd6p5q2dx1po,6,"BBC Verify has put together a timeline of what happened during the two days of ""Project Freedom""."
22,Trump pauses Hormuz plan 50 hours after he announced it - what happened?,https://www.bbc.com/news/articles/cd6p5q2dx1po,7,"""For the good of Iran, the Middle East, and the United States, we have told these Countries that we will guide their Ships safely out of these restricted Waterways, so that they can freely and ably get on with their business,"" Trump posted on his Truth Social social media platform at 21:35 BST (20:35 GMT)."
22,Trump pauses Hormuz plan 50 hours after he announced it - what happened?,https://www.bbc.com/news/articles/cd6p5q2dx1po,8,"""I have told my Representatives to inform them that we will use best efforts to get their Ships and Crews safely out of the Strait."""
22,Trump pauses Hormuz plan 50 hours after he announced it - what happened?,https://www.bbc.com/news/articles/cd6p5q2dx1po,9,"According to the Baltic and International Maritime Council shipping association some 1,000 vessels with around 20,000 seafarers on board are currently stranded in the region."
22,Trump pauses Hormuz plan 50 hours after he announced it - what happened?,https://www.bbc.com/news/articles/cd6p5q2dx1po,10,"Trump said the ""humanitarian gesture"" would start on ""Monday morning Middle East time""."
22,Trump pauses Hormuz plan 50 hours after he announced it - what happened?,https://www.bbc.com/news/articles/cd6p5q2dx1po,11,"""I am fully aware that my Representatives are having very positive discussions with the Country of Iran, and that these discussions could lead to something very positive for all,"" he added."
22,Trump pauses Hormuz plan 50 hours after he announced it - what happened?,https://www.bbc.com/news/articles/cd6p5q2dx1po,12,"Just after midnight UK time on Monday, the US military's Central Command (Centcom) posted that its forces ""will begin supporting Project Freedom, 4 May, to restore freedom of navigation for commercial shipping through the Strait of Hormuz""."
22,Trump pauses Hormuz plan 50 hours after he announced it - what happened?,https://www.bbc.com/news/articles/cd6p5q2dx1po,13,"Centcom said ""Project Freedom"" would involve guided-missile destroyers, more than 100 land and sea-based aircraft, and 15,000 service personnel."
22,Trump pauses Hormuz plan 50 hours after he announced it - what happened?,https://www.bbc.com/news/articles/cd6p5q2dx1po,14,"According to UKMTO - the British military's operation tracking threats to shipping in the Middle East - the US was advising vessels to pass through a ""security area"" off the Oman coast."
22,Trump pauses Hormuz plan 50 hours after he announced it - what happened?,https://www.bbc.com/news/articles/cd6p5q2dx1po,15,"Later that day, Centcom posted: ""As a first step, two US-flagged merchant vessels have successfully transited through the Strait of Hormuz and are safely headed on their journey."""
22,Trump pauses Hormuz plan 50 hours after he announced it - what happened?,https://www.bbc.com/news/articles/cd6p5q2dx1po,16,"And according to Trump, during the first day of the operation the US military struck seven Iranian ""fast boats"" in the strait - a claim disputed by Iranian media."
22,Trump pauses Hormuz plan 50 hours after he announced it - what happened?,https://www.bbc.com/news/articles/cd6p5q2dx1po,17,The Tasnim news agency reported military sources saying that two small cargo vessels had been hit killing five civilians.
22,Trump pauses Hormuz plan 50 hours after he announced it - what happened?,https://www.bbc.com/news/articles/cd6p5q2dx1po,18,On Monday the UAE's foreign ministry reported a tanker affiliated with Adnoc - its state-owned oil company - was hit in the Strait of Hormuz and South Korea reported an explosion on one of its ships anchored just off the UAE.
22,Trump pauses Hormuz plan 50 hours after he announced it - what happened?,https://www.bbc.com/news/articles/cd6p5q2dx1po,19,"A fire also broke out at the oil port of Fujairah after what the UAE said was an Iranian attack, which Iran denied."
22,Trump pauses Hormuz plan 50 hours after he announced it - what happened?,https://www.bbc.com/news/articles/cd6p5q2dx1po,20,"US Defence Secretary Pete Hegseth and Chairman of the Joint Chiefs General Dan Caine focused on ""Project Freedom"" at a Pentagon news conference on Tuesday."
22,Trump pauses Hormuz plan 50 hours after he announced it - what happened?,https://www.bbc.com/news/articles/cd6p5q2dx1po,21,"""Hundreds more ships from nations around the world are lining up to transit"", Hegseth said, while Caine added: ""Merchant vessels have transited and we anticipate more to transit over the coming days."""
22,Trump pauses Hormuz plan 50 hours after he announced it - what happened?,https://www.bbc.com/news/articles/cd6p5q2dx1po,22,"Neither offered an exact timeline for how long the project would last, but Hegseth said it was ""focused in scope and temporary in duration""."
22,Trump pauses Hormuz plan 50 hours after he announced it - what happened?,https://www.bbc.com/news/articles/cd6p5q2dx1po,23,"""Project Freedom is under way, commerce will be flowing, and America is once again leading with strength, clarity and purpose for the benefit of the entire world."
22,Trump pauses Hormuz plan 50 hours after he announced it - what happened?,https://www.bbc.com/news/articles/cd6p5q2dx1po,24,"Our will is unshakable,"" he added."
22,Trump pauses Hormuz plan 50 hours after he announced it - what happened?,https://www.bbc.com/news/articles/cd6p5q2dx1po,25,"Later that day, America's top diplomat, Secretary of State Marco Rubio, spoke to reporters at the White House - saying the US was carrying out the operation as  a ""favour to the world"" as it was ""the only country that can project power in that part of the world the way we're doing now""."
22,Trump pauses Hormuz plan 50 hours after he announced it - what happened?,https://www.bbc.com/news/articles/cd6p5q2dx1po,26,"Just hours after Hegseth and Rubio had spoken, Trump paused ""Project Freedom""."
22,Trump pauses Hormuz plan 50 hours after he announced it - what happened?,https://www.bbc.com/news/articles/cd6p5q2dx1po,27,"At 18:52 Washington time (23:52 BST) he posted on Truth Social saying the decision had been made by ""mutual agreement"" because there had been ""great progress"" towards a deal with Iran."
22,Trump pauses Hormuz plan 50 hours after he announced it - what happened?,https://www.bbc.com/news/articles/cd6p5q2dx1po,28,"""Project Freedom (The Movement of Ships through the Strait of Hormuz) will be paused for a short period of time to see whether or not the Agreement can be finalized and signed,"" the president posted."
22,Trump pauses Hormuz plan 50 hours after he announced it - what happened?,https://www.bbc.com/news/articles/cd6p5q2dx1po,29,"The project - which Hegseth said earlier the same day was part of a ""laser-focused strategy"" - had been put on hold."
22,Trump pauses Hormuz plan 50 hours after he announced it - what happened?,https://www.bbc.com/news/articles/cd6p5q2dx1po,30,A little over four hours before Trump's announcement a ship belonging to the French CMA CGM group was hit in the Strait of Hormuz - injuring some of the crew and damaging the vessel.
22,Trump pauses Hormuz plan 50 hours after he announced it - what happened?,https://www.bbc.com/news/articles/cd6p5q2dx1po,31,"According to the shipping publication Lloyd's List ship owners and insurers said ""Project Freedom"" had not given them ""sufficient clarity or credible protection to justify resuming transits"" through the strait."
22,Trump pauses Hormuz plan 50 hours after he announced it - what happened?,https://www.bbc.com/news/articles/cd6p5q2dx1po,32,"""Transit volumes through the Strait of Hormuz continue to drop amid escalating security concerns,"" it added."
22,Trump pauses Hormuz plan 50 hours after he announced it - what happened?,https://www.bbc.com/news/articles/cd6p5q2dx1po,33,What do you want BBC Verify to investigate?
23,China calls for Strait to be reopened 'as soon as possible' in Iran talks,https://www.bbc.com/news/articles/c0m21mndm71o,1,"Chinese foreign minister Wang Yi has called for the Strait of Hormuz to be reopened ""as soon as possible"" in talks with his Iranian counterpart."
23,China calls for Strait to be reopened 'as soon as possible' in Iran talks,https://www.bbc.com/news/articles/c0m21mndm71o,2,The pair met in Beijing on Wednesday on what is Iranian foreign minister Abbas Araqchi's first trip to China since the Iran war began.
23,China calls for Strait to be reopened 'as soon as possible' in Iran talks,https://www.bbc.com/news/articles/c0m21mndm71o,3,"Wang Yi also told Araqchi that achieving a lasting ceasefire was an ""urgent priority"", saying it was important to persist with negotiations."
23,China calls for Strait to be reopened 'as soon as possible' in Iran talks,https://www.bbc.com/news/articles/c0m21mndm71o,4,He added that Beijing was ready to help de-escalate tensions.
23,China calls for Strait to be reopened 'as soon as possible' in Iran talks,https://www.bbc.com/news/articles/c0m21mndm71o,5,"The meeting comes a week before US president Donald Trump is set to hold a summit with Chinese leader Xi Jinping, during which the leaders are likely to discuss the Iran war and reopening of the strait."
23,China calls for Strait to be reopened 'as soon as possible' in Iran talks,https://www.bbc.com/news/articles/c0m21mndm71o,6,"""China believes that achieving a comprehensive ceasefire is an urgent priority, while reopening hostilities would be even more undesirable,"" said Wang Yi, according to a readout by state media."
23,China calls for Strait to be reopened 'as soon as possible' in Iran talks,https://www.bbc.com/news/articles/c0m21mndm71o,7,"""On the issue of the Strait, the international community shares a common concern over restoring normal and secure navigation through the Strait, and China hopes relevant parties will respond as soon as possible to the strong call from the international community."""
23,China calls for Strait to be reopened 'as soon as possible' in Iran talks,https://www.bbc.com/news/articles/c0m21mndm71o,8,"Beijing, which has tried to mediate while avoiding entanglement in the conflict, has repeatedly urged the US and Iran to hold talks - a point that Wang reiterated on Wednesday."
23,China calls for Strait to be reopened 'as soon as possible' in Iran talks,https://www.bbc.com/news/articles/c0m21mndm71o,9,"Wang also added that China appreciated Iran's commitment not to develop nuclear weapons, Chinese state media reported."
23,China calls for Strait to be reopened 'as soon as possible' in Iran talks,https://www.bbc.com/news/articles/c0m21mndm71o,10,"Araqchi told Wang that cooperation between China and Iran would become even stronger, said Iranian state media."
23,China calls for Strait to be reopened 'as soon as possible' in Iran talks,https://www.bbc.com/news/articles/c0m21mndm71o,11,Both Trump and Iranian officials have credited Beijing with securing their acceptance of a Pakistan-brokered ceasefire in April.
23,China calls for Strait to be reopened 'as soon as possible' in Iran talks,https://www.bbc.com/news/articles/c0m21mndm71o,12,"On Wednesday, Wang also emphasised safe passages through the Strait of Hormuz."
23,China calls for Strait to be reopened 'as soon as possible' in Iran talks,https://www.bbc.com/news/articles/c0m21mndm71o,13,"Since the war, the Strait of Hormuz, a busy waterway through which much of the world's oil is transported, has been largely impassable after blockades imposed by both Iran and the US."
23,China calls for Strait to be reopened 'as soon as possible' in Iran talks,https://www.bbc.com/news/articles/c0m21mndm71o,14,"Beijing has called the US naval blockade of Iranian ports ""irresponsible and dangerous"" , describing it as a move that would ""undermine the already fragile ceasefire agreement""."
23,China calls for Strait to be reopened 'as soon as possible' in Iran talks,https://www.bbc.com/news/articles/c0m21mndm71o,15,"China has been a major buyer of Iranian oil , which is sanctioned by the US."
23,China calls for Strait to be reopened 'as soon as possible' in Iran talks,https://www.bbc.com/news/articles/c0m21mndm71o,16,"China imported 1.38 million barrels of crude per day from Iran in 2025, according to the Center on Global Energy Policy - around 12% of China's total crude oil imports."
23,China calls for Strait to be reopened 'as soon as possible' in Iran talks,https://www.bbc.com/news/articles/c0m21mndm71o,17,"But despite China's reliance on the Strait of Hormuz for its oil supply, Xi has been ""very respectful"", Trump told reporters at the White House this week."
23,China calls for Strait to be reopened 'as soon as possible' in Iran talks,https://www.bbc.com/news/articles/c0m21mndm71o,18,"""We haven't been challenged by China,"" he said, adding that Xi would not challenge the US ""because of me""."
23,China calls for Strait to be reopened 'as soon as possible' in Iran talks,https://www.bbc.com/news/articles/c0m21mndm71o,19,"The upcoming meeting between leaders of the world's two largest economies, initially set to take place in March, was postponed after the US and Israel launched wide-ranging strikes on Iran."
23,China calls for Strait to be reopened 'as soon as possible' in Iran talks,https://www.bbc.com/news/articles/c0m21mndm71o,20,"Trump's visit, if it happens next week, would be the first visit to China by a US president in nearly 10 years."
24,What is Trump's 'Project Freedom' in the Strait of Hormuz?,https://www.bbc.com/news/articles/c4g437depzpo,1,President Donald Trump has announced a pause to the just-launched US initiative that aimed to help guide ships stranded by Iran's closure of the Strait of Hormuz.
24,What is Trump's 'Project Freedom' in the Strait of Hormuz?,https://www.bbc.com/news/articles/c4g437depzpo,2,"Trump had said the initiative - Project Freedom - was a humanitarian gesture ""meant to free up people, companies, and Countries that have done absolutely nothing wrong""."
24,What is Trump's 'Project Freedom' in the Strait of Hormuz?,https://www.bbc.com/news/articles/c4g437depzpo,3,Iran has said vessels can only cross the pivotal waterway with its authorisation.
24,What is Trump's 'Project Freedom' in the Strait of Hormuz?,https://www.bbc.com/news/articles/c4g437depzpo,4,Trump announced the new initiative on Sunday.
24,What is Trump's 'Project Freedom' in the Strait of Hormuz?,https://www.bbc.com/news/articles/c4g437depzpo,5,"Since then, Iran's military said it has fired at US warships to deter them from navigating the waterway and the US says it has sunk small boats - threatening a ceasefire meant to end the war."
24,What is Trump's 'Project Freedom' in the Strait of Hormuz?,https://www.bbc.com/news/articles/c4g437depzpo,6,"Then on Tuesday - two days after first being announced - Trump said the initiative would pause ""for a short period of time"" to see whether the US and Iran can come to an agreement."
24,What is Trump's 'Project Freedom' in the Strait of Hormuz?,https://www.bbc.com/news/articles/c4g437depzpo,7,"Here is what we know about ""Project Freedom"" and the concerns over whether it could lead to a wider resumption of hostilities."
24,What is Trump's 'Project Freedom' in the Strait of Hormuz?,https://www.bbc.com/news/articles/c4g437depzpo,8,The Hormuz Strait has remained largely blocked since the US and Israel launched air strikes on Iran on 28 February - and Tehran responded by blocking the crucial waterway through which 20% of the world's oil and liquefied natural gas is meant to pass freely.
24,What is Trump's 'Project Freedom' in the Strait of Hormuz?,https://www.bbc.com/news/articles/c4g437depzpo,9,"The US says there are 22,500 mariners on 1,550 commercial vessels trapped in the Gulf."
24,What is Trump's 'Project Freedom' in the Strait of Hormuz?,https://www.bbc.com/news/articles/c4g437depzpo,10,There has been growing concern over dwindling supplies and the effects on sailors' physical and mental health.
24,What is Trump's 'Project Freedom' in the Strait of Hormuz?,https://www.bbc.com/news/articles/c4g437depzpo,11,"US Central Command (Centcom) says that ""guided-missile destroyers, over 100 land and sea-based aircraft, multi-domain unmanned platforms, and 15,000 service members"" were being used to support the operation."
24,What is Trump's 'Project Freedom' in the Strait of Hormuz?,https://www.bbc.com/news/articles/c4g437depzpo,12,"In a briefing on the first day of the operation, Centcom commander Adm Brad Cooper said vessels from 87 countries were stranded in the Gulf - and the US had contacted ""dozens of ships and shipping companies to encourage traffic flow through""."
24,What is Trump's 'Project Freedom' in the Strait of Hormuz?,https://www.bbc.com/news/articles/c4g437depzpo,13,It wasn't clear when the operation was announced whether the US would attempt to provide stranded ships with a military escort.
24,What is Trump's 'Project Freedom' in the Strait of Hormuz?,https://www.bbc.com/news/articles/c4g437depzpo,14,"Mick Mulroy, former US deputy assistant secretary of defence and a Marine veteran, told the BBC he believed the US military would likely be more focused on air cover, and defence from drone or missile attacks, rather than physically escorting ships."
24,What is Trump's 'Project Freedom' in the Strait of Hormuz?,https://www.bbc.com/news/articles/c4g437depzpo,15,"""The question is whether ships will trust their ability to get through without being attacked, and more importantly, the insurance company,"" he said, before the operation was paused."
24,What is Trump's 'Project Freedom' in the Strait of Hormuz?,https://www.bbc.com/news/articles/c4g437depzpo,16,"Tim Wilkins, managing director at Intertanko, a trade body representing independent tanker owners and operators, told the BBC the Trump administration did not establish any co-ordination for the operation, leaving members worried about their safety transiting the Strait."
24,What is Trump's 'Project Freedom' in the Strait of Hormuz?,https://www.bbc.com/news/articles/c4g437depzpo,17,"On Monday afternoon, Centcom said US Navy guided-missile destroyers were operating in the Gulf ""after transiting the Strait of Hormuz in support of Project Freedom""."
24,What is Trump's 'Project Freedom' in the Strait of Hormuz?,https://www.bbc.com/news/articles/c4g437depzpo,18,"It added American forces were ""actively assisting efforts to restore transit for commercial shipping"" but gave no details."
24,What is Trump's 'Project Freedom' in the Strait of Hormuz?,https://www.bbc.com/news/articles/c4g437depzpo,19,"""As a first step, 2 U.S.-flagged merchant vessels have successfully transited through the Strait of Hormuz and are safely headed on their journey,"" Centcom also said."
24,What is Trump's 'Project Freedom' in the Strait of Hormuz?,https://www.bbc.com/news/articles/c4g437depzpo,20,"Again, no details were released about the identity of the commercial vessels."
24,What is Trump's 'Project Freedom' in the Strait of Hormuz?,https://www.bbc.com/news/articles/c4g437depzpo,21,"Shipping company Maersk confirmed that one of its vessels was able to exit the Gulf, accompanied by the US military."
24,What is Trump's 'Project Freedom' in the Strait of Hormuz?,https://www.bbc.com/news/articles/c4g437depzpo,22,But Iran's powerful Islamic Revolutionary Guard Corps denied any vessels had passed through the Strait.
24,What is Trump's 'Project Freedom' in the Strait of Hormuz?,https://www.bbc.com/news/articles/c4g437depzpo,23,"For now, though, with the operation to help guide vessels paused, it's unclear whether more ships will be able to navigate through."
24,What is Trump's 'Project Freedom' in the Strait of Hormuz?,https://www.bbc.com/news/articles/c4g437depzpo,24,"Hours after the US operation was set to start on Monday, the Iranian military said it had fired against ""American and Zionist enemy destroyers"", which it said the Americans had ""disregarded""."
24,What is Trump's 'Project Freedom' in the Strait of Hormuz?,https://www.bbc.com/news/articles/c4g437depzpo,25,Centcom quickly denied the Iranian claims that a warship had been hit by two missiles.
24,What is Trump's 'Project Freedom' in the Strait of Hormuz?,https://www.bbc.com/news/articles/c4g437depzpo,26,"It confirmed that Iran did fire cruise missiles at both US warships and US-flagged commercial ships, while drones and small boats were used against commercial ships."
24,What is Trump's 'Project Freedom' in the Strait of Hormuz?,https://www.bbc.com/news/articles/c4g437depzpo,27,"The United Arab Emirates (UAE) - a Gulf ally of the US, which has often been attacked by Iran during the war - said a tanker affiliated with Adnoc, its state-owned oil company, was targeted by two drones as it transited the Strait of Hormuz."
24,What is Trump's 'Project Freedom' in the Strait of Hormuz?,https://www.bbc.com/news/articles/c4g437depzpo,28,"No-one was injured, the country's foreign ministry said in a statement."
24,What is Trump's 'Project Freedom' in the Strait of Hormuz?,https://www.bbc.com/news/articles/c4g437depzpo,29,At least three missile interceptions also were reported.
24,What is Trump's 'Project Freedom' in the Strait of Hormuz?,https://www.bbc.com/news/articles/c4g437depzpo,30,"A suspected strike hit a South Korean cargo vessel anchored in the strait, near the UAE."
24,What is Trump's 'Project Freedom' in the Strait of Hormuz?,https://www.bbc.com/news/articles/c4g437depzpo,31,Centcom commander Cooper said that some of the US attack helicopters supporting the mission were used to sink six small Iranian boats that were targeting civilian vessels.
24,What is Trump's 'Project Freedom' in the Strait of Hormuz?,https://www.bbc.com/news/articles/c4g437depzpo,32,Iran has denied this.
24,What is Trump's 'Project Freedom' in the Strait of Hormuz?,https://www.bbc.com/news/articles/c4g437depzpo,33,"Iran insisted that it will take ""decisive action"" against ships that do not use the regime-approved route through the strait."
24,What is Trump's 'Project Freedom' in the Strait of Hormuz?,https://www.bbc.com/news/articles/c4g437depzpo,34,"The country's top negotiator has accused the US of jeopardising shipping security with its own blockade of Iranian ports, saying the ""continuation of the status quo is intolerable for America""."
24,What is Trump's 'Project Freedom' in the Strait of Hormuz?,https://www.bbc.com/news/articles/c4g437depzpo,35,"Trump, on Tuesday, said the US was pausing the new operation at the request of Pakistan - the intermediary in negotiations between the US and Iran, along with other countries."
24,What is Trump's 'Project Freedom' in the Strait of Hormuz?,https://www.bbc.com/news/articles/c4g437depzpo,36,"When Trump announced the initiative's pause on social media on Tuesday, he said ""great progress"" had been made toward ""a complete and final agreement"" with Iran."
24,What is Trump's 'Project Freedom' in the Strait of Hormuz?,https://www.bbc.com/news/articles/c4g437depzpo,37,He said the Strait would remain blockaded during the pause.
24,What is Trump's 'Project Freedom' in the Strait of Hormuz?,https://www.bbc.com/news/articles/c4g437depzpo,38,The White House told the BBC that it had nothing to add regarding the president's post.
24,What is Trump's 'Project Freedom' in the Strait of Hormuz?,https://www.bbc.com/news/articles/c4g437depzpo,39,"Iranian state media said the pause demonstrated that Trump had ""retreated"" after ""continued failures"" in his efforts to reopen the vital waterway for global shipping."
24,What is Trump's 'Project Freedom' in the Strait of Hormuz?,https://www.bbc.com/news/articles/c4g437depzpo,40,"Grant Rumley, a Middle East expert who served as an adviser to the Biden and Trump administrations between 2018 and 2021, said that the plan to secure passage for ships in the Gulf would be ""very, very hard""."
24,What is Trump's 'Project Freedom' in the Strait of Hormuz?,https://www.bbc.com/news/articles/c4g437depzpo,41,"Before it was paused, he noted such an operation would likely require a stronger, more ""kinetic"" military option."
24,What is Trump's 'Project Freedom' in the Strait of Hormuz?,https://www.bbc.com/news/articles/c4g437depzpo,42,"""I think that the general consensus is that a resumption of hostilities is a question of when,"" he said."
24,What is Trump's 'Project Freedom' in the Strait of Hormuz?,https://www.bbc.com/news/articles/c4g437depzpo,43,"""Not if."""
24,What is Trump's 'Project Freedom' in the Strait of Hormuz?,https://www.bbc.com/news/articles/c4g437depzpo,44,"Nitya Labh, a fellow on the International Security Programme at London's Chatham House, said the US operation was ""extremely risky"" and""quite escalatory""."
24,What is Trump's 'Project Freedom' in the Strait of Hormuz?,https://www.bbc.com/news/articles/c4g437depzpo,45,"She added that, if Trump's ""Project Freedom"" succeeded in getting some vessels out of the strait, ""it will be a temporary relief at best"" - a more sustained effort would be required to open up the critical waterway."
24,What is Trump's 'Project Freedom' in the Strait of Hormuz?,https://www.bbc.com/news/articles/c4g437depzpo,46,"At a briefing on Tuesday, US defence secretary Pete Hegseth was asked if US operations in the strait meant that the ceasefire was over."
24,What is Trump's 'Project Freedom' in the Strait of Hormuz?,https://www.bbc.com/news/articles/c4g437depzpo,47,"""No, the ceasefire is not over,"" he said."
24,What is Trump's 'Project Freedom' in the Strait of Hormuz?,https://www.bbc.com/news/articles/c4g437depzpo,48,"""This is a separate and distinct project."""
24,What is Trump's 'Project Freedom' in the Strait of Hormuz?,https://www.bbc.com/news/articles/c4g437depzpo,49,"Chairman of the Joint Chiefs of Staff Gen. Dan Caine said that even though Iran had fired at commercial vessels nine times, seized two container ships and attacked US forces 10 times since the ceasefire agreement on 8 April, those actions were below the threshold of restarting major combat operations ""at this point""."
24,What is Trump's 'Project Freedom' in the Strait of Hormuz?,https://www.bbc.com/news/articles/c4g437depzpo,50,Follow the twists and turns of Trump's second term with North America correspondent Anthony Zurcher's weekly US Politics Unspun newsletter .
24,What is Trump's 'Project Freedom' in the Strait of Hormuz?,https://www.bbc.com/news/articles/c4g437depzpo,51,Readers in the UK can sign up here .
24,What is Trump's 'Project Freedom' in the Strait of Hormuz?,https://www.bbc.com/news/articles/c4g437depzpo,52,Those outside the UK can sign up here .
25,Trump says US to pause operation to guide vessels through Strait of Hormuz,https://www.bbc.com/news/articles/clypekl71gdo,1,"The US operation to guide stranded vessels through the Strait of Hormuz will be paused for a ""short period of time"", President Donald Trump announced on Tuesday evening."
25,Trump says US to pause operation to guide vessels through Strait of Hormuz,https://www.bbc.com/news/articles/clypekl71gdo,2,"Trump said that ""Project Freedom"", which began days earlier, would be halted by ""mutual agreement"" because ""great progress"" had been made toward a deal with Iran."
25,Trump says US to pause operation to guide vessels through Strait of Hormuz,https://www.bbc.com/news/articles/clypekl71gdo,3,"Iranian state media characterised it as a victory, saying the pause demonstrated that Trump ""retreated"" after ""continued failures"" to reopen the vital waterway for global shipping."
25,Trump says US to pause operation to guide vessels through Strait of Hormuz,https://www.bbc.com/news/articles/clypekl71gdo,4,The US president's announcement came as Secretary of State Marco Rubio said the initial US-Israeli offensive in Iran - Operation Epic Fury - was over after achieving its objectives.
25,Trump says US to pause operation to guide vessels through Strait of Hormuz,https://www.bbc.com/news/articles/clypekl71gdo,5,"In a post on social media, Trump said that he had made the decision ""based on the request of Pakistan"", which has acted as an intermediary between the US and Iran."
25,Trump says US to pause operation to guide vessels through Strait of Hormuz,https://www.bbc.com/news/articles/clypekl71gdo,6,He added that the US blockade of Iranian ports would remain in place.
25,Trump says US to pause operation to guide vessels through Strait of Hormuz,https://www.bbc.com/news/articles/clypekl71gdo,7,Trump's announcement may surprise some.
25,Trump says US to pause operation to guide vessels through Strait of Hormuz,https://www.bbc.com/news/articles/clypekl71gdo,8,"It undercuts a day's worth of messaging from Rubio, defence secretary Pete Hegseth and Joint Chiefs chairman Gen. Dan Caine - all of whom vowed that the operation would ensure freedom of navigation and commerce in the Strait of Hormuz and Persian Gulf."
25,Trump says US to pause operation to guide vessels through Strait of Hormuz,https://www.bbc.com/news/articles/clypekl71gdo,9,"""We would prefer the path of peace."
25,Trump says US to pause operation to guide vessels through Strait of Hormuz,https://www.bbc.com/news/articles/clypekl71gdo,10,"What the president [Donald Trump] would prefer is a deal,"" Rubio told reporters on Tuesday."
25,Trump says US to pause operation to guide vessels through Strait of Hormuz,https://www.bbc.com/news/articles/clypekl71gdo,11,What happens next is unclear.
25,Trump says US to pause operation to guide vessels through Strait of Hormuz,https://www.bbc.com/news/articles/clypekl71gdo,12,"The administration had stressed that Project Freedom was a ""separate and distinct"" campaign from the blockade, which is meant to pressure Iran economically."
25,Trump says US to pause operation to guide vessels through Strait of Hormuz,https://www.bbc.com/news/articles/clypekl71gdo,13,Project Freedom was meant to help restore the flow of oil from the region and the global economy's eventual return to normalcy by guiding stranded ships out of the Gulf through the largely closed waterway.
25,Trump says US to pause operation to guide vessels through Strait of Hormuz,https://www.bbc.com/news/articles/clypekl71gdo,14,"But if during the ""pause"", global shipping firms and the insurance companies working with them are stymied by Iranian interference, it will be difficult for Trump to claim that objective has been achieved."
25,Trump says US to pause operation to guide vessels through Strait of Hormuz,https://www.bbc.com/news/articles/clypekl71gdo,15,"On the other hand, the administration may hope that freezing Project Freedom - which the Iranians strongly objected to - helps bring them to the negotiating table again."
25,Trump says US to pause operation to guide vessels through Strait of Hormuz,https://www.bbc.com/news/articles/clypekl71gdo,16,Rubio's comments earlier in the day came after a spate of attacks in the Strait of Hormuz raised fears the ceasefire between the US and Iran was in jeopardy.
25,Trump says US to pause operation to guide vessels through Strait of Hormuz,https://www.bbc.com/news/articles/clypekl71gdo,17,"Tehran did not comment on Rubio's statement, but Iran's parliamentary speaker Mohammad Ghalibaf earlier said: ""We know well that the continuation of the status quo is intolerable for America, while we are just getting started."""
25,Trump says US to pause operation to guide vessels through Strait of Hormuz,https://www.bbc.com/news/articles/clypekl71gdo,18,"Ghalibaf, Iran's top negotiator in last month's talks with the US , said, ""Shipping security and energy transit have been jeopardised by the US and its allies with the ceasefire violations and blockade."
25,Trump says US to pause operation to guide vessels through Strait of Hormuz,https://www.bbc.com/news/articles/clypekl71gdo,19,"However, their evil acts will fail""."
25,Trump says US to pause operation to guide vessels through Strait of Hormuz,https://www.bbc.com/news/articles/clypekl71gdo,20,"Late on Tuesday the UK Maritime Trade Operations (UKMTO) said a verified source had told it that a cargo vessel has been struck ""by an unknown projectile"" in the Strait of Hormuz."
25,Trump says US to pause operation to guide vessels through Strait of Hormuz,https://www.bbc.com/news/articles/clypekl71gdo,21,Further details were not immediately available.
25,Trump says US to pause operation to guide vessels through Strait of Hormuz,https://www.bbc.com/news/articles/clypekl71gdo,22,Earlier in the day the UAE said its air defences were engaging missiles and drones from Iran for a second day in a row.
25,Trump says US to pause operation to guide vessels through Strait of Hormuz,https://www.bbc.com/news/articles/clypekl71gdo,23,"On Monday it accused Iran of firing missiles and drones including a strike on an oil port in the emirate of Fujairah which is located outside the Strait of Hormuz, calling it a ""dangerous escalation""."
25,Trump says US to pause operation to guide vessels through Strait of Hormuz,https://www.bbc.com/news/articles/clypekl71gdo,24,"Iran on Tuesday denied launching any attacks on the UAE, with a military spokesman saying that, ""If such an action had been taken, we would have announced it firmly and clearly""."
25,Trump says US to pause operation to guide vessels through Strait of Hormuz,https://www.bbc.com/news/articles/clypekl71gdo,25,Operation Epic Fury began on 28 February when the US and Israel launched a wave of air strikes on Iran.
25,Trump says US to pause operation to guide vessels through Strait of Hormuz,https://www.bbc.com/news/articles/clypekl71gdo,26,Tehran responded by blocking the crucial waterway through which 20% of the world's oil and liquefied natural gas usually passes.
25,Trump says US to pause operation to guide vessels through Strait of Hormuz,https://www.bbc.com/news/articles/clypekl71gdo,27,"In early April, the US and Iran announced a ceasefire under which Iran ended its drone and missile strikes on Gulf countries including the UAE, but few vessels have been able to transit the strait since then."
25,Trump says US to pause operation to guide vessels through Strait of Hormuz,https://www.bbc.com/news/articles/clypekl71gdo,28,The US also imposed its own blockade on Iranian ports.
25,Trump says US to pause operation to guide vessels through Strait of Hormuz,https://www.bbc.com/news/articles/clypekl71gdo,29,"On Monday, the US said it had attacked seven Iranian fast boats in the strait while Iran said it had fired warning shots at a US vessel."
25,Trump says US to pause operation to guide vessels through Strait of Hormuz,https://www.bbc.com/news/articles/clypekl71gdo,30,Both sides denied the respective claims.
25,Trump says US to pause operation to guide vessels through Strait of Hormuz,https://www.bbc.com/news/articles/clypekl71gdo,31,"Two commercial ships reported attacks and one said it had successfully exited the strait under a US military escort, as part of Donald Trump's plan to unblock the strait."
25,Trump says US to pause operation to guide vessels through Strait of Hormuz,https://www.bbc.com/news/articles/clypekl71gdo,32,"Speaking at the White House, Rubio said that while Trump wanted a deal, ""That is so far not the route that Iran has chosen"" adding: ""What that may lead to in the future is speculative."""
25,Trump says US to pause operation to guide vessels through Strait of Hormuz,https://www.bbc.com/news/articles/clypekl71gdo,33,"He said US and Israeli attacks on Iran had caused ""generational destruction to their economy"" and the country's leaders should ""check themselves before they wreck themselves in the direction that they're going""."
25,Trump says US to pause operation to guide vessels through Strait of Hormuz,https://www.bbc.com/news/articles/clypekl71gdo,34,"Hegseth said the ceasefire with Iran was ""not over""."
25,Trump says US to pause operation to guide vessels through Strait of Hormuz,https://www.bbc.com/news/articles/clypekl71gdo,35,"""Right now the ceasefire certainly holds, but we're going to be watching very, very closely,"" Hegseth said during a press conference on Tuesday."
25,Trump says US to pause operation to guide vessels through Strait of Hormuz,https://www.bbc.com/news/articles/clypekl71gdo,36,"Caine said that while Iran had attacked US forces 10 times since a ceasefire began, these attacks were ""below the threshold"" of resuming fighting ""at this point""."
25,Trump says US to pause operation to guide vessels through Strait of Hormuz,https://www.bbc.com/news/articles/clypekl71gdo,37,Trump was later asked by reporters what would constitute a breach of the ceasefire by Iran.
25,Trump says US to pause operation to guide vessels through Strait of Hormuz,https://www.bbc.com/news/articles/clypekl71gdo,38,"""You'll find out because I'll let you know,"" he responded."
25,Trump says US to pause operation to guide vessels through Strait of Hormuz,https://www.bbc.com/news/articles/clypekl71gdo,39,He also said he believed a negotiated settlement with Iran to end the conflict was still possible.
25,Trump says US to pause operation to guide vessels through Strait of Hormuz,https://www.bbc.com/news/articles/clypekl71gdo,40,"The various comments from American officials suggest that the US has little desire or appetite to return to full-scale operations - further disturbing markets, sending prices skyrocketing and meeting opposition from large swathes of Americans."
25,Trump says US to pause operation to guide vessels through Strait of Hormuz,https://www.bbc.com/news/articles/clypekl71gdo,41,Trump also has said he is discussing the strait's reopening with Japan and expects to have a positive conversation with Chinese President Xi Jinping about it when he visits China next week.
26,Bowen: Strait of Hormuz standoff raises risk of sliding back into all-out war,https://www.bbc.com/news/articles/cgrpnq00j5vo,1,The ceasefire in the Gulf is four weeks old and showing its age.
26,Bowen: Strait of Hormuz standoff raises risk of sliding back into all-out war,https://www.bbc.com/news/articles/cgrpnq00j5vo,2,The US and Iran's determination to keep the pressure on each other has put it in serious jeopardy.
26,Bowen: Strait of Hormuz standoff raises risk of sliding back into all-out war,https://www.bbc.com/news/articles/cgrpnq00j5vo,3,This is a dangerous moment.
26,Bowen: Strait of Hormuz standoff raises risk of sliding back into all-out war,https://www.bbc.com/news/articles/cgrpnq00j5vo,4,The ceasefire opened up a chance for diplomacy that looked for a short time as if it might make progress.
26,Bowen: Strait of Hormuz standoff raises risk of sliding back into all-out war,https://www.bbc.com/news/articles/cgrpnq00j5vo,5,"Americans and Iranians faced each other across a conference table in Pakistan's capital, Islamabad, but came away empty-handed."
26,Bowen: Strait of Hormuz standoff raises risk of sliding back into all-out war,https://www.bbc.com/news/articles/cgrpnq00j5vo,6,"The Pakistanis are trying to revive the process, without much success so far."
26,Bowen: Strait of Hormuz standoff raises risk of sliding back into all-out war,https://www.bbc.com/news/articles/cgrpnq00j5vo,7,Both America and Iran want to have a deal.
26,Bowen: Strait of Hormuz standoff raises risk of sliding back into all-out war,https://www.bbc.com/news/articles/cgrpnq00j5vo,8,But they have different deals in mind and are sticking to their red lines.
26,Bowen: Strait of Hormuz standoff raises risk of sliding back into all-out war,https://www.bbc.com/news/articles/cgrpnq00j5vo,9,"Until one or the other, or preferably both, decide to offer concessions, renewed full-scale hostilities remain an incident away."
26,Bowen: Strait of Hormuz standoff raises risk of sliding back into all-out war,https://www.bbc.com/news/articles/cgrpnq00j5vo,10,More than ever there is a strong risk of misperception and miscalculation of intentions and consequences.
26,Bowen: Strait of Hormuz standoff raises risk of sliding back into all-out war,https://www.bbc.com/news/articles/cgrpnq00j5vo,11,Both are classic ways in which crises slip out of control and wars escalate.
26,Bowen: Strait of Hormuz standoff raises risk of sliding back into all-out war,https://www.bbc.com/news/articles/cgrpnq00j5vo,12,America's decision to escort two ships through the Strait of Hormuz was always going to produce a reaction from Iran.
26,Bowen: Strait of Hormuz standoff raises risk of sliding back into all-out war,https://www.bbc.com/news/articles/cgrpnq00j5vo,13,This week's urgent question is whether it ends there or whether more action and reaction power a slide back into all-out war.
26,Bowen: Strait of Hormuz standoff raises risk of sliding back into all-out war,https://www.bbc.com/news/articles/cgrpnq00j5vo,14,Control of the Strait of Hormuz has become the central issue in the crisis.
26,Bowen: Strait of Hormuz standoff raises risk of sliding back into all-out war,https://www.bbc.com/news/articles/cgrpnq00j5vo,15,"It was open to navigation, without restriction or the payment of tolls, until 28 February -when the US and Israel attacked Iran."
26,Bowen: Strait of Hormuz standoff raises risk of sliding back into all-out war,https://www.bbc.com/news/articles/cgrpnq00j5vo,16,Now Iran has demonstrated how closing it can mean everything from an offensive weapon to a revenue raiser and an insurance policy.
26,Bowen: Strait of Hormuz standoff raises risk of sliding back into all-out war,https://www.bbc.com/news/articles/cgrpnq00j5vo,17,"This week, Iranian Foreign Minister Abbas Araghchi has told MPs that there will be no return to the old status quo."
26,Bowen: Strait of Hormuz standoff raises risk of sliding back into all-out war,https://www.bbc.com/news/articles/cgrpnq00j5vo,18,"The US cannot allow Iran to make the Strait of Hormuz into home waters that the Tehran regime can control and use to charge shippers millions in tolls, without accepting that tactical victory over Iran's armed forces has become a strategic defeat."
26,Bowen: Strait of Hormuz standoff raises risk of sliding back into all-out war,https://www.bbc.com/news/articles/cgrpnq00j5vo,19,Closing the strait has global economic consequences.
26,Bowen: Strait of Hormuz standoff raises risk of sliding back into all-out war,https://www.bbc.com/news/articles/cgrpnq00j5vo,20,The length of time it stays closed will determine how severe the consequences of the war will be for people across the world.
26,Bowen: Strait of Hormuz standoff raises risk of sliding back into all-out war,https://www.bbc.com/news/articles/cgrpnq00j5vo,21,"Shortages of oil and gas, as well as helium for high tech industries and feedstocks for fertiliser, are having an increasingly heavy impact on millions of people a long way from the war zone."
26,Bowen: Strait of Hormuz standoff raises risk of sliding back into all-out war,https://www.bbc.com/news/articles/cgrpnq00j5vo,22,The fertiliser crisis risks causing hunger in countries that do not have secure food supplies.
26,Bowen: Strait of Hormuz standoff raises risk of sliding back into all-out war,https://www.bbc.com/news/articles/cgrpnq00j5vo,23,"President Donald Trump's motives, declared and undeclared, are always complex and changeable."
26,Bowen: Strait of Hormuz standoff raises risk of sliding back into all-out war,https://www.bbc.com/news/articles/cgrpnq00j5vo,24,He has used social media to try to persuade oil traders not to drive up the price of petrol for American motorists.
26,Bowen: Strait of Hormuz standoff raises risk of sliding back into all-out war,https://www.bbc.com/news/articles/cgrpnq00j5vo,25,He must also be frustrated by the Iranian regime's resilience and determination to resist however much pain America and Israel inflict on the country.
26,Bowen: Strait of Hormuz standoff raises risk of sliding back into all-out war,https://www.bbc.com/news/articles/cgrpnq00j5vo,26,"A regime prepared to shoot its own citizens in the streets for protesting, as the Islamic Republic's security forces did once again in January, is not going to worry too much about their welfare - at least not until it affects their hold on power."
26,Bowen: Strait of Hormuz standoff raises risk of sliding back into all-out war,https://www.bbc.com/news/articles/cgrpnq00j5vo,27,"Trump's frustration is the result of his own rash decision to go to war assuming an easy victory, without thinking through the consequences of what happens and what to do if it isn't easy."
26,Bowen: Strait of Hormuz standoff raises risk of sliding back into all-out war,https://www.bbc.com/news/articles/cgrpnq00j5vo,28,"The US has shown the power of its highly efficient military, but the president's fluctuating decision-making has left the country in a strategic bind."
26,Bowen: Strait of Hormuz standoff raises risk of sliding back into all-out war,https://www.bbc.com/news/articles/cgrpnq00j5vo,29,Trump's decision to order the US Navy to escort a couple of ships through the strait does not restore freedom of navigation.
26,Bowen: Strait of Hormuz standoff raises risk of sliding back into all-out war,https://www.bbc.com/news/articles/cgrpnq00j5vo,30,"An average of 138 ships passed through the strait each day until the US and Israel went to war, according to the Joint Maritime Information Centre."
26,Bowen: Strait of Hormuz standoff raises risk of sliding back into all-out war,https://www.bbc.com/news/articles/cgrpnq00j5vo,31,Iran has shown that it is prepared to go back to war and might even be prepared to set the pace of escalation.
26,Bowen: Strait of Hormuz standoff raises risk of sliding back into all-out war,https://www.bbc.com/news/articles/cgrpnq00j5vo,32,"It is strategy full of risk, but for the men who have replaced the former supreme leader and all the senior leaders killed by the US and Israel, it is a risk worth taking."
26,Bowen: Strait of Hormuz standoff raises risk of sliding back into all-out war,https://www.bbc.com/news/articles/cgrpnq00j5vo,33,The United Arab Emirates (UAE) looks to be the main target for Iran among their Gulf Arab neighbours.
26,Bowen: Strait of Hormuz standoff raises risk of sliding back into all-out war,https://www.bbc.com/news/articles/cgrpnq00j5vo,34,"In response, the UAE has doubled down on its alliances with the US and Israel."
26,Bowen: Strait of Hormuz standoff raises risk of sliding back into all-out war,https://www.bbc.com/news/articles/cgrpnq00j5vo,35,"The Israelis sent an Iron Dome anti-missile system to the UAE, and IDF soldiers to operate it – a significant gesture they refused to offer to Ukraine."
26,Bowen: Strait of Hormuz standoff raises risk of sliding back into all-out war,https://www.bbc.com/news/articles/cgrpnq00j5vo,36,Iran's decision to target the Emirati port of Fujairah is significant.
26,Bowen: Strait of Hormuz standoff raises risk of sliding back into all-out war,https://www.bbc.com/news/articles/cgrpnq00j5vo,37,"It is on the UAE's small stretch of coastline that is beyond the Strait of Hormuz, facing instead the Gulf of Oman."
26,Bowen: Strait of Hormuz standoff raises risk of sliding back into all-out war,https://www.bbc.com/news/articles/cgrpnq00j5vo,38,Fujairah is the terminus of an oil pipeline that allows the UAE to export without going through Hormuz and has big oil storage facilities.
26,Bowen: Strait of Hormuz standoff raises risk of sliding back into all-out war,https://www.bbc.com/news/articles/cgrpnq00j5vo,39,That makes it strategically and economically vital for the Emiratis.
26,Bowen: Strait of Hormuz standoff raises risk of sliding back into all-out war,https://www.bbc.com/news/articles/cgrpnq00j5vo,40,They are deeply concerned about Iran's next moves.
26,Bowen: Strait of Hormuz standoff raises risk of sliding back into all-out war,https://www.bbc.com/news/articles/cgrpnq00j5vo,41,"Despite robust public warnings to Tehran, and capable armed forces, the Emiratis still prefer to stay out of direct attacks on Iran."
26,Bowen: Strait of Hormuz standoff raises risk of sliding back into all-out war,https://www.bbc.com/news/articles/cgrpnq00j5vo,42,That policy might not survive a collapse of the ceasefire.
26,Bowen: Strait of Hormuz standoff raises risk of sliding back into all-out war,https://www.bbc.com/news/articles/cgrpnq00j5vo,43,"Longer term, it is spending more billions on American weapons."
26,Bowen: Strait of Hormuz standoff raises risk of sliding back into all-out war,https://www.bbc.com/news/articles/cgrpnq00j5vo,44,Trump seems still to believe that the Iranian regime will buckle in the face of US pressure and military force.
26,Bowen: Strait of Hormuz standoff raises risk of sliding back into all-out war,https://www.bbc.com/news/articles/cgrpnq00j5vo,45,"He would like to be able to flourish a deal, but he will not accept one that his critics would say was not as good as the nuclear agreement that became President Barack Obama's signature foreign policy achievement."
26,Bowen: Strait of Hormuz standoff raises risk of sliding back into all-out war,https://www.bbc.com/news/articles/cgrpnq00j5vo,46,"During his first term, Trump dumped that agreement, known as the JCPOA, with substantial encouragement from Israel's Prime Minister Benjamin Netanyahu."
26,Bowen: Strait of Hormuz standoff raises risk of sliding back into all-out war,https://www.bbc.com/news/articles/cgrpnq00j5vo,47,"He replaced it with a policy he called ""maximum pressure"" that failed to stop Iran enriching uranium and now looks to have started America and Iran on the road to a war that has no easy exits."
26,Bowen: Strait of Hormuz standoff raises risk of sliding back into all-out war,https://www.bbc.com/news/articles/cgrpnq00j5vo,48,Correction 6 May: An earlier version of this article said 40 to 60 ships passed through the Strait of Hormuz each day before the war.
26,Bowen: Strait of Hormuz standoff raises risk of sliding back into all-out war,https://www.bbc.com/news/articles/cgrpnq00j5vo,49,"In fact, an average of 138 vessels travelled through the strait daily before 28 February, according to the Joint Maritime Information Centre."
26,Bowen: Strait of Hormuz standoff raises risk of sliding back into all-out war,https://www.bbc.com/news/articles/cgrpnq00j5vo,50,This article has been amended to reflect that figure.
27,US strikes Iranian fast boats as Iran attacks UAE oil facility,https://www.bbc.com/news/articles/cjwp432d0v5o,1,"President Donald Trump says the US has struck seven Iranian ""fast boats"" in the Strait of Hormuz, as Washington seeks to guide stranded ships out of the Gulf through the largely closed waterway."
27,US strikes Iranian fast boats as Iran attacks UAE oil facility,https://www.bbc.com/news/articles/cjwp432d0v5o,2,The UAE and South Korea both reported strikes on ships in the vital channel on Monday.
27,US strikes Iranian fast boats as Iran attacks UAE oil facility,https://www.bbc.com/news/articles/cjwp432d0v5o,3,The UAE also said a fire broke out at the oil port of Fujairah after an Iranian attack.
27,US strikes Iranian fast boats as Iran attacks UAE oil facility,https://www.bbc.com/news/articles/cjwp432d0v5o,4,"Shipping company Maersk told the BBC that one of its US-flagged vessels had successfully exited the strait with US military protection - under what Trump has called ""Project Freedom""."
27,US strikes Iranian fast boats as Iran attacks UAE oil facility,https://www.bbc.com/news/articles/cjwp432d0v5o,5,"Iranian Foreign Minister Abbas Araghchi said that events in the strait ""make clear that there's no military solution to a political crisis""."
27,US strikes Iranian fast boats as Iran attacks UAE oil facility,https://www.bbc.com/news/articles/cjwp432d0v5o,6,"He added: ""Project Freedom is Project Deadlock."""
27,US strikes Iranian fast boats as Iran attacks UAE oil facility,https://www.bbc.com/news/articles/cjwp432d0v5o,7,"Maersk said the transit of one of its commercial vessels was ""completed without incident, and all crew members are safe and unharmed""."
27,US strikes Iranian fast boats as Iran attacks UAE oil facility,https://www.bbc.com/news/articles/cjwp432d0v5o,8,The Strait of Hormuz has remained largely blocked since the US and Israel launched air strikes on Iran in February.
27,US strikes Iranian fast boats as Iran attacks UAE oil facility,https://www.bbc.com/news/articles/cjwp432d0v5o,9,Tehran responded by blocking the crucial waterway through which 20% of the world's oil and liquefied natural gas usually passes.
27,US strikes Iranian fast boats as Iran attacks UAE oil facility,https://www.bbc.com/news/articles/cjwp432d0v5o,10,"In early April, the US and Iran announced a ceasefire under which Iran ended its drone and missile strikes on Gulf countries including the UAE, but few vessels have been able to transit the strait since then."
27,US strikes Iranian fast boats as Iran attacks UAE oil facility,https://www.bbc.com/news/articles/cjwp432d0v5o,11,The US also imposed its own blockade on Iranian ports.
27,US strikes Iranian fast boats as Iran attacks UAE oil facility,https://www.bbc.com/news/articles/cjwp432d0v5o,12,"Trump said: ""We've shot down seven small boats or, as they like to call them, 'fast' boats."
27,US strikes Iranian fast boats as Iran attacks UAE oil facility,https://www.bbc.com/news/articles/cjwp432d0v5o,13,"It's all they have left."""
27,US strikes Iranian fast boats as Iran attacks UAE oil facility,https://www.bbc.com/news/articles/cjwp432d0v5o,14,The US military said it had used helicopters to attack the boats.
27,US strikes Iranian fast boats as Iran attacks UAE oil facility,https://www.bbc.com/news/articles/cjwp432d0v5o,15,Iranian state media later disputed Trump's announcement that the US had struck the speed boats.
27,US strikes Iranian fast boats as Iran attacks UAE oil facility,https://www.bbc.com/news/articles/cjwp432d0v5o,16,"Citing a military source, the Tasnim news agency reported that two small cargo vessels had been hit instead, killing five civilians."
27,US strikes Iranian fast boats as Iran attacks UAE oil facility,https://www.bbc.com/news/articles/cjwp432d0v5o,17,The US earlier said navy destroyers and US-flagged merchant ships sailed through the strait on Monday.
27,US strikes Iranian fast boats as Iran attacks UAE oil facility,https://www.bbc.com/news/articles/cjwp432d0v5o,18,"Iran called the claims ""entirely false"", with its military saying it fired warning shots at a US warship."
27,US strikes Iranian fast boats as Iran attacks UAE oil facility,https://www.bbc.com/news/articles/cjwp432d0v5o,19,The US military denied this.
27,US strikes Iranian fast boats as Iran attacks UAE oil facility,https://www.bbc.com/news/articles/cjwp432d0v5o,20,"Later on Monday, shipping firm Maersk said its US-flagged vessel the Alliance Fairfax, which had been stranded in the Gulf since the US and Israeli attack on Iran at the end of February, had exited the Strait of Hormuz."
27,US strikes Iranian fast boats as Iran attacks UAE oil facility,https://www.bbc.com/news/articles/cjwp432d0v5o,21,"The firm said it had been contacted by the US and ""offered the opportunity for the vessel to exit the Gulf under US military protection""."
27,US strikes Iranian fast boats as Iran attacks UAE oil facility,https://www.bbc.com/news/articles/cjwp432d0v5o,22,"In a statement, the firm added: ""The vessel subsequently exited the Persian Gulf accompanied by US military assets."""
27,US strikes Iranian fast boats as Iran attacks UAE oil facility,https://www.bbc.com/news/articles/cjwp432d0v5o,23,"Meanwhile, the UAE's foreign ministry reported a tanker affiliated with Adnoc, its state-owned oil company, was hit in the Strait of Hormuz."
27,US strikes Iranian fast boats as Iran attacks UAE oil facility,https://www.bbc.com/news/articles/cjwp432d0v5o,24,South Korea also reported an explosion on one of its ships anchored just off the UAE.
27,US strikes Iranian fast boats as Iran attacks UAE oil facility,https://www.bbc.com/news/articles/cjwp432d0v5o,25,"UAE authorities also reported air defences had engaged 12 ballistic missiles, three cruise missiles and four drones."
27,US strikes Iranian fast boats as Iran attacks UAE oil facility,https://www.bbc.com/news/articles/cjwp432d0v5o,26,Local officials said one strike caused a large fire and three injuries at its key oil port of Fujairah.
27,US strikes Iranian fast boats as Iran attacks UAE oil facility,https://www.bbc.com/news/articles/cjwp432d0v5o,27,"India's foreign ministry said the three injured people were Indian nationals and that the attack on Fujairah was ""unacceptable""."
27,US strikes Iranian fast boats as Iran attacks UAE oil facility,https://www.bbc.com/news/articles/cjwp432d0v5o,28,"Abu Dhabi called the attacks a ""dangerous escalation"" and said it reserved the right to respond."
27,US strikes Iranian fast boats as Iran attacks UAE oil facility,https://www.bbc.com/news/articles/cjwp432d0v5o,29,"Iranian state TV has quoted an unnamed military official as saying that Iran had ""no plans to target the UAE""."
27,US strikes Iranian fast boats as Iran attacks UAE oil facility,https://www.bbc.com/news/articles/cjwp432d0v5o,30,International leaders have condemned the attacks on UAE infrastructure.
27,US strikes Iranian fast boats as Iran attacks UAE oil facility,https://www.bbc.com/news/articles/cjwp432d0v5o,31,"French President Emmanuel Macron said the strikes were ""unjustified and unacceptable""."
27,US strikes Iranian fast boats as Iran attacks UAE oil facility,https://www.bbc.com/news/articles/cjwp432d0v5o,32,"British Prime Minister Sir Keir Starmer said the UK will continue to ""support the defence of our partners in the Gulf""."
27,US strikes Iranian fast boats as Iran attacks UAE oil facility,https://www.bbc.com/news/articles/cjwp432d0v5o,33,"German Chancellor Friedrich Merz called for an end to the blockade of the strait, saying ""Tehran must return to the negotiating table and stop holding the region and the world hostage""."
27,US strikes Iranian fast boats as Iran attacks UAE oil facility,https://www.bbc.com/news/articles/cjwp432d0v5o,34,"In a post on X, Saudi Arabia's foreign ministry called on Iran to ""respect the principles of good neighborliness""."
27,US strikes Iranian fast boats as Iran attacks UAE oil facility,https://www.bbc.com/news/articles/cjwp432d0v5o,35,"The benchmark Brent crude oil price passed $115 a barrel shortly after the reports that Fujairah had come under attack, up more than 5% on the day."
27,US strikes Iranian fast boats as Iran attacks UAE oil facility,https://www.bbc.com/news/articles/cjwp432d0v5o,36,"Fujairah lies on the UAE's eastern coast on the Gulf of Oman, beyond the Strait of Hormuz."
27,US strikes Iranian fast boats as Iran attacks UAE oil facility,https://www.bbc.com/news/articles/cjwp432d0v5o,37,"A pipeline from the oilfields of Abu Dhabi runs to Fujairah, allowing limited amounts of crude to be loaded on to tankers and shipped to world markets despite the strait being effectively blockaded."
27,US strikes Iranian fast boats as Iran attacks UAE oil facility,https://www.bbc.com/news/articles/cjwp432d0v5o,38,"Neighbouring Qatar condemned the attack on the tanker affiliated with Adnoc and called for the strait's ""unconditional reopening""."
27,US strikes Iranian fast boats as Iran attacks UAE oil facility,https://www.bbc.com/news/articles/cjwp432d0v5o,39,"In Oman, two people were injured when a residential building was targeted in Bukha, along the coastline of the Strait of Hormuz, state media reported on Monday."
27,US strikes Iranian fast boats as Iran attacks UAE oil facility,https://www.bbc.com/news/articles/cjwp432d0v5o,40,"On Sunday, Trump said the US would start helping stranded vessels out of the shipping lane as part of ""Project Freedom""."
27,US strikes Iranian fast boats as Iran attacks UAE oil facility,https://www.bbc.com/news/articles/cjwp432d0v5o,41,"An estimated 20,000 seafarers on 2,000 ships have been stuck since the US-Iran war began in February."
27,US strikes Iranian fast boats as Iran attacks UAE oil facility,https://www.bbc.com/news/articles/cjwp432d0v5o,42,"The president said the US had been asked by countries ""from all over the World"" to help free up their ships which were ""locked up in the Strait of Hormuz"" and were ""merely neutral and innocent bystanders!""."
27,US strikes Iranian fast boats as Iran attacks UAE oil facility,https://www.bbc.com/news/articles/cjwp432d0v5o,43,There has been growing concern over dwindling supplies and the effects on sailors' physical and mental health.
27,US strikes Iranian fast boats as Iran attacks UAE oil facility,https://www.bbc.com/news/articles/cjwp432d0v5o,44,"But Trump did not say how they would be able to sail away - he only threatened to use force ""if, in any way, this Humanitarian process is interfered with""."
28,US denies Iranian report warship was struck by missiles,https://www.bbc.com/news/articles/c775jevkyv2o,1,The US has denied an Iranian media report that one of its warships was struck by Iranian missiles as it tried to enter the Strait of Hormuz.
28,US denies Iranian report warship was struck by missiles,https://www.bbc.com/news/articles/c775jevkyv2o,2,"US Central Command (Centcom) said in a statement that ""no US Navy ships have been struck"" and forces are ""enforcing the naval blockade on Iranian ports""."
28,US denies Iranian report warship was struck by missiles,https://www.bbc.com/news/articles/c775jevkyv2o,3,"It came after Fars, the semi-official Iranian news agency, said two missiles hit a US Navy boat sailing through the strait after ignoring a warning from Iran's Navy."
28,US denies Iranian report warship was struck by missiles,https://www.bbc.com/news/articles/c775jevkyv2o,4,"Centcom later said two US-flagged merchant vessels had ""successfully transited"" through the strait."
28,US denies Iranian report warship was struck by missiles,https://www.bbc.com/news/articles/c775jevkyv2o,5,"Earlier, Iran's military warned that it would attack any foreign forces if they entered the strait, ""especially, the aggressive US army""."
28,US denies Iranian report warship was struck by missiles,https://www.bbc.com/news/articles/c775jevkyv2o,6,"Speaking to Reuters, a senior Iranian official said Iran had fired a warning shot against the US warship to prevent its entry to the strait, adding that it is unclear if there was damage."
28,US denies Iranian report warship was struck by missiles,https://www.bbc.com/news/articles/c775jevkyv2o,7,"Iranian media also reported that it had prevented American and Israeli ""enemy destroyers"" from entering the strait on Monday."
28,US denies Iranian report warship was struck by missiles,https://www.bbc.com/news/articles/c775jevkyv2o,8,US President Donald Trump had earlier announced that the US on Monday would begin trying to free merchant ships stranded by Iran's closure of the key shipping channel since the start of the war.
28,US denies Iranian report warship was struck by missiles,https://www.bbc.com/news/articles/c775jevkyv2o,9,"Trump said ""Project Freedom"" was a ""humanitarian gesture"" and that any interference would ""be dealt with forcefully""."
28,US denies Iranian report warship was struck by missiles,https://www.bbc.com/news/articles/c775jevkyv2o,10,"Some 15,000 US service personnel, guided-missile destroyers and more than 100 aircraft would be involved, Centcom said, adding that the US blockade of Iranian ports would continue."
28,US denies Iranian report warship was struck by missiles,https://www.bbc.com/news/articles/c775jevkyv2o,11,"Centcom later said two US-flagged merchant vessels had ""successfully transited through the Strait of Hormuz"", but did not provide the names of the vessels."
28,US denies Iranian report warship was struck by missiles,https://www.bbc.com/news/articles/c775jevkyv2o,12,"""American forces are actively assisting efforts to restore transit for commercial shipping,"" it said."
28,US denies Iranian report warship was struck by missiles,https://www.bbc.com/news/articles/c775jevkyv2o,13,"The move comes as the two countries observe a temporary ceasefire, which began on 8 April, and as they work on agreeing on a permanent peace plan."
28,US denies Iranian report warship was struck by missiles,https://www.bbc.com/news/articles/c775jevkyv2o,14,However a senior Iranian official warned that any US attempt to interfere in the strait would be considered a violation of the ceasefire.
28,US denies Iranian report warship was struck by missiles,https://www.bbc.com/news/articles/c775jevkyv2o,15,"Iran's closure of the channel - which is crucial to oil exports from the Gulf - has seen fuel prices rise globally and also left thousands of sailors stranded on some 2,000 ships trapped by the blockade."
28,US denies Iranian report warship was struck by missiles,https://www.bbc.com/news/articles/c775jevkyv2o,16,About 20% of the world's oil and liquefied natural gas usually passes through the strait.
28,US denies Iranian report warship was struck by missiles,https://www.bbc.com/news/articles/c775jevkyv2o,17,"In Trump's post on social media, he said ""countries from all over the world"" had asked the US if they could help free up the ships, describing them as ""merely neutral and innocent bystanders""."
28,US denies Iranian report warship was struck by missiles,https://www.bbc.com/news/articles/c775jevkyv2o,18,"Trump added the operation will be made on behalf of the US, Iran and other Middle Eastern nations, without listing which countries."
28,US denies Iranian report warship was struck by missiles,https://www.bbc.com/news/articles/c775jevkyv2o,19,He did not provide further details on how the operation would be managed.
28,US denies Iranian report warship was struck by missiles,https://www.bbc.com/news/articles/c775jevkyv2o,20,"He also said that US representatives were having ""very positive"" discussions with Iran, and that those talks ""could lead to something very positive for all""."
28,US denies Iranian report warship was struck by missiles,https://www.bbc.com/news/articles/c775jevkyv2o,21,"An estimated 20,000 sailors have been trapped in the Gulf since the start of the war with Iran."
28,US denies Iranian report warship was struck by missiles,https://www.bbc.com/news/articles/c775jevkyv2o,22,There has been growing concern over dwindling supplies and the effects on sailors' physical and mental health.
28,US denies Iranian report warship was struck by missiles,https://www.bbc.com/news/articles/c775jevkyv2o,23,"The United Kingdom Maritime Transportation Operation (UKMTO) on Sunday reported that a tanker had been hit by an ""unknown projectile"" in the strait, adding that the crew were safe."
28,US denies Iranian report warship was struck by missiles,https://www.bbc.com/news/articles/c775jevkyv2o,24,"On Monday, the United Arab Emirates said a tanker affiliated with Adnoc, its state-owned oil company, was hit in the strait, adding that no-one was injured."
28,US denies Iranian report warship was struck by missiles,https://www.bbc.com/news/articles/c775jevkyv2o,25,"Also on Monday, the Pakistani government said 22 crew members from Iranian container ship Touska - seized by the US last month - will be ""handed over to the Iranian authorities""."
28,US denies Iranian report warship was struck by missiles,https://www.bbc.com/news/articles/c775jevkyv2o,26,The BBC was told by a senior official that 15 of them were handed to Iranian officials at the Gabd–Rimdan border crossing in Balochistan.
28,US denies Iranian report warship was struck by missiles,https://www.bbc.com/news/articles/c775jevkyv2o,27,The official did now clarify why the remaining seven crew were not handed over.
28,US denies Iranian report warship was struck by missiles,https://www.bbc.com/news/articles/c775jevkyv2o,28,"The Touska was intercepted on its way to an Iranian port as part of the US's blockade, with the crew evacuated to Pakistan."
28,US denies Iranian report warship was struck by missiles,https://www.bbc.com/news/articles/c775jevkyv2o,29,"Pakistan said the repatriation of the crew is ""a confidence-building measure by the United States of America""."
28,US denies Iranian report warship was struck by missiles,https://www.bbc.com/news/articles/c775jevkyv2o,30,Trump's announcement came after Iranian state-linked media said Tehran had received a US response to its latest peace proposal.
28,US denies Iranian report warship was struck by missiles,https://www.bbc.com/news/articles/c775jevkyv2o,31,"Iran said the response, delivered via Pakistan, was being reviewed, according to Iran's semi-official Tasnim news agency."
28,US denies Iranian report warship was struck by missiles,https://www.bbc.com/news/articles/c775jevkyv2o,32,The US is yet to formally confirm it has replied to Iran.
28,US denies Iranian report warship was struck by missiles,https://www.bbc.com/news/articles/c775jevkyv2o,33,"However, Trump reportedly told Israel's Kan News on Sunday that the proposal was unacceptable to him."
28,US denies Iranian report warship was struck by missiles,https://www.bbc.com/news/articles/c775jevkyv2o,34,"Iranian state media said Tehran's 14-point peace plan asked for Washington to withdraw its forces from near Iran's borders and end its naval blockade of Iranian ports, and for all hostilities to cease - including Israel's offensive in Lebanon."
28,US denies Iranian report warship was struck by missiles,https://www.bbc.com/news/articles/c775jevkyv2o,35,It also called for an agreement between the two countries to be reached within 30 days.
28,US denies Iranian report warship was struck by missiles,https://www.bbc.com/news/articles/c775jevkyv2o,36,"Iranian state media added that the proposal urged the two warring sides to focus on ""ending the war"" rather than extending a current ceasefire."
28,US denies Iranian report warship was struck by missiles,https://www.bbc.com/news/articles/c775jevkyv2o,37,"Iranian foreign ministry spokesman Esmaeil Baghaei was quoted by state media as saying that ""at this stage, we do not have nuclear negotiations"" - a key demand by Washington."
28,US denies Iranian report warship was struck by missiles,https://www.bbc.com/news/articles/c775jevkyv2o,38,"Iran has repeatedly denied it is seeking a nuclear bomb and says its programme is only for peaceful purposes, though the country is the only non-nuclear-armed state to have enriched uranium at near weapons-grade level."
28,US denies Iranian report warship was struck by missiles,https://www.bbc.com/news/articles/c775jevkyv2o,39,"On Saturday, Trump confirmed that Washington had received the latest Iranian peace proposal."
28,US denies Iranian report warship was struck by missiles,https://www.bbc.com/news/articles/c775jevkyv2o,40,"In a post on Truth Social, he wrote that he would review the plan, but that he ""can't imagine that it would be acceptable in that they have not yet paid a big enough price for what they have done to humanity, and the world, over the last 47 years""."
28,US denies Iranian report warship was struck by missiles,https://www.bbc.com/news/articles/c775jevkyv2o,41,"Speaking to reporters later on Saturday, he said he had been told ""about the concept of the deal"", adding: ""They're going to give me the exact wording now."""
28,US denies Iranian report warship was struck by missiles,https://www.bbc.com/news/articles/c775jevkyv2o,42,"Asked by the BBC about whether military strikes against targets inside Iran could be renewed, Trump said it was ""a possibility""."
28,US denies Iranian report warship was struck by missiles,https://www.bbc.com/news/articles/c775jevkyv2o,43,"""If they misbehave."
28,US denies Iranian report warship was struck by missiles,https://www.bbc.com/news/articles/c775jevkyv2o,44,"If they do something bad,"" he said."
28,US denies Iranian report warship was struck by missiles,https://www.bbc.com/news/articles/c775jevkyv2o,45,"""But right now we'll see."""
28,US denies Iranian report warship was struck by missiles,https://www.bbc.com/news/articles/c775jevkyv2o,46,"The US president appeared disinclined to withdraw from the conflict entirely, saying ""we're not leaving"" and ""we're going to do it, so nobody has to go back in two years or five years""."
28,US denies Iranian report warship was struck by missiles,https://www.bbc.com/news/articles/c775jevkyv2o,47,"The Iranian state-linked agencies said Tehran's latest proposal was in response to a nine-point US plan, which envisaged a two-month ceasefire."
29,Some Iranians fear the regime is now more entrenched - and ready for revenge,https://www.bbc.com/news/articles/clyp6xxyvzyo,1,They are still there.
29,Some Iranians fear the regime is now more entrenched - and ready for revenge,https://www.bbc.com/news/articles/clyp6xxyvzyo,2,There is no evading the simple fact.
29,Some Iranians fear the regime is now more entrenched - and ready for revenge,https://www.bbc.com/news/articles/clyp6xxyvzyo,3,Everywhere the people walk.
29,Some Iranians fear the regime is now more entrenched - and ready for revenge,https://www.bbc.com/news/articles/clyp6xxyvzyo,4,Wherever they drive.
29,Some Iranians fear the regime is now more entrenched - and ready for revenge,https://www.bbc.com/news/articles/clyp6xxyvzyo,5,Whenever they switch on the television.
29,Some Iranians fear the regime is now more entrenched - and ready for revenge,https://www.bbc.com/news/articles/clyp6xxyvzyo,6,"The faces of assassinated leaders, and those of new rulers, dominate the public space."
29,Some Iranians fear the regime is now more entrenched - and ready for revenge,https://www.bbc.com/news/articles/clyp6xxyvzyo,7,Protests have come and gone.
29,Some Iranians fear the regime is now more entrenched - and ready for revenge,https://www.bbc.com/news/articles/clyp6xxyvzyo,8,A war.
29,Some Iranians fear the regime is now more entrenched - and ready for revenge,https://www.bbc.com/news/articles/clyp6xxyvzyo,9,Then a ceasefire.
29,Some Iranians fear the regime is now more entrenched - and ready for revenge,https://www.bbc.com/news/articles/clyp6xxyvzyo,10,But the regime of the Islamic Republic has endured.
29,Some Iranians fear the regime is now more entrenched - and ready for revenge,https://www.bbc.com/news/articles/clyp6xxyvzyo,11,"In fact, according to Iranians the BBC has spoken to inside the country, far from being weakened the regime is more deeply embedded."
29,Some Iranians fear the regime is now more entrenched - and ready for revenge,https://www.bbc.com/news/articles/clyp6xxyvzyo,12,And it is in a vengeful mood.
29,Some Iranians fear the regime is now more entrenched - and ready for revenge,https://www.bbc.com/news/articles/clyp6xxyvzyo,13,Sana and Diako - not their real names - are a young couple living in Tehran.
29,Some Iranians fear the regime is now more entrenched - and ready for revenge,https://www.bbc.com/news/articles/clyp6xxyvzyo,14,"They are middle class, educated, the kind of people who want to see the end of hardline religious rule."
29,Some Iranians fear the regime is now more entrenched - and ready for revenge,https://www.bbc.com/news/articles/clyp6xxyvzyo,15,To tell their story it is necessary to exclude so many of the details that might give you an idea of their characters and lives.
29,Some Iranians fear the regime is now more entrenched - and ready for revenge,https://www.bbc.com/news/articles/clyp6xxyvzyo,16,This is because such details can be used by the regime to track people who dare speak freely to the foreign media.
29,Some Iranians fear the regime is now more entrenched - and ready for revenge,https://www.bbc.com/news/articles/clyp6xxyvzyo,17,"The journalist assisting the BBC in Iran met Sana and Diako near a park where families were walking with their children, making the most of this period of ceasefire."
29,Some Iranians fear the regime is now more entrenched - and ready for revenge,https://www.bbc.com/news/articles/clyp6xxyvzyo,18,Diako wants to believe that life will get better.
29,Some Iranians fear the regime is now more entrenched - and ready for revenge,https://www.bbc.com/news/articles/clyp6xxyvzyo,19,"""Things will change,"" he says."
29,Some Iranians fear the regime is now more entrenched - and ready for revenge,https://www.bbc.com/news/articles/clyp6xxyvzyo,20,"""It's already changed."""
29,Some Iranians fear the regime is now more entrenched - and ready for revenge,https://www.bbc.com/news/articles/clyp6xxyvzyo,21,"""Changed?"""
29,Some Iranians fear the regime is now more entrenched - and ready for revenge,https://www.bbc.com/news/articles/clyp6xxyvzyo,22,she asks.
29,Some Iranians fear the regime is now more entrenched - and ready for revenge,https://www.bbc.com/news/articles/clyp6xxyvzyo,23,"""It's fallen into the hands of the Revolutionary Guards."
29,Some Iranians fear the regime is now more entrenched - and ready for revenge,https://www.bbc.com/news/articles/clyp6xxyvzyo,24,"The country is a mess."""
29,Some Iranians fear the regime is now more entrenched - and ready for revenge,https://www.bbc.com/news/articles/clyp6xxyvzyo,25,Sana has felt her own emotions change since the US and Israel attacked Iran.
29,Some Iranians fear the regime is now more entrenched - and ready for revenge,https://www.bbc.com/news/articles/clyp6xxyvzyo,26,"""At the beginning, I did not want the war to happen... [But] through the middle of the war, as long as they were targeting key figures, I was genuinely overjoyed with every one of their deaths."""
29,Some Iranians fear the regime is now more entrenched - and ready for revenge,https://www.bbc.com/news/articles/clyp6xxyvzyo,27,"But as the war dragged on, it dawned on Sana, as it did for the Trump White House, that the loss of the Supreme Leader Ayatollah Ali Khamenei and other senior figures did not usher in a new regime more amenable to compromise."
29,Some Iranians fear the regime is now more entrenched - and ready for revenge,https://www.bbc.com/news/articles/clyp6xxyvzyo,28,"""So many of their people are still standing."
29,Some Iranians fear the regime is now more entrenched - and ready for revenge,https://www.bbc.com/news/articles/clyp6xxyvzyo,29,What I had imagined did not come true.
29,Some Iranians fear the regime is now more entrenched - and ready for revenge,https://www.bbc.com/news/articles/clyp6xxyvzyo,30,Everything got worse.
29,Some Iranians fear the regime is now more entrenched - and ready for revenge,https://www.bbc.com/news/articles/clyp6xxyvzyo,31,And we are left with the Islamic Republic.
29,Some Iranians fear the regime is now more entrenched - and ready for revenge,https://www.bbc.com/news/articles/clyp6xxyvzyo,32,"I am gutted that they won this war."""
29,Some Iranians fear the regime is now more entrenched - and ready for revenge,https://www.bbc.com/news/articles/clyp6xxyvzyo,33,It is impossible to tell the scale of support for the regime across Iranian society.
29,Some Iranians fear the regime is now more entrenched - and ready for revenge,https://www.bbc.com/news/articles/clyp6xxyvzyo,34,There are regular public displays of solidarity organised by its supporters.
29,Some Iranians fear the regime is now more entrenched - and ready for revenge,https://www.bbc.com/news/articles/clyp6xxyvzyo,35,By contrast opposition rallies are banned.
29,Some Iranians fear the regime is now more entrenched - and ready for revenge,https://www.bbc.com/news/articles/clyp6xxyvzyo,36,"Our trusted sources in Iran spoke with opposition activists, human rights lawyers and independent journalists and found a mood of foreboding."
29,Some Iranians fear the regime is now more entrenched - and ready for revenge,https://www.bbc.com/news/articles/clyp6xxyvzyo,37,There is a recurring fear: once the war is finally over the state will escalate its campaign of internal repression.
29,Some Iranians fear the regime is now more entrenched - and ready for revenge,https://www.bbc.com/news/articles/clyp6xxyvzyo,38,"According to the Washington-based Human Rights Activists News Agency (HRANA), more than 53,000 were arrested during the anti-regime protests last January, and before the outbreak of the war."
29,Some Iranians fear the regime is now more entrenched - and ready for revenge,https://www.bbc.com/news/articles/clyp6xxyvzyo,39,"Since the war began, many thousands more are believed to have been detained."
29,Some Iranians fear the regime is now more entrenched - and ready for revenge,https://www.bbc.com/news/articles/clyp6xxyvzyo,40,There has also been a record number of executions of political detainees - 21 people hanged during the war.
29,Some Iranians fear the regime is now more entrenched - and ready for revenge,https://www.bbc.com/news/articles/clyp6xxyvzyo,41,It is the highest number in such a short period for over 30 years.
29,Some Iranians fear the regime is now more entrenched - and ready for revenge,https://www.bbc.com/news/articles/clyp6xxyvzyo,42,"Nine of those hanged were connected to the January protests, 10 were for alleged membership of opposition groups, and two were accused of spying."
29,Some Iranians fear the regime is now more entrenched - and ready for revenge,https://www.bbc.com/news/articles/clyp6xxyvzyo,43,Susan - whose name we have changed - is a lawyer working with detainees and says conditions in prison have become much harsher.
29,Some Iranians fear the regime is now more entrenched - and ready for revenge,https://www.bbc.com/news/articles/clyp6xxyvzyo,44,"""Before the war, harsh treatment was reserved for those who were leading the protests, who had Molotov cocktails, or who were armed."
29,Some Iranians fear the regime is now more entrenched - and ready for revenge,https://www.bbc.com/news/articles/clyp6xxyvzyo,45,"But during the war, that harshness has intensified significantly,"" she says."
29,Some Iranians fear the regime is now more entrenched - and ready for revenge,https://www.bbc.com/news/articles/clyp6xxyvzyo,46,Her personal story illustrates how the conflict is dividing some families.
29,Some Iranians fear the regime is now more entrenched - and ready for revenge,https://www.bbc.com/news/articles/clyp6xxyvzyo,47,Her parents are openly pro-regime and she worries they might be targeted if the government was to be overthrown.
29,Some Iranians fear the regime is now more entrenched - and ready for revenge,https://www.bbc.com/news/articles/clyp6xxyvzyo,48,"When she expressed this fear to her brother, who is anti-regime, his reply was chilling: ""Since they want to be martyred, why deny them that right?"""
29,Some Iranians fear the regime is now more entrenched - and ready for revenge,https://www.bbc.com/news/articles/clyp6xxyvzyo,49,Susan wants the war to end but is certain that people like her will come under even greater pressure.
29,Some Iranians fear the regime is now more entrenched - and ready for revenge,https://www.bbc.com/news/articles/clyp6xxyvzyo,50,And she is fearful for the fate of detainees.
29,Some Iranians fear the regime is now more entrenched - and ready for revenge,https://www.bbc.com/news/articles/clyp6xxyvzyo,51,"""I think that if the war ends, the regime will probably take out its rage from this war on the prisoners."
29,Some Iranians fear the regime is now more entrenched - and ready for revenge,https://www.bbc.com/news/articles/clyp6xxyvzyo,52,"I think we're living on borrowed time."""
29,Some Iranians fear the regime is now more entrenched - and ready for revenge,https://www.bbc.com/news/articles/clyp6xxyvzyo,53,"Human rights activists reported four executions so far this year of people accused of links to the Mossad, Israel's foreign intelligence service."
29,Some Iranians fear the regime is now more entrenched - and ready for revenge,https://www.bbc.com/news/articles/clyp6xxyvzyo,54,Independent journalists are among those who fear being targeted by accusations that they are helping the United States or Israel.
29,Some Iranians fear the regime is now more entrenched - and ready for revenge,https://www.bbc.com/news/articles/clyp6xxyvzyo,55,There have been numerous arrests of people accused of sending material to foreign media seen as hostile to the state.
29,Some Iranians fear the regime is now more entrenched - and ready for revenge,https://www.bbc.com/news/articles/clyp6xxyvzyo,56,"One journalist - we are calling him Armin - who spoke to our Tehran colleague told of how just reporting the facts of the war was enough to be arrested, with potentially fatal ramifications."
29,Some Iranians fear the regime is now more entrenched - and ready for revenge,https://www.bbc.com/news/articles/clyp6xxyvzyo,57,"""Before, we might be accused of a political offence."
29,Some Iranians fear the regime is now more entrenched - and ready for revenge,https://www.bbc.com/news/articles/clyp6xxyvzyo,58,"But in the current wartime conditions, if we report on the war, we could be accused of espionage."""
29,Some Iranians fear the regime is now more entrenched - and ready for revenge,https://www.bbc.com/news/articles/clyp6xxyvzyo,59,A charge of spying carries the death sentence in a court system that does the regime's bidding.
29,Some Iranians fear the regime is now more entrenched - and ready for revenge,https://www.bbc.com/news/articles/clyp6xxyvzyo,60,"""Before, we were trying to understand how many people had been harmed or what impact the protests would ultimately have,"" explains Armin."
29,Some Iranians fear the regime is now more entrenched - and ready for revenge,https://www.bbc.com/news/articles/clyp6xxyvzyo,61,"""But now it's different."
29,Some Iranians fear the regime is now more entrenched - and ready for revenge,https://www.bbc.com/news/articles/clyp6xxyvzyo,62,"Now we're focused on staying alive - ourselves and our families."""
29,Some Iranians fear the regime is now more entrenched - and ready for revenge,https://www.bbc.com/news/articles/clyp6xxyvzyo,63,"While his family tries to sleep, Armin is restless."
29,Some Iranians fear the regime is now more entrenched - and ready for revenge,https://www.bbc.com/news/articles/clyp6xxyvzyo,64,"""I lie awake wondering what the future holds."
29,Some Iranians fear the regime is now more entrenched - and ready for revenge,https://www.bbc.com/news/articles/clyp6xxyvzyo,65,"And that uncertainty brings with it terrible anxiety."""
29,Some Iranians fear the regime is now more entrenched - and ready for revenge,https://www.bbc.com/news/articles/clyp6xxyvzyo,66,Little surprise that the opposition has vanished from the streets.
29,Some Iranians fear the regime is now more entrenched - and ready for revenge,https://www.bbc.com/news/articles/clyp6xxyvzyo,67,The regime is master of life and death.
29,Some Iranians fear the regime is now more entrenched - and ready for revenge,https://www.bbc.com/news/articles/clyp6xxyvzyo,68,With additional reporting by Alice Doyard
30,Iran says US has responded to its latest peace proposal,https://www.bbc.com/news/articles/cn0px2x53k2o,1,"Iran has received a US response to its latest peace proposal, Iranian state-linked media have said."
30,Iran says US has responded to its latest peace proposal,https://www.bbc.com/news/articles/cn0px2x53k2o,2,"Iran's foreign ministry spokesperson said the response, delivered via Pakistan, was now being reviewed, according to Tasnim news agency."
30,Iran says US has responded to its latest peace proposal,https://www.bbc.com/news/articles/cn0px2x53k2o,3,The US is yet to formally confirm it has replied to Tehran.
30,Iran says US has responded to its latest peace proposal,https://www.bbc.com/news/articles/cn0px2x53k2o,4,"However, President Donald Trump reportedly told Israel's Kan News on Sunday that the proposal was unacceptable to him."
30,Iran says US has responded to its latest peace proposal,https://www.bbc.com/news/articles/cn0px2x53k2o,5,"Iranian state media said Tehran's 14-point peace plan asked Washington to withdraw its forces from near Iran's borders, end its naval blockade of Iranian ports, and for all hostilities to cease - including Israel's offensive in Lebanon."
30,Iran says US has responded to its latest peace proposal,https://www.bbc.com/news/articles/cn0px2x53k2o,6,It also called for an agreement between the two countries to be reached within 30 days.
30,Iran says US has responded to its latest peace proposal,https://www.bbc.com/news/articles/cn0px2x53k2o,7,"Iranian state media added the proposal urged the two warring sides to focus on ""ending the war"" rather than extending a current ceasefire."
30,Iran says US has responded to its latest peace proposal,https://www.bbc.com/news/articles/cn0px2x53k2o,8,"Iran's Foreign Ministry spokesman Esmaeil Baghaei was quoted by state media as saying that ""at this stage, we do not have nuclear negotiations"" - a key demand by Washington."
30,Iran says US has responded to its latest peace proposal,https://www.bbc.com/news/articles/cn0px2x53k2o,9,"Iran has repeatedly denied it is seeking a bomb and says its programme is only for peaceful purposes, though the country is the only non-nuclear-armed state to have enriched uranium at near weapons-grade level."
30,Iran says US has responded to its latest peace proposal,https://www.bbc.com/news/articles/cn0px2x53k2o,10,"On Sunday, Trump announced that the US would help countries with ships stranded in the Strait of Hormuz."
30,Iran says US has responded to its latest peace proposal,https://www.bbc.com/news/articles/cn0px2x53k2o,11,"""For the good of Iran, the Middle East, and the United States, we have told these Countries that we will guide their Ships safely out of these restricted Waterways, so that they can freely and ably get on with their business,"" he said in a post on social media without specifying which countries."
30,Iran says US has responded to its latest peace proposal,https://www.bbc.com/news/articles/cn0px2x53k2o,12,"Trump said the process, which he called ""Project Freedom"", would start on Monday, adding if it was interfered with the interference ""will have to be dealt with forcefully""."
30,Iran says US has responded to its latest peace proposal,https://www.bbc.com/news/articles/cn0px2x53k2o,13,Iran has severely limited traffic through the strait since the war began in February.
30,Iran says US has responded to its latest peace proposal,https://www.bbc.com/news/articles/cn0px2x53k2o,14,The US has also enforced a naval blockade on Iranian ports.
30,Iran says US has responded to its latest peace proposal,https://www.bbc.com/news/articles/cn0px2x53k2o,15,"On Saturday, Trump confirmed that Washington had received the latest Iranian peace proposal."
30,Iran says US has responded to its latest peace proposal,https://www.bbc.com/news/articles/cn0px2x53k2o,16,"In a brief post on Truth Social, the US president wrote: ""I will soon be reviewing the plan that Iran has just sent to us, but can't imagine that it would be acceptable in that they have not yet paid a big enough price for what they have done to Humanity, and the World, over the last 47 years."""
30,Iran says US has responded to its latest peace proposal,https://www.bbc.com/news/articles/cn0px2x53k2o,17,"Speaking to reporters the same day in Palm Beach, Florida, he said he had been told ""about the concept of the deal"", adding: ""They're going to give me the exact wording now."""
30,Iran says US has responded to its latest peace proposal,https://www.bbc.com/news/articles/cn0px2x53k2o,18,"Asked by the BBC about whether military strikes against targets inside Iran could be renewed, Trump said it was ""a possibility""."
30,Iran says US has responded to its latest peace proposal,https://www.bbc.com/news/articles/cn0px2x53k2o,19,"""If they misbehave."
30,Iran says US has responded to its latest peace proposal,https://www.bbc.com/news/articles/cn0px2x53k2o,20,"If they do something bad,"" he said."
30,Iran says US has responded to its latest peace proposal,https://www.bbc.com/news/articles/cn0px2x53k2o,21,"""But right now we'll see."""
30,Iran says US has responded to its latest peace proposal,https://www.bbc.com/news/articles/cn0px2x53k2o,22,"The US president appeared disinclined to withdraw from the conflict entirely, saying ""we're not leaving"" and ""we're going to do it, so nobody has to go back in two years or five years""."
30,Iran says US has responded to its latest peace proposal,https://www.bbc.com/news/articles/cn0px2x53k2o,23,"The Iranian state-linked agencies said Tehran's latest proposal was in response to a nine-point US plan, which envisaged a two-month ceasefire."
30,Iran says US has responded to its latest peace proposal,https://www.bbc.com/news/articles/cn0px2x53k2o,24,"Trump wrote to members of the US Congress on Friday, arguing he did not need to meet a deadline for legislative approval of the war as the conflict had been ""terminated"" since a ceasefire took effect on 8 April, pausing the clock on any such obligation."
30,Iran says US has responded to its latest peace proposal,https://www.bbc.com/news/articles/cn0px2x53k2o,25,"The ongoing blockade of Iranian ports, he claimed, did not represent a continuation of the conflict."
30,Iran says US has responded to its latest peace proposal,https://www.bbc.com/news/articles/cn0px2x53k2o,26,"By law, a US president must receive the approval of Congress within 60 days of notifying lawmakers of military action, or else cease hostilities."
30,Iran says US has responded to its latest peace proposal,https://www.bbc.com/news/articles/cn0px2x53k2o,27,"Friday was the 60th day since Trump formally notified Congress of strikes against Iran on 2 March, two days after the US and Israel launched their attacks."
30,Iran says US has responded to its latest peace proposal,https://www.bbc.com/news/articles/cn0px2x53k2o,28,"During a series of public remarks on Friday, Trump also repeated his refrain that ""Iran can never have a nuclear weapon""."
30,Iran says US has responded to its latest peace proposal,https://www.bbc.com/news/articles/cn0px2x53k2o,29,"Iran has repeatedly denied it is seeking a bomb and says its programme is only for peaceful purposes, though the country is the only non-nuclear-armed state to have enriched uranium at near weapons-grade level."
30,Iran says US has responded to its latest peace proposal,https://www.bbc.com/news/articles/cn0px2x53k2o,30,"Trump's latest remarks come as US lawmakers - including some from his Republican party - are growing publicly frustrated with what many view as a costly, complex war with murky objectives."
30,Iran says US has responded to its latest peace proposal,https://www.bbc.com/news/articles/cn0px2x53k2o,31,Missouri Republican Senator Josh Hawley called on the Trump administration to begin redeploying forces away from the conflict and argued Congressional approval would be necessary for the war to continue.
30,Iran says US has responded to its latest peace proposal,https://www.bbc.com/news/articles/cn0px2x53k2o,32,"""I don't really want to do that,"" Hawley said."
30,Iran says US has responded to its latest peace proposal,https://www.bbc.com/news/articles/cn0px2x53k2o,33,"""I want to wind it down."""
30,Iran says US has responded to its latest peace proposal,https://www.bbc.com/news/articles/cn0px2x53k2o,34,"Another Republican Senator, Alaska's Lisa Murkowski - a prominent Trump critic - cast doubt on the success of the operation and any potential talks."
30,Iran says US has responded to its latest peace proposal,https://www.bbc.com/news/articles/cn0px2x53k2o,35,"""While the administration may point to ongoing negotiations, events on the ground and the rhetoric coming out of Tehran tell a different story,"" she said."
30,Iran says US has responded to its latest peace proposal,https://www.bbc.com/news/articles/cn0px2x53k2o,36,"""But if the US steps back abruptly and prematurely, we almost certainly leave their critical capabilities intact."
30,Iran says US has responded to its latest peace proposal,https://www.bbc.com/news/articles/cn0px2x53k2o,37,"""And those are not risks that I'm willing to take."
30,Iran says US has responded to its latest peace proposal,https://www.bbc.com/news/articles/cn0px2x53k2o,38,"But the answer is not a blank cheque for another endless war,"" Murkowski added."
31,Concern for jailed Iranian Nobel laureate as brother fears she is dying,https://www.bbc.com/news/articles/c362pd8epw9o,1,Relatives of jailed Iranian human rights campaigner Narges Mohammadi and the Nobel Peace Prize Committee have called for her to be transferred to adequate medical facilities following a sharp reported deterioration of her health.
31,Concern for jailed Iranian Nobel laureate as brother fears she is dying,https://www.bbc.com/news/articles/c362pd8epw9o,2,"Her family said the 54-year-old had been taken from her prison in north-west Iran to a local hospital, calling the move a ""last-minute"" action that may come too late."
31,Concern for jailed Iranian Nobel laureate as brother fears she is dying,https://www.bbc.com/news/articles/c362pd8epw9o,3,"Mohammadi's brother Hamidreza, who lives in Norway, told the BBC's Newshour programme he fears she is dying, and that he wakes up ""waiting for the worst call"" he could get."
31,Concern for jailed Iranian Nobel laureate as brother fears she is dying,https://www.bbc.com/news/articles/c362pd8epw9o,4,Narges Mohammadi was awarded the 2023 Nobel Peace Prize.
31,Concern for jailed Iranian Nobel laureate as brother fears she is dying,https://www.bbc.com/news/articles/c362pd8epw9o,5,She was arrested in December for her criticism of the authorities.
31,Concern for jailed Iranian Nobel laureate as brother fears she is dying,https://www.bbc.com/news/articles/c362pd8epw9o,6,"Last month, Hamidreza Mohammadi said his sister had been found unconscious by fellow inmates at Zanjan Prison in north-west Iran, after suffering a suspected heart attack."
31,Concern for jailed Iranian Nobel laureate as brother fears she is dying,https://www.bbc.com/news/articles/c362pd8epw9o,7,"He added that prison officials had refused to transfer her to a hospital despite her history of cardiac, lung and blood pressure problems."
31,Concern for jailed Iranian Nobel laureate as brother fears she is dying,https://www.bbc.com/news/articles/c362pd8epw9o,8,"The Narges Mohammadi Foundation, run by her family, said on Friday that she had been transferred to a hospital in Zanjan province ""following a catastrophic deterioration in her health""."
31,Concern for jailed Iranian Nobel laureate as brother fears she is dying,https://www.bbc.com/news/articles/c362pd8epw9o,9,"The statement added that it came ""after 140 days of arbitrary detention and the persistent denial of specialised healthcare""."
31,Concern for jailed Iranian Nobel laureate as brother fears she is dying,https://www.bbc.com/news/articles/c362pd8epw9o,10,"On Saturday, Hamidreza Mohammadi told the BBC his sister was suffering from low blood pressure and had had a heart attack."
31,Concern for jailed Iranian Nobel laureate as brother fears she is dying,https://www.bbc.com/news/articles/c362pd8epw9o,11,"He said her previous conditions, including a pulmonary embolism and having undergone stenting and angiography, made ""any treatment by the doctors in Zanjan effectively impossible""."
31,Concern for jailed Iranian Nobel laureate as brother fears she is dying,https://www.bbc.com/news/articles/c362pd8epw9o,12,"He said his sister should be transferred to a hospital in Tehran ""so that her own specialists, who have treated her previously, can take over her care""."
31,Concern for jailed Iranian Nobel laureate as brother fears she is dying,https://www.bbc.com/news/articles/c362pd8epw9o,13,"The call was echoed by Jorgen Watne Frydnes, head of the Nobel Peace Prize committee, who told Reuters news agency that Mohammadi's life was at risk."
31,Concern for jailed Iranian Nobel laureate as brother fears she is dying,https://www.bbc.com/news/articles/c362pd8epw9o,14,"Speaking to Newshour, her brother criticised the Iranian government for deliberately stopping his sister from getting the medical help she needed."
31,Concern for jailed Iranian Nobel laureate as brother fears she is dying,https://www.bbc.com/news/articles/c362pd8epw9o,15,"""I have no doubt that the regime has decided to just get rid of people like Narges and other activists,"" he said."
31,Concern for jailed Iranian Nobel laureate as brother fears she is dying,https://www.bbc.com/news/articles/c362pd8epw9o,16,Iranian authorities have not publicly responded to the accusation or to any part of the Mohammadi family's account.
31,Concern for jailed Iranian Nobel laureate as brother fears she is dying,https://www.bbc.com/news/articles/c362pd8epw9o,17,"Her brother also said he believed the war in Iran had diverted attention away from the plight of prisoners in the country, saying the international community seemed ""reluctant to talk about the real problem""."
31,Concern for jailed Iranian Nobel laureate as brother fears she is dying,https://www.bbc.com/news/articles/c362pd8epw9o,18,"""It seems that oil is now more important than freedom,"" he said, referring to concerns over the key Strait of Hormuz trade route."
31,Concern for jailed Iranian Nobel laureate as brother fears she is dying,https://www.bbc.com/news/articles/c362pd8epw9o,19,"Narges Mohammadi has been arrested 13 times over her lifetime and sentenced to a total of 31 years in prison and 154 lashes, according to her foundation."
31,Concern for jailed Iranian Nobel laureate as brother fears she is dying,https://www.bbc.com/news/articles/c362pd8epw9o,20,"In 2021, she began serving a 13-year sentence on charges of committing ""propaganda activity against the state"" and ""collusion against state security"", which she denied."
31,Concern for jailed Iranian Nobel laureate as brother fears she is dying,https://www.bbc.com/news/articles/c362pd8epw9o,21,"In December 2024, she was given a temporary release from Tehran's notorious Evin prison on medical grounds."
31,Concern for jailed Iranian Nobel laureate as brother fears she is dying,https://www.bbc.com/news/articles/c362pd8epw9o,22,She continued campaigning while undergoing treatment and was arrested in the north-eastern city of Mashhad last December after giving a speech at the memorial ceremony of a fellow human rights activist.
31,Concern for jailed Iranian Nobel laureate as brother fears she is dying,https://www.bbc.com/news/articles/c362pd8epw9o,23,Her family said she was taken to hospital after being beaten during the arrest.
31,Concern for jailed Iranian Nobel laureate as brother fears she is dying,https://www.bbc.com/news/articles/c362pd8epw9o,24,"In early February, Mohammadi was sentenced by a Revolutionary Court to an additional seven-and-a-half years in prison after being convicted of ""gathering and collusion"" and ""propaganda activities"", her lawyer said."
31,Concern for jailed Iranian Nobel laureate as brother fears she is dying,https://www.bbc.com/news/articles/c362pd8epw9o,25,She was transferred without warning the following week to Zanjan prison and has been allowed only limited communication with her family since then.
32,The clandestine network smuggling Starlink tech into Iran to beat internet blackout,https://www.bbc.com/news/articles/cvgzk91leweo,1,"""If even one extra person is able to access the internet, I think it's successful and it's worth it,"" says Sahand."
32,The clandestine network smuggling Starlink tech into Iran to beat internet blackout,https://www.bbc.com/news/articles/cvgzk91leweo,2,"The Iranian man is visibly anxious, speaking to the BBC outside Iran, as he carefully explains how he is part of a clandestine network smuggling satellite internet technology - which is illegal in Iran - into the country."
32,The clandestine network smuggling Starlink tech into Iran to beat internet blackout,https://www.bbc.com/news/articles/cvgzk91leweo,3,"Sahand, whose name we have changed, fears for family members and other contacts inside the country."
32,The clandestine network smuggling Starlink tech into Iran to beat internet blackout,https://www.bbc.com/news/articles/cvgzk91leweo,4,"""If I was identified by the Iranian regime, they might make those I'm in touch with in Iran pay the price,"" he says."
32,The clandestine network smuggling Starlink tech into Iran to beat internet blackout,https://www.bbc.com/news/articles/cvgzk91leweo,5,"For more than two months, Iran has been in digital darkness as the government maintains one of the longest-running national internet shutdowns ever recorded worldwide."
32,The clandestine network smuggling Starlink tech into Iran to beat internet blackout,https://www.bbc.com/news/articles/cvgzk91leweo,6,The current blackout began after the US and Israel launched airstrikes on 28 February.
32,The clandestine network smuggling Starlink tech into Iran to beat internet blackout,https://www.bbc.com/news/articles/cvgzk91leweo,7,"Before that, internet access had been partially restored for just a month following a previous digital shutdown in January, imposed during a deadly regime crackdown on nationwide protests."
32,The clandestine network smuggling Starlink tech into Iran to beat internet blackout,https://www.bbc.com/news/articles/cvgzk91leweo,8,"More than 6,500 protesters were killed and 53,000 arrested, according to the US-based Human Rights Activists News Agency (HRANA)."
32,The clandestine network smuggling Starlink tech into Iran to beat internet blackout,https://www.bbc.com/news/articles/cvgzk91leweo,9,"Officials say the government shut down the internet during the war for security reasons, suggesting the aim is to prevent surveillance, espionage and cyber-attacks."
32,The clandestine network smuggling Starlink tech into Iran to beat internet blackout,https://www.bbc.com/news/articles/cvgzk91leweo,10,The Starlink devices Sahand sends to Iran are one of the most reliable ways of bypassing the shutdown.
32,The clandestine network smuggling Starlink tech into Iran to beat internet blackout,https://www.bbc.com/news/articles/cvgzk91leweo,11,"The white, flat terminals, paired with routers, provide internet access by connecting to a network of satellites owned by Elon Musk's SpaceX company, allowing users to completely bypass Iran's heavily controlled domestic internet."
32,The clandestine network smuggling Starlink tech into Iran to beat internet blackout,https://www.bbc.com/news/articles/cvgzk91leweo,12,"According to Sahand, several people can connect to each terminal at the same time."
32,The clandestine network smuggling Starlink tech into Iran to beat internet blackout,https://www.bbc.com/news/articles/cvgzk91leweo,13,"He says he and others in the network buy them and ""smuggle them through the borders"" in a ""very complex operation"", though he declines to give details."
32,The clandestine network smuggling Starlink tech into Iran to beat internet blackout,https://www.bbc.com/news/articles/cvgzk91leweo,14,"Sahand says he has sent a dozen to Iran since January and ""we are actively looking for other ways to smuggle in more""."
32,The clandestine network smuggling Starlink tech into Iran to beat internet blackout,https://www.bbc.com/news/articles/cvgzk91leweo,15,"The human rights organisation Witness estimated in January that there are at least 50,000 Starlink terminals in Iran."
32,The clandestine network smuggling Starlink tech into Iran to beat internet blackout,https://www.bbc.com/news/articles/cvgzk91leweo,16,Activists say the number is likely to have risen.
32,The clandestine network smuggling Starlink tech into Iran to beat internet blackout,https://www.bbc.com/news/articles/cvgzk91leweo,17,The BBC contacted SpaceX for more details about the use of Starlink in the country but did not receive a response.
32,The clandestine network smuggling Starlink tech into Iran to beat internet blackout,https://www.bbc.com/news/articles/cvgzk91leweo,18,"Last year, the Iranian government passed legislation that made using, buying or selling Starlink devices punishable by up to two years in prison."
32,The clandestine network smuggling Starlink tech into Iran to beat internet blackout,https://www.bbc.com/news/articles/cvgzk91leweo,19,The jail term for distributing or importing more than 10 devices can be up to 10 years.
32,The clandestine network smuggling Starlink tech into Iran to beat internet blackout,https://www.bbc.com/news/articles/cvgzk91leweo,20,"State-affiliated media has reported multiple cases of people being arrested for selling and buying Starlink terminals, including four people - two of them foreign nationals - arrested last month for ""importing satellite internet equipment""."
32,The clandestine network smuggling Starlink tech into Iran to beat internet blackout,https://www.bbc.com/news/articles/cvgzk91leweo,21,It has also reported that some of the arrests include accusations of possessing illegal weapons and sending information to the enemy.
32,The clandestine network smuggling Starlink tech into Iran to beat internet blackout,https://www.bbc.com/news/articles/cvgzk91leweo,22,"However, a market for the terminals in Iran continues, including through a public Persian-language Telegram channel called NasNet."
32,The clandestine network smuggling Starlink tech into Iran to beat internet blackout,https://www.bbc.com/news/articles/cvgzk91leweo,23,"A volunteer involved with the channel from outside Iran told the BBC that approximately 5,000 Starlink terminals have been sold through it in the past two and a half years."
32,The clandestine network smuggling Starlink tech into Iran to beat internet blackout,https://www.bbc.com/news/articles/cvgzk91leweo,24,"Iran has a long history of controlling information, both by pushing its own anti-American and anti-Israeli narratives via state-run media and by restricting reporting about repressive measures used by the regime against its critics."
32,The clandestine network smuggling Starlink tech into Iran to beat internet blackout,https://www.bbc.com/news/articles/cvgzk91leweo,25,"Yet during the January protests, even with the internet shut down, reports and video evidence of extrajudicial killings, arrests and beatings trickled out."
32,The clandestine network smuggling Starlink tech into Iran to beat internet blackout,https://www.bbc.com/news/articles/cvgzk91leweo,26,Much of this information is known or believed by human rights organisations to have come from people accessing social media platforms via Starlink.
32,The clandestine network smuggling Starlink tech into Iran to beat internet blackout,https://www.bbc.com/news/articles/cvgzk91leweo,27,"Iran's current internet set-up has been described as a ""tiered system""."
32,The clandestine network smuggling Starlink tech into Iran to beat internet blackout,https://www.bbc.com/news/articles/cvgzk91leweo,28,"All Iranians have access to a state-controlled domestic network on which services such as banking, ride-hailing and food delivery operate, as well as state-run media."
32,The clandestine network smuggling Starlink tech into Iran to beat internet blackout,https://www.bbc.com/news/articles/cvgzk91leweo,29,"Before the blackouts, Iranians were also able to access the global internet."
32,The clandestine network smuggling Starlink tech into Iran to beat internet blackout,https://www.bbc.com/news/articles/cvgzk91leweo,30,"But many sites and services such as Instagram, Telegram, YouTube and WhatsApp were blocked, and the government set higher prices for access than for the domestic network."
32,The clandestine network smuggling Starlink tech into Iran to beat internet blackout,https://www.bbc.com/news/articles/cvgzk91leweo,31,"Many Iranians circumvented the restrictions by using virtual private networks (VPNs), which connect users to websites via remote servers, concealing their locations."
32,The clandestine network smuggling Starlink tech into Iran to beat internet blackout,https://www.bbc.com/news/articles/cvgzk91leweo,32,Subscriptions for these also pushed up costs.
32,The clandestine network smuggling Starlink tech into Iran to beat internet blackout,https://www.bbc.com/news/articles/cvgzk91leweo,33,"Now, under the blackout, only a select few officials and other individuals, including journalists working for state media, have unfettered internet access using what are known as ""white sim cards""."
32,The clandestine network smuggling Starlink tech into Iran to beat internet blackout,https://www.bbc.com/news/articles/cvgzk91leweo,34,"In 2022, Musk said he was activating Starlink in Iran following severe internet disruptions during protests sparked by the death in custody of an Iranian woman, Mahsa Amini."
32,The clandestine network smuggling Starlink tech into Iran to beat internet blackout,https://www.bbc.com/news/articles/cvgzk91leweo,35,"Since then its use has grown, especially during shutdowns."
32,The clandestine network smuggling Starlink tech into Iran to beat internet blackout,https://www.bbc.com/news/articles/cvgzk91leweo,36,"Now, with the authorities increasingly on the hunt for Starlink terminals, Sahand and his network are advising users to use VPNs with the satellite technology in order to remain incognito."
32,The clandestine network smuggling Starlink tech into Iran to beat internet blackout,https://www.bbc.com/news/articles/cvgzk91leweo,37,"But many people cannot afford it, particularly at a time of economic crisis."
32,The clandestine network smuggling Starlink tech into Iran to beat internet blackout,https://www.bbc.com/news/articles/cvgzk91leweo,38,Sahand is one of three people the BBC has spoken to who say they are involved in smuggling Starlink devices.
32,The clandestine network smuggling Starlink tech into Iran to beat internet blackout,https://www.bbc.com/news/articles/cvgzk91leweo,39,"He says the operation he is involved with, including the purchase of the terminals, is funded by Iranians abroad and others who want to help those in the country."
32,The clandestine network smuggling Starlink tech into Iran to beat internet blackout,https://www.bbc.com/news/articles/cvgzk91leweo,40,He says they do not receive funds from any states.
32,The clandestine network smuggling Starlink tech into Iran to beat internet blackout,https://www.bbc.com/news/articles/cvgzk91leweo,41,The terminals are sent to individuals they believe will use them to share information internationally.
32,The clandestine network smuggling Starlink tech into Iran to beat internet blackout,https://www.bbc.com/news/articles/cvgzk91leweo,42,"""People need internet to be able to share what's happening on the ground,"" says Sahand."
32,The clandestine network smuggling Starlink tech into Iran to beat internet blackout,https://www.bbc.com/news/articles/cvgzk91leweo,43,"""We believe these terminals should be in the hands of those who really need it to make change."""
32,The clandestine network smuggling Starlink tech into Iran to beat internet blackout,https://www.bbc.com/news/articles/cvgzk91leweo,44,"A digital rights group, which asked not to be named, told the BBC it estimates at least 100 people have been arrested for possession of the terminals."
32,The clandestine network smuggling Starlink tech into Iran to beat internet blackout,https://www.bbc.com/news/articles/cvgzk91leweo,45,Sahand says he also knows people who have been arrested for accessing or owning one - none of them procured the device through him.
32,The clandestine network smuggling Starlink tech into Iran to beat internet blackout,https://www.bbc.com/news/articles/cvgzk91leweo,46,"Yasmin, an American-Iranian whose name we have also changed, has told the BBC a male member of her family has been arrested in Iran and accused of espionage for possessing a Starlink terminal."
32,The clandestine network smuggling Starlink tech into Iran to beat internet blackout,https://www.bbc.com/news/articles/cvgzk91leweo,47,"The BBC asked the Iranian embassy in London why only a few people are allowed access to the internet in Iran and why penalties for using Starlink are so severe, but received no response."
32,The clandestine network smuggling Starlink tech into Iran to beat internet blackout,https://www.bbc.com/news/articles/cvgzk91leweo,48,"The Iranian government has, however, admitted the shutdown has hit some businesses hard, with a minister saying in January that every day of internet blackout cost the economy at least 50 trillion rials ($35m; £28m)."
32,The clandestine network smuggling Starlink tech into Iran to beat internet blackout,https://www.bbc.com/news/articles/cvgzk91leweo,49,"It recently launched a scheme called ""Internet Pro"", which allows certain businesses some access to the global internet."
32,The clandestine network smuggling Starlink tech into Iran to beat internet blackout,https://www.bbc.com/news/articles/cvgzk91leweo,50,One man who works for a company in Iran has told the BBC he has been given access via the initiative.
32,The clandestine network smuggling Starlink tech into Iran to beat internet blackout,https://www.bbc.com/news/articles/cvgzk91leweo,51,"Government spokesperson Fatemeh Mohajerani said the intention was ""to maintain business connectivity during the crisis""."
32,The clandestine network smuggling Starlink tech into Iran to beat internet blackout,https://www.bbc.com/news/articles/cvgzk91leweo,52,"She also said the government was ""completely opposed to communication injustice"" and once the situation returns to normal ""the situation of the Internet will also change""."
32,The clandestine network smuggling Starlink tech into Iran to beat internet blackout,https://www.bbc.com/news/articles/cvgzk91leweo,53,"""Communications blackouts are a clear violation of human rights and they can never be justified,"" Marwa Fatafta, regional policy and advocacy director at Access Now, a digital rights group, told the BBC World Service, ahead of World Press Freedom Day on 3 May."
32,The clandestine network smuggling Starlink tech into Iran to beat internet blackout,https://www.bbc.com/news/articles/cvgzk91leweo,54,"She warns that internet blackouts are becoming a ""new norm""."
32,The clandestine network smuggling Starlink tech into Iran to beat internet blackout,https://www.bbc.com/news/articles/cvgzk91leweo,55,"According to Access Now, there were 313 of them across 52 countries in 2025, the highest number globally since it began tracking them in 2016."
32,The clandestine network smuggling Starlink tech into Iran to beat internet blackout,https://www.bbc.com/news/articles/cvgzk91leweo,56,"The executive director for the Abdorrahman Boroumand Centre for Human Rights, Roya Boroumand, says that an information vacuum in Iran ""allows the state to broadcast its narrative, ie portray protesters as violent actors or foreign agents, while its victims, including those sentenced to death, and informed sources are silenced""."
32,The clandestine network smuggling Starlink tech into Iran to beat internet blackout,https://www.bbc.com/news/articles/cvgzk91leweo,57,"""The Iranian regime has proven that during a shutdown, they can kill,"" he says."
32,The clandestine network smuggling Starlink tech into Iran to beat internet blackout,https://www.bbc.com/news/articles/cvgzk91leweo,58,"""It is super crucial for Iranians to be able to portray the real picture of the situation on the ground."""
32,The clandestine network smuggling Starlink tech into Iran to beat internet blackout,https://www.bbc.com/news/articles/cvgzk91leweo,59,"He says those who voluntarily sign up to help with the smuggling ""are aware of the risk""."
32,The clandestine network smuggling Starlink tech into Iran to beat internet blackout,https://www.bbc.com/news/articles/cvgzk91leweo,60,"But he adds ""it's a fight"" and ""we feel somehow we have to intervene and help""."
33,US threatens shipping firms with sanctions if they pay Iran tolls,https://www.bbc.com/news/articles/c3v2l2qq9qlo,1,The US has warned shipping companies they could face sanctions if they pay Iran for safe passage through the Strait of Hormuz.
33,US threatens shipping firms with sanctions if they pay Iran tolls,https://www.bbc.com/news/articles/c3v2l2qq9qlo,2,"An alert on Friday by the US Office of Foreign Assets Control (OFAC) warned US persons and companies were generally banned from paying Iranian government entities, and non-US persons may risk exposure to sanctions if they pay."
33,US threatens shipping firms with sanctions if they pay Iran tolls,https://www.bbc.com/news/articles/c3v2l2qq9qlo,3,"""Maritime industry participants involved with vessels calling at Iranian ports face significant sanctions risk under multiple sanctions authorities targeting Iran's shipping sector and ports"", OFAC said."
33,US threatens shipping firms with sanctions if they pay Iran tolls,https://www.bbc.com/news/articles/c3v2l2qq9qlo,4,Iran has severely limited traffic through the strait since the war began in February.
33,US threatens shipping firms with sanctions if they pay Iran tolls,https://www.bbc.com/news/articles/c3v2l2qq9qlo,5,The US has also enforced a naval blockade on Iranian ports.
33,US threatens shipping firms with sanctions if they pay Iran tolls,https://www.bbc.com/news/articles/c3v2l2qq9qlo,6,"Iran has called the US interception of ships entering and leaving Iranian ports under the blockade ""piracy""."
33,US threatens shipping firms with sanctions if they pay Iran tolls,https://www.bbc.com/news/articles/c3v2l2qq9qlo,7,"Tehran says it has collected tolls from ships in order to navigate freely through the strait, with Hamidreza Haji Bababei, deputy speaker of Iran's Parliament, last week claiming the first toll revenue had been deposited with the country's Central Bank."
33,US threatens shipping firms with sanctions if they pay Iran tolls,https://www.bbc.com/news/articles/c3v2l2qq9qlo,8,"No further detail was provided on the amount of the toll, the method of collection nor who paid it."
33,US threatens shipping firms with sanctions if they pay Iran tolls,https://www.bbc.com/news/articles/c3v2l2qq9qlo,9,The BBC could not independently verify this claim.
33,US threatens shipping firms with sanctions if they pay Iran tolls,https://www.bbc.com/news/articles/c3v2l2qq9qlo,10,"OFAC's alert said payments could involve cash as well as ""digital assets, offsets, informal swaps, or other in-kind payments,"" including charitable donations and payments at Iranian embassies."
33,US threatens shipping firms with sanctions if they pay Iran tolls,https://www.bbc.com/news/articles/c3v2l2qq9qlo,11,"The agency warned that non-US persons who pay could also face civil and criminal enforcement liability if payments cause US persons, such as insurers and financial institutions, to violate sanctions."
33,US threatens shipping firms with sanctions if they pay Iran tolls,https://www.bbc.com/news/articles/c3v2l2qq9qlo,12,"OFAC said it ""will continue to aggressively target Iran's main revenue-generating sectors, in particular its petroleum and petrochemical sectors""."
33,US threatens shipping firms with sanctions if they pay Iran tolls,https://www.bbc.com/news/articles/c3v2l2qq9qlo,13,"The US Treasury also announced sanctions on three Iranian foreign currency exchange houses on Friday, saying they have converted oil revenue into more usable currencies."
33,US threatens shipping firms with sanctions if they pay Iran tolls,https://www.bbc.com/news/articles/c3v2l2qq9qlo,14,"Treasury Secretary Scott Bessent said his agency would ""relentlessly target the regime's ability to generate, move and repatriate funds, and pursue anyone enabling Tehran's attempts to evade sanctions""."
33,US threatens shipping firms with sanctions if they pay Iran tolls,https://www.bbc.com/news/articles/c3v2l2qq9qlo,15,"After the US and Israel attacked Iran on 28 February, Iran has been targeting and striking ships passing through the Strait of Hormuz, including seizing two of them."
33,US threatens shipping firms with sanctions if they pay Iran tolls,https://www.bbc.com/news/articles/c3v2l2qq9qlo,16,"The US has also enforced a naval blockade since 13 April, stopping all ships from travelling to or from Iranian ports."
33,US threatens shipping firms with sanctions if they pay Iran tolls,https://www.bbc.com/news/articles/c3v2l2qq9qlo,17,Trump had hoped the blockade would put pressure on Iran by targeting its revenue from the tolls and oil sales.
33,US threatens shipping firms with sanctions if they pay Iran tolls,https://www.bbc.com/news/articles/c3v2l2qq9qlo,18,US Central Command (Centcom) said on Friday that 45 commercial ships have been told to turn around since the blockade began.
33,US threatens shipping firms with sanctions if they pay Iran tolls,https://www.bbc.com/news/articles/c3v2l2qq9qlo,19,"About 3,000 ships typically pass through the strait each month, but that number has dropped sharply to just a handful each day."
33,US threatens shipping firms with sanctions if they pay Iran tolls,https://www.bbc.com/news/articles/c3v2l2qq9qlo,20,"The strait is a crucial shipping channel for oil and other goods including food, medicines and technological supplies."
33,US threatens shipping firms with sanctions if they pay Iran tolls,https://www.bbc.com/news/articles/c3v2l2qq9qlo,21,"UNHCR, the UN refugee agency, said on Friday that the closure of key maritime routes has forced the use of longer and more expensive alternatives to transport aid."
33,US threatens shipping firms with sanctions if they pay Iran tolls,https://www.bbc.com/news/articles/c3v2l2qq9qlo,22,"Higher transport and fuel costs ""disproportionately affect people in emergencies"", including refugees and displaced people, the agency said."
33,US threatens shipping firms with sanctions if they pay Iran tolls,https://www.bbc.com/news/articles/c3v2l2qq9qlo,23,"The cost of delivering aid to Sudan, entering its fourth year of war, has doubled in recent months, as rerouting shipments around the Cape of Good Hope in South Africa adds up to 25 days in delivery time."
33,US threatens shipping firms with sanctions if they pay Iran tolls,https://www.bbc.com/news/articles/c3v2l2qq9qlo,24,The UN agency said it has adapted quickly by rerouting sea cargo and relying more on land corridors.
33,US threatens shipping firms with sanctions if they pay Iran tolls,https://www.bbc.com/news/articles/c3v2l2qq9qlo,25,"But it warned that ""if instability in the Middle East persists, rising costs, delays and limited transport capacity are likely to constrain humanitarian operations further."""
33,US threatens shipping firms with sanctions if they pay Iran tolls,https://www.bbc.com/news/articles/c3v2l2qq9qlo,26,The US and Iran began a fragile ceasefire on 8 April.
33,US threatens shipping firms with sanctions if they pay Iran tolls,https://www.bbc.com/news/articles/c3v2l2qq9qlo,27,"Since then, the two countries have held talks, but no long-term deal has been reached."
33,US threatens shipping firms with sanctions if they pay Iran tolls,https://www.bbc.com/news/articles/c3v2l2qq9qlo,28,"Iran gave mediators in Pakistan a proposal to end the war on Thursday night, according to Iran's state-run IRNA news agency."
33,US threatens shipping firms with sanctions if they pay Iran tolls,https://www.bbc.com/news/articles/c3v2l2qq9qlo,29,"However, US President Donald Trump has responded negatively to the proposal."
33,US threatens shipping firms with sanctions if they pay Iran tolls,https://www.bbc.com/news/articles/c3v2l2qq9qlo,30,"""They want to make a deal, I'm not excited, so we'll see what happens,"" Trump said on Friday."
33,US threatens shipping firms with sanctions if they pay Iran tolls,https://www.bbc.com/news/articles/c3v2l2qq9qlo,31,"He added: ""Because they have no military left, essentially."
33,US threatens shipping firms with sanctions if they pay Iran tolls,https://www.bbc.com/news/articles/c3v2l2qq9qlo,32,"I'm not sure if they ever get there."""
33,US threatens shipping firms with sanctions if they pay Iran tolls,https://www.bbc.com/news/articles/c3v2l2qq9qlo,33,"The president did not give details about the proposal or explain why he was not satisfied, but said: ""They're asking for things that I can't agree to."""
33,US threatens shipping firms with sanctions if they pay Iran tolls,https://www.bbc.com/news/articles/c3v2l2qq9qlo,34,"He also voiced frustration with Iran's leadership, saying: ""It's a very disjointed leadership."
33,US threatens shipping firms with sanctions if they pay Iran tolls,https://www.bbc.com/news/articles/c3v2l2qq9qlo,35,"They all want to make a deal, but they're all messed up."""
33,US threatens shipping firms with sanctions if they pay Iran tolls,https://www.bbc.com/news/articles/c3v2l2qq9qlo,36,"After Iran's Supreme Leader Ali Khamenei was killed in US and Israeli strikes on the first day of the war, his son Mojtaba Khamenei succeeded him."
33,US threatens shipping firms with sanctions if they pay Iran tolls,https://www.bbc.com/news/articles/c3v2l2qq9qlo,37,"However, decision-making seems less centralised than it was before the war."
33,US threatens shipping firms with sanctions if they pay Iran tolls,https://www.bbc.com/news/articles/c3v2l2qq9qlo,38,"On Thursday, Trump said he was briefed on options for Iran ranging from ""blast the hell out of them and finish them forever"" to ""make a deal""."
33,US threatens shipping firms with sanctions if they pay Iran tolls,https://www.bbc.com/news/articles/c3v2l2qq9qlo,39,The conflict began after the US and Israel carried out wide-ranging strikes on Iran in February.
33,US threatens shipping firms with sanctions if they pay Iran tolls,https://www.bbc.com/news/articles/c3v2l2qq9qlo,40,Iran responded by launching attacks on Israel and US-allied states in the Gulf.
33,US threatens shipping firms with sanctions if they pay Iran tolls,https://www.bbc.com/news/articles/c3v2l2qq9qlo,41,"The US and Israel said Iran was trying to develop a nuclear bomb, which Tehran has strongly denied."
34,Trump claims other presidents flouted war powers law. It's a mixed record,https://www.bbc.com/news/articles/c794zlx5lx8o,1,"President Donald Trump has insisted he doesn't need congressional authorisation to continue the war with Iran, arguing that past US commanders-in-chief didn't seek such approval."
34,Trump claims other presidents flouted war powers law. It's a mixed record,https://www.bbc.com/news/articles/c794zlx5lx8o,2,"As a critical two-month deadline for the war expired on Friday, Trump said his predecessors considered Congress' authority to limit a president's war powers as ""totally unconstitutional""."
34,Trump claims other presidents flouted war powers law. It's a mixed record,https://www.bbc.com/news/articles/c794zlx5lx8o,3,"""So many presidents, as you know, have gone and exceeded it,"" Trump said when asked if he would seek congressional authorisation."
34,Trump claims other presidents flouted war powers law. It's a mixed record,https://www.bbc.com/news/articles/c794zlx5lx8o,4,"""It's never been used."
34,Trump claims other presidents flouted war powers law. It's a mixed record,https://www.bbc.com/news/articles/c794zlx5lx8o,5,"It's never been adhered to."""
34,Trump claims other presidents flouted war powers law. It's a mixed record,https://www.bbc.com/news/articles/c794zlx5lx8o,6,"""Nobody's ever asked for it before,"" Trump added."
34,Trump claims other presidents flouted war powers law. It's a mixed record,https://www.bbc.com/news/articles/c794zlx5lx8o,7,"The reality is more complicated, however."
34,Trump claims other presidents flouted war powers law. It's a mixed record,https://www.bbc.com/news/articles/c794zlx5lx8o,8,"Trump is required by a 1973 war powers resolution to ""terminate any use of United States Armed Forces"" in Iran 60 days after notifying Congress of the start of the war, unless lawmakers vote to continue the conflict."
34,Trump claims other presidents flouted war powers law. It's a mixed record,https://www.bbc.com/news/articles/c794zlx5lx8o,9,The legislation was passed to limit the ability of then-President Richard Nixon to continue waging war in Vietnam.
34,Trump claims other presidents flouted war powers law. It's a mixed record,https://www.bbc.com/news/articles/c794zlx5lx8o,10,"Friday marked the 60th day since 28 February, when the administration notified lawmakers of the strikes against Tehran."
34,Trump claims other presidents flouted war powers law. It's a mixed record,https://www.bbc.com/news/articles/c794zlx5lx8o,11,But Trump and Defence Secretary Pete Hegseth contend that the deadline clock paused when the current ceasefire went into effect.
34,Trump claims other presidents flouted war powers law. It's a mixed record,https://www.bbc.com/news/articles/c794zlx5lx8o,12,It has sparked a debate about whether or not the truce counts towards the 60-day deadline.
34,Trump claims other presidents flouted war powers law. It's a mixed record,https://www.bbc.com/news/articles/c794zlx5lx8o,13,"Regardless, some of Trump's recent predecessors sought to comply with war powers authority vested in Congress."
34,Trump claims other presidents flouted war powers law. It's a mixed record,https://www.bbc.com/news/articles/c794zlx5lx8o,14,"In 1983, President Ronald Reagan received congressional approval to deploy US Marines in Lebanon inside of the 60-day notification window, ensuring the military campaign complied with the law."
34,Trump claims other presidents flouted war powers law. It's a mixed record,https://www.bbc.com/news/articles/c794zlx5lx8o,15,"President George HW Bush sought congressional authorisation for the 1991 Gulf War before launching Operation Desert Storm, even as he argued that approval from lawmakers wasn't required."
34,Trump claims other presidents flouted war powers law. It's a mixed record,https://www.bbc.com/news/articles/c794zlx5lx8o,16,"His son, George W Bush, won approval from Congress for wars he waged in Afghanistan (2001) and Iraq (2003)."
34,Trump claims other presidents flouted war powers law. It's a mixed record,https://www.bbc.com/news/articles/c794zlx5lx8o,17,But Trump is right that other presidents skirted round the war powers law.
34,Trump claims other presidents flouted war powers law. It's a mixed record,https://www.bbc.com/news/articles/c794zlx5lx8o,18,"Under President Bill Clinton, the 1999 US bombing campaign in Kosovo blew past the 60-day limit without him seeking authorisation from Congress."
34,Trump claims other presidents flouted war powers law. It's a mixed record,https://www.bbc.com/news/articles/c794zlx5lx8o,19,"President Barack Obama argued that the US military campaign in Libya in 2011 did not qualify as ""hostilities"" under the Nixon-era law, and continued the campaign past the 60-day window without congressional approval."
34,Trump claims other presidents flouted war powers law. It's a mixed record,https://www.bbc.com/news/articles/c794zlx5lx8o,20,That Nato-led intervention ended up lasting more than seven months.
34,Trump claims other presidents flouted war powers law. It's a mixed record,https://www.bbc.com/news/articles/c794zlx5lx8o,21,"David Schultz, a professor of political science and legal studies at Minnesota-based Hamline University, told the BBC: ""Just because other presidents haven't invoked it [the 1973 law] doesn't mean that what Trump is doing here is correct."""
34,Trump claims other presidents flouted war powers law. It's a mixed record,https://www.bbc.com/news/articles/c794zlx5lx8o,22,"He added: ""Here, Trump has basically committed us to combat without any support from Congress."
34,Trump claims other presidents flouted war powers law. It's a mixed record,https://www.bbc.com/news/articles/c794zlx5lx8o,23,"""And if we go back to the founding of this country, go back 1776, 1787, one of the fears that our framers had was strong executives committing us to wars without the support of the legislative branch."""
34,Trump claims other presidents flouted war powers law. It's a mixed record,https://www.bbc.com/news/articles/c794zlx5lx8o,24,"Trump has frequently pointed out that the Iran hostilities have been short compared with other conflicts, citing the wars in Vietnam (19 years), Iraq (nearly nine years), World War Two (six years) and Korea (three years)."
34,Trump claims other presidents flouted war powers law. It's a mixed record,https://www.bbc.com/news/articles/c794zlx5lx8o,25,"But with Washington and Tehran still deadlocked over control of the Strait of Hormuz and Iran's nuclear programme, Trump's off-ramp from the conflict is unclear."
34,Trump claims other presidents flouted war powers law. It's a mixed record,https://www.bbc.com/news/articles/c794zlx5lx8o,26,"As Obama said in 2014 of the US war in Afghanistan: ""It's harder to end wars than it is to begin them."""
35,Trump repeats that he is 'not happy' with Iran as deadline to seek approval for war looms,https://www.bbc.com/news/articles/cvgz7l5v03po,1,The Trump administration has argued that the clock is paused on a deadline to seek approval from Congress for the US-Israeli war with Iran even as questions about whether a deal is any closer remained unanswered on Friday.
35,Trump repeats that he is 'not happy' with Iran as deadline to seek approval for war looms,https://www.bbc.com/news/articles/cvgz7l5v03po,2,Friday is the 60th day since Trump formally notified Congress of the strikes against Iran on 2 March.
35,Trump repeats that he is 'not happy' with Iran as deadline to seek approval for war looms,https://www.bbc.com/news/articles/cvgz7l5v03po,3,"US law requires a president to ""terminate any use of United States Armed Forces"" within 60 days of such a notification - without Congress' permission."
35,Trump repeats that he is 'not happy' with Iran as deadline to seek approval for war looms,https://www.bbc.com/news/articles/cvgz7l5v03po,4,"A senior administration official said hostilities with Iran had ""terminated"", emphasising a ceasefire has been in effect since early April."
35,Trump repeats that he is 'not happy' with Iran as deadline to seek approval for war looms,https://www.bbc.com/news/articles/cvgz7l5v03po,5,"Despite the ceasefire, the two sides have not yet reached a longer-term deal via talks, though Iranian media reported a new proposal from Tehran sent to Pakistan on Friday."
35,Trump repeats that he is 'not happy' with Iran as deadline to seek approval for war looms,https://www.bbc.com/news/articles/cvgz7l5v03po,6,Iranian state ​news agency IRNA reported that a proposal for negotiations with the US was sent to Pakistan intermediaries.
35,Trump repeats that he is 'not happy' with Iran as deadline to seek approval for war looms,https://www.bbc.com/news/articles/cvgz7l5v03po,7,"The news agency did not publish the details, and it's unclear if the proposal has reached the US."
35,Trump repeats that he is 'not happy' with Iran as deadline to seek approval for war looms,https://www.bbc.com/news/articles/cvgz7l5v03po,8,"President Trump told reporters on Friday afternoon: ""We just had a conversation with Iran."
35,Trump repeats that he is 'not happy' with Iran as deadline to seek approval for war looms,https://www.bbc.com/news/articles/cvgz7l5v03po,9,Let's see what happens.
35,Trump repeats that he is 'not happy' with Iran as deadline to seek approval for war looms,https://www.bbc.com/news/articles/cvgz7l5v03po,10,"But, I would say that I am not happy."""
35,Trump repeats that he is 'not happy' with Iran as deadline to seek approval for war looms,https://www.bbc.com/news/articles/cvgz7l5v03po,11,"He said a deal has been hard to reach in part because Iranian leadership was ""very confused"", after a number of its top military officials were killed in the war."
35,Trump repeats that he is 'not happy' with Iran as deadline to seek approval for war looms,https://www.bbc.com/news/articles/cvgz7l5v03po,12,"Trump said he was briefed with options by US Central Command on Thursday, ranging from ""blast the hell out of them and finish them forever"" to ""make a deal""."
35,Trump repeats that he is 'not happy' with Iran as deadline to seek approval for war looms,https://www.bbc.com/news/articles/cvgz7l5v03po,13,"Oil prices, which have increased sharply since Iran closed the Strait of Hormuz, dropped after news of Tehran's latest offer."
35,Trump repeats that he is 'not happy' with Iran as deadline to seek approval for war looms,https://www.bbc.com/news/articles/cvgz7l5v03po,14,The key shipping channel is still effectively closed - causing economic impacts around the world.
35,Trump repeats that he is 'not happy' with Iran as deadline to seek approval for war looms,https://www.bbc.com/news/articles/cvgz7l5v03po,15,"US Secretary of Defence Pete Hegseth defended the administration's position on the deadline and ceasefire during questioning from members of the Senate, or upper chamber, on Thursday."
35,Trump repeats that he is 'not happy' with Iran as deadline to seek approval for war looms,https://www.bbc.com/news/articles/cvgz7l5v03po,16,"""We are in a ceasefire right now, which our understanding means the 60-day clock pauses or stops in a ceasefire,"" he said."
35,Trump repeats that he is 'not happy' with Iran as deadline to seek approval for war looms,https://www.bbc.com/news/articles/cvgz7l5v03po,17,"The questioner, Democratic Senator Tim Kaine, responded: ""I do not believe the statute would support that."
35,Trump repeats that he is 'not happy' with Iran as deadline to seek approval for war looms,https://www.bbc.com/news/articles/cvgz7l5v03po,18,"I think the 60 days runs maybe tomorrow, and it's going to pose a really important legal question for the administration there."""
35,Trump repeats that he is 'not happy' with Iran as deadline to seek approval for war looms,https://www.bbc.com/news/articles/cvgz7l5v03po,19,"The relevant piece of US law, the decades-old War Powers Resolution, makes certain requirements of a president ""within sixty calendar days"" of their use of US armed forces within a combat."
35,Trump repeats that he is 'not happy' with Iran as deadline to seek approval for war looms,https://www.bbc.com/news/articles/cvgz7l5v03po,20,"It requires them to end the use of those forces unless Congress makes a formal declaration of war or allows the president an extension, up to 30 days in length, for the ""prompt removal"" of troops."
35,Trump repeats that he is 'not happy' with Iran as deadline to seek approval for war looms,https://www.bbc.com/news/articles/cvgz7l5v03po,21,The legislation was passed in 1973 to limit the ability of then-President Richard Nixon to continue waging war in Vietnam.
35,Trump repeats that he is 'not happy' with Iran as deadline to seek approval for war looms,https://www.bbc.com/news/articles/cvgz7l5v03po,22,"A senior Trump administration official said: ""For War Powers Resolution purposes, the hostilities that began on Saturday, February 28 have terminated."""
35,Trump repeats that he is 'not happy' with Iran as deadline to seek approval for war looms,https://www.bbc.com/news/articles/cvgz7l5v03po,23,"The official highlighted that the initial two-week ceasefire had been extended, and said that there had been no exchange of fire between the US and Iran since 7 April."
35,Trump repeats that he is 'not happy' with Iran as deadline to seek approval for war looms,https://www.bbc.com/news/articles/cvgz7l5v03po,24,Some experts have questioned the Trump administration's interpretation of the legislation and whether legally a ceasefire is in effect.
35,Trump repeats that he is 'not happy' with Iran as deadline to seek approval for war looms,https://www.bbc.com/news/articles/cvgz7l5v03po,25,"""The secretary's claim about hostilities coming to an end does not match up to the evidence,"" said Prof Heather Brandon-Smith, from Georgetown University Law in Washington DC."
35,Trump repeats that he is 'not happy' with Iran as deadline to seek approval for war looms,https://www.bbc.com/news/articles/cvgz7l5v03po,26,"""Hostilities have not ceased."
35,Trump repeats that he is 'not happy' with Iran as deadline to seek approval for war looms,https://www.bbc.com/news/articles/cvgz7l5v03po,27,The US has instituted a blockade of Iranian ports.
35,Trump repeats that he is 'not happy' with Iran as deadline to seek approval for war looms,https://www.bbc.com/news/articles/cvgz7l5v03po,28,This is an act of war.
35,Trump repeats that he is 'not happy' with Iran as deadline to seek approval for war looms,https://www.bbc.com/news/articles/cvgz7l5v03po,29,"This is hostility,"" she said."
35,Trump repeats that he is 'not happy' with Iran as deadline to seek approval for war looms,https://www.bbc.com/news/articles/cvgz7l5v03po,30,"Brandon-Smith added that although the War Powers Resolution does not define ""hostilities"", the term was deliberately used to capture a broad range of conduct."
35,Trump repeats that he is 'not happy' with Iran as deadline to seek approval for war looms,https://www.bbc.com/news/articles/cvgz7l5v03po,31,"The US blockade of Iranian ports ""are clearly acts of hostilities that were intended to and do come under the War Powers Resolution,"" she said."
35,Trump repeats that he is 'not happy' with Iran as deadline to seek approval for war looms,https://www.bbc.com/news/articles/cvgz7l5v03po,32,"Brandon-Smith stated that even if a ceasefire is legally in effect, it would not stop the clock on the 60-day timeframe."
35,Trump repeats that he is 'not happy' with Iran as deadline to seek approval for war looms,https://www.bbc.com/news/articles/cvgz7l5v03po,33,"""A ceasefire is not a permanent end to the conflict,"" she said."
35,Trump repeats that he is 'not happy' with Iran as deadline to seek approval for war looms,https://www.bbc.com/news/articles/cvgz7l5v03po,34,"""To my mind, a permanent end to the conflict is what would actually sort of close up the 60 days."""
35,Trump repeats that he is 'not happy' with Iran as deadline to seek approval for war looms,https://www.bbc.com/news/articles/cvgz7l5v03po,35,"Elisa Ewers, a national security and foreign policy expert at the Council on Foreign Relations, agrees."
35,Trump repeats that he is 'not happy' with Iran as deadline to seek approval for war looms,https://www.bbc.com/news/articles/cvgz7l5v03po,36,"""Even though there is a temporary ceasefire, US personnel are still in harm's way,"" Ewers said."
35,Trump repeats that he is 'not happy' with Iran as deadline to seek approval for war looms,https://www.bbc.com/news/articles/cvgz7l5v03po,37,"""Implementing the U.S. blockade is not without risk, and itself is hostilities."
35,Trump repeats that he is 'not happy' with Iran as deadline to seek approval for war looms,https://www.bbc.com/news/articles/cvgz7l5v03po,38,"Given the fragility of the ceasefire and President Trump's own messaging about resuming strikes on Iran, there is a risk that they may need to use force, and they have been and remain in hostilities,"" she continued."
35,Trump repeats that he is 'not happy' with Iran as deadline to seek approval for war looms,https://www.bbc.com/news/articles/cvgz7l5v03po,39,"""If you moved all the assets that were introduced for these offensive operations out, and then at some point in the future decided to reintroduce them back in to conduct operations, would that reset the clock?"
35,Trump repeats that he is 'not happy' with Iran as deadline to seek approval for war looms,https://www.bbc.com/news/articles/cvgz7l5v03po,40,"Theoretically, probably,"" she said."
35,Trump repeats that he is 'not happy' with Iran as deadline to seek approval for war looms,https://www.bbc.com/news/articles/cvgz7l5v03po,41,"Speaking to reporters on the White House lawn on Friday, Trump said the War Powers Resolution has ""never been adhered to""."
35,Trump repeats that he is 'not happy' with Iran as deadline to seek approval for war looms,https://www.bbc.com/news/articles/cvgz7l5v03po,42,"""Every other president considered it totally unconstitutional, and we agree with it,"" Trump said, adding that ""many presidents"" have exceeded the 60-day mark."
35,Trump repeats that he is 'not happy' with Iran as deadline to seek approval for war looms,https://www.bbc.com/news/articles/cvgz7l5v03po,43,"The BBC's US partner, CBS News, reported that administration officials were in active conversations with members of Congress about gaining congressional authorisation for the war."
35,Trump repeats that he is 'not happy' with Iran as deadline to seek approval for war looms,https://www.bbc.com/news/articles/cvgz7l5v03po,44,"In the case of Iran, Democratic-led attempts in both chambers of Congress to constrain Trump have repeatedly failed."
35,Trump repeats that he is 'not happy' with Iran as deadline to seek approval for war looms,https://www.bbc.com/news/articles/cvgz7l5v03po,45,"Democrats have vowed to continue their efforts, saying the attempts are an opportunity to get lawmakers' views on the record."
35,Trump repeats that he is 'not happy' with Iran as deadline to seek approval for war looms,https://www.bbc.com/news/articles/cvgz7l5v03po,46,Most Republicans have opposed the Democratic efforts - though some have signalled they could reconsider their positions beyond the 60-day period.
35,Trump repeats that he is 'not happy' with Iran as deadline to seek approval for war looms,https://www.bbc.com/news/articles/cvgz7l5v03po,47,"The conflict began when the US and Israel launched wide-ranging strikes on Iran, in an attack they said was aimed at stopping Iran from developing nuclear weapons - something it has denied doing."
35,Trump repeats that he is 'not happy' with Iran as deadline to seek approval for war looms,https://www.bbc.com/news/articles/cvgz7l5v03po,48,Iran responded by launching attacks on Israel and US-allied states in the Gulf.
35,Trump repeats that he is 'not happy' with Iran as deadline to seek approval for war looms,https://www.bbc.com/news/articles/cvgz7l5v03po,49,"In 2015, Iran agreed a long-term deal on its nuclear programme with a group of world powers known as the P5+1 - the US, UK, France, China, Russia and Germany."
35,Trump repeats that he is 'not happy' with Iran as deadline to seek approval for war looms,https://www.bbc.com/news/articles/cvgz7l5v03po,50,"Three years later, during his first term in office, Trump pulled the US out of the Obama-era nuclear agreement."
35,Trump repeats that he is 'not happy' with Iran as deadline to seek approval for war looms,https://www.bbc.com/news/articles/cvgz7l5v03po,51,US media have given conflicting accounts of the options now being considered by Trump.
35,Trump repeats that he is 'not happy' with Iran as deadline to seek approval for war looms,https://www.bbc.com/news/articles/cvgz7l5v03po,52,Hegseth also sparred with Democratic lawmakers in the House during another hearing on Wednesday.
35,Trump repeats that he is 'not happy' with Iran as deadline to seek approval for war looms,https://www.bbc.com/news/articles/cvgz7l5v03po,53,"During that session, one of the defence secretary's top officials revealed that the operations in Iran had cost the US some $25bn (£18.5bn) so far."
35,Trump repeats that he is 'not happy' with Iran as deadline to seek approval for war looms,https://www.bbc.com/news/articles/cvgz7l5v03po,54,"Meanwhile, many Republicans on the House committee expressed support for the Pentagon, with congressman Carlos Gimenez of Florida saying he believed Iran was an existential threat to the US."
35,Trump repeats that he is 'not happy' with Iran as deadline to seek approval for war looms,https://www.bbc.com/news/articles/cvgz7l5v03po,55,"""When someone tells me for 47 years that they want to kill us, I think I am going to take them at their word,"" he said."
35,Trump repeats that he is 'not happy' with Iran as deadline to seek approval for war looms,https://www.bbc.com/news/articles/cvgz7l5v03po,56,"""I support our efforts to make sure that Iran never has a nuclear weapon."""
36,British couple jailed in Iran: 'We're likely to be here for a long time',https://www.bbc.com/news/articles/c202pl60kv9o,1,"Lindsay Foreman says she is keeping sane by reading, doing laps of the prison yard and, when she can, practising yoga."
36,British couple jailed in Iran: 'We're likely to be here for a long time',https://www.bbc.com/news/articles/c202pl60kv9o,2,"Exercise, she says, has always been her ""salvation""."
36,British couple jailed in Iran: 'We're likely to be here for a long time',https://www.bbc.com/news/articles/c202pl60kv9o,3,"But after 16 months in jail in Iran, Lindsay admits she is struggling."
36,British couple jailed in Iran: 'We're likely to be here for a long time',https://www.bbc.com/news/articles/c202pl60kv9o,4,"""I'm dealing with the realisation that we're likely to be here for a long time,"" she tells me over the phone from Iran's notorious Evin jail."
36,British couple jailed in Iran: 'We're likely to be here for a long time',https://www.bbc.com/news/articles/c202pl60kv9o,5,"Lindsay, a 53-year-old life coach, and her husband Craig, 52, were on a round-the-world motorcycle trip when they were arrested on suspicion of espionage in January 2025 - charges they adamantly deny."
36,British couple jailed in Iran: 'We're likely to be here for a long time',https://www.bbc.com/news/articles/c202pl60kv9o,6,"After living through the recent war in Iran, the pair, from East Sussex, are now facing the painful reality of a 10-year prison sentence handed down against them in February."
36,British couple jailed in Iran: 'We're likely to be here for a long time',https://www.bbc.com/news/articles/c202pl60kv9o,7,"""I just feel that we're wasting our lives in here and rotting away,"" Craig says."
36,British couple jailed in Iran: 'We're likely to be here for a long time',https://www.bbc.com/news/articles/c202pl60kv9o,8,"""We are innocent people."
36,British couple jailed in Iran: 'We're likely to be here for a long time',https://www.bbc.com/news/articles/c202pl60kv9o,9,"We have committed no offence."""
36,British couple jailed in Iran: 'We're likely to be here for a long time',https://www.bbc.com/news/articles/c202pl60kv9o,10,"He makes a plea to the government: ""Just take action."
36,British couple jailed in Iran: 'We're likely to be here for a long time',https://www.bbc.com/news/articles/c202pl60kv9o,11,Speak out.
36,British couple jailed in Iran: 'We're likely to be here for a long time',https://www.bbc.com/news/articles/c202pl60kv9o,12,Get us out.
36,British couple jailed in Iran: 'We're likely to be here for a long time',https://www.bbc.com/news/articles/c202pl60kv9o,13,"It seems to me we're sitting here like sitting ducks."""
36,British couple jailed in Iran: 'We're likely to be here for a long time',https://www.bbc.com/news/articles/c202pl60kv9o,14,"The pair are speaking to the media together, via separate phones, for the first time since their incarceration."
36,British couple jailed in Iran: 'We're likely to be here for a long time',https://www.bbc.com/news/articles/c202pl60kv9o,15,They are being kept in different cells within the same prison.
36,British couple jailed in Iran: 'We're likely to be here for a long time',https://www.bbc.com/news/articles/c202pl60kv9o,16,"After months of being unable to communicate with others, their son, Joe Bennett, now gets regular phone calls from his mother and step-father."
36,British couple jailed in Iran: 'We're likely to be here for a long time',https://www.bbc.com/news/articles/c202pl60kv9o,17,"They are patched through to them from payphones in Evin prison via the Foreign Office, which has described their incarceration as ""appalling"" and ""unjustifiable""."
36,British couple jailed in Iran: 'We're likely to be here for a long time',https://www.bbc.com/news/articles/c202pl60kv9o,18,Conversations are not easy.
36,British couple jailed in Iran: 'We're likely to be here for a long time',https://www.bbc.com/news/articles/c202pl60kv9o,19,The lines drop out regularly and calls are monitored.
36,British couple jailed in Iran: 'We're likely to be here for a long time',https://www.bbc.com/news/articles/c202pl60kv9o,20,"Every couple of minutes a recording in Farsi interrupts, saying: ""This call is from Evin prison and the caller is a prisoner."""
36,British couple jailed in Iran: 'We're likely to be here for a long time',https://www.bbc.com/news/articles/c202pl60kv9o,21,"""It's very frustrating, but these phone calls are a lifeline for them and for us,"" says Joe, who allowed us to speak to his parents when they called in."
36,British couple jailed in Iran: 'We're likely to be here for a long time',https://www.bbc.com/news/articles/c202pl60kv9o,22,The couple say prison life has returned to its normal monotony after the intense fear they experienced during the Israel-US war with Iran.
36,British couple jailed in Iran: 'We're likely to be here for a long time',https://www.bbc.com/news/articles/c202pl60kv9o,23,A fragile ceasefire is holding for now.
36,British couple jailed in Iran: 'We're likely to be here for a long time',https://www.bbc.com/news/articles/c202pl60kv9o,24,"Lindsay is currently reading The Road Less Travelled, by Scott Peck - a book about personal growth in difficult times."
36,British couple jailed in Iran: 'We're likely to be here for a long time',https://www.bbc.com/news/articles/c202pl60kv9o,25,She worries she will soon run out of books to borrow from the prison library.
36,British couple jailed in Iran: 'We're likely to be here for a long time',https://www.bbc.com/news/articles/c202pl60kv9o,26,Consular visits are no longer taking place - the British embassy closed temporarily when the war began and is yet to reopen.
36,British couple jailed in Iran: 'We're likely to be here for a long time',https://www.bbc.com/news/articles/c202pl60kv9o,27,"Lindsay still feels sensitive to any sudden noises, after recent bombings close to the jail."
36,British couple jailed in Iran: 'We're likely to be here for a long time',https://www.bbc.com/news/articles/c202pl60kv9o,28,"""I was on the phone to Joe when there was one that came so close that the windows popped out,"" she tells me."
36,British couple jailed in Iran: 'We're likely to be here for a long time',https://www.bbc.com/news/articles/c202pl60kv9o,29,"While Craig is being held with other foreigners – an Ecuadorian, a German and a Romanian man – and feels a sense of camaraderie, Lindsay is more isolated."
36,British couple jailed in Iran: 'We're likely to be here for a long time',https://www.bbc.com/news/articles/c202pl60kv9o,30,"She says there are no English-speakers in her cell, in which she sleeps on a metal bunk."
36,British couple jailed in Iran: 'We're likely to be here for a long time',https://www.bbc.com/news/articles/c202pl60kv9o,31,"Despite her doctorate in positive psychology, which she says has given her tools to help her handle the ongoing ordeal, there are days of dark despair."
36,British couple jailed in Iran: 'We're likely to be here for a long time',https://www.bbc.com/news/articles/c202pl60kv9o,32,"She breaks down in tears as she tells me: ""There are people who have been here for years, and it's just so unfair."""
36,British couple jailed in Iran: 'We're likely to be here for a long time',https://www.bbc.com/news/articles/c202pl60kv9o,33,"Craig, who can hear what she is saying on speaker phone from another of Joe's phones, quickly jumps in to comfort her."
36,British couple jailed in Iran: 'We're likely to be here for a long time',https://www.bbc.com/news/articles/c202pl60kv9o,34,"""We can do this,"" he tells her."
36,British couple jailed in Iran: 'We're likely to be here for a long time',https://www.bbc.com/news/articles/c202pl60kv9o,35,"""We will do this."
36,British couple jailed in Iran: 'We're likely to be here for a long time',https://www.bbc.com/news/articles/c202pl60kv9o,36,"We'll get through it together and, sometime, I hope soon, we will be on the other side of these walls."
36,British couple jailed in Iran: 'We're likely to be here for a long time',https://www.bbc.com/news/articles/c202pl60kv9o,37,"So stay strong, my love."""
36,British couple jailed in Iran: 'We're likely to be here for a long time',https://www.bbc.com/news/articles/c202pl60kv9o,38,"The couple say they were on a motorbike journey from Europe to Australia when they crossed from Armenia into Iran, intending to stay only for a few days."
36,British couple jailed in Iran: 'We're likely to be here for a long time',https://www.bbc.com/news/articles/c202pl60kv9o,39,"Lindsay was asking people along the route what constitutes a ""good life"" and was due to present her findings at a conference in Brisbane."
36,British couple jailed in Iran: 'We're likely to be here for a long time',https://www.bbc.com/news/articles/c202pl60kv9o,40,It was this line of questioning that appears to have got the pair into trouble with the Iranian authorities.
36,British couple jailed in Iran: 'We're likely to be here for a long time',https://www.bbc.com/news/articles/c202pl60kv9o,41,The couple had been aware of Foreign Office advice that British nationals should not travel to Iran.
36,British couple jailed in Iran: 'We're likely to be here for a long time',https://www.bbc.com/news/articles/c202pl60kv9o,42,"""Craig and I had assessed the risk and did not think that innocent tourists would end up in prison for this long with no evidence,"" Lindsay says."
36,British couple jailed in Iran: 'We're likely to be here for a long time',https://www.bbc.com/news/articles/c202pl60kv9o,43,"""I take responsibility for the choice I made to come here, and I have to live with the consequences."""
36,British couple jailed in Iran: 'We're likely to be here for a long time',https://www.bbc.com/news/articles/c202pl60kv9o,44,She says it would be hard for anyone who has not been through jail in Iran to truly understand those consequences.
36,British couple jailed in Iran: 'We're likely to be here for a long time',https://www.bbc.com/news/articles/c202pl60kv9o,45,Lindsay spent an initial 57 days of detention in solitary confinement in the city of Kerman.
36,British couple jailed in Iran: 'We're likely to be here for a long time',https://www.bbc.com/news/articles/c202pl60kv9o,46,"Craig was interrogated while blindfolded during his time in solitary confinement, something he describes as ""horrific""."
36,British couple jailed in Iran: 'We're likely to be here for a long time',https://www.bbc.com/news/articles/c202pl60kv9o,47,"They were moved to the Iranian capital Tehran last July, and told they were being freed, only to find themselves in the capital's notorious Evin prison."
36,British couple jailed in Iran: 'We're likely to be here for a long time',https://www.bbc.com/news/articles/c202pl60kv9o,48,"The prison is where Nazanin Zaghari-Ratcliffe, the British-Iranian mother, was also held during her six years in jail in Iran."
36,British couple jailed in Iran: 'We're likely to be here for a long time',https://www.bbc.com/news/articles/c202pl60kv9o,49,"Lindsay and Craig say that conditions in Evin prison are better than solitary confinement, but are still tough."
36,British couple jailed in Iran: 'We're likely to be here for a long time',https://www.bbc.com/news/articles/c202pl60kv9o,50,"""It's not very hygienic."
36,British couple jailed in Iran: 'We're likely to be here for a long time',https://www.bbc.com/news/articles/c202pl60kv9o,51,"There's no health care, no dental care,"" Craig says."
36,British couple jailed in Iran: 'We're likely to be here for a long time',https://www.bbc.com/news/articles/c202pl60kv9o,52,"""And there are lots of fights between inmates."
36,British couple jailed in Iran: 'We're likely to be here for a long time',https://www.bbc.com/news/articles/c202pl60kv9o,53,"You have to try and stay clear because there are homemade weapons and things."""
36,British couple jailed in Iran: 'We're likely to be here for a long time',https://www.bbc.com/news/articles/c202pl60kv9o,54,Both say they are well aware that many Iranians are suffering more than they are.
36,British couple jailed in Iran: 'We're likely to be here for a long time',https://www.bbc.com/news/articles/c202pl60kv9o,55,"One of Linsday's cellmates was sentenced to death for her role in nationwide protests in January, which the regime crushed with lethal force, killing thousands."
36,British couple jailed in Iran: 'We're likely to be here for a long time',https://www.bbc.com/news/articles/c202pl60kv9o,56,"""It's frightening,"" she says."
36,British couple jailed in Iran: 'We're likely to be here for a long time',https://www.bbc.com/news/articles/c202pl60kv9o,57,"""When I look at my position, I think 'well, thank God I didn't grow up here'."
36,British couple jailed in Iran: 'We're likely to be here for a long time',https://www.bbc.com/news/articles/c202pl60kv9o,58,There will be an end for us at some point.
36,British couple jailed in Iran: 'We're likely to be here for a long time',https://www.bbc.com/news/articles/c202pl60kv9o,59,"But for some of these people, there won't be an end."""
36,British couple jailed in Iran: 'We're likely to be here for a long time',https://www.bbc.com/news/articles/c202pl60kv9o,60,"Since he was moved to Evin prison last summer, Craig says four of his cellmates have been taken away for execution."
36,British couple jailed in Iran: 'We're likely to be here for a long time',https://www.bbc.com/news/articles/c202pl60kv9o,61,"""I know they've been executed because they publicise it on TV the next day,"" he tells me."
36,British couple jailed in Iran: 'We're likely to be here for a long time',https://www.bbc.com/news/articles/c202pl60kv9o,62,"""We're in a horrible position right now, but we have met some fabulous people along the way,"" he says."
36,British couple jailed in Iran: 'We're likely to be here for a long time',https://www.bbc.com/news/articles/c202pl60kv9o,63,"""We have seen both sides of this country firsthand."""
37,"Trump says US studying troop cuts in Germany, as spat with Merz intensifies",https://www.bbc.com/news/articles/clyplg23l30o,1,"The US is ""studying and reviewing"" whether to reduce the thousands of troops it has stationed in Germany, President Donald Trump has announced via social media."
37,"Trump says US studying troop cuts in Germany, as spat with Merz intensifies",https://www.bbc.com/news/articles/clyplg23l30o,2,"His remarks came days after German Chancellor Friedrich Merz criticised his approach to the war in Iran, suggesting that US had been ""humiliated"" by Iranian negotiators."
37,"Trump says US studying troop cuts in Germany, as spat with Merz intensifies",https://www.bbc.com/news/articles/clyplg23l30o,3,"Trump said in a social media post late on Wednesday that a decision on troop numbers would be made ""over the next short period of time""."
37,"Trump says US studying troop cuts in Germany, as spat with Merz intensifies",https://www.bbc.com/news/articles/clyplg23l30o,4,"He then rounded on Merz early on Thursday, saying he should spend ""more time on ending the war with Russia/Ukraine (Where he has been totally ineffective!)""."
37,"Trump says US studying troop cuts in Germany, as spat with Merz intensifies",https://www.bbc.com/news/articles/clyplg23l30o,5,The BBC has contacted the White House for comment.
37,"Trump says US studying troop cuts in Germany, as spat with Merz intensifies",https://www.bbc.com/news/articles/clyplg23l30o,6,"The US has a significant military presence in Germany, with more than 36,000 active duty troops assigned to bases across the country as of last December."
37,"Trump says US studying troop cuts in Germany, as spat with Merz intensifies",https://www.bbc.com/news/articles/clyplg23l30o,7,"The president doubled down on his criticism of Merz later on Thursday, telling reporters the German leader was ""doing a terrible job"" and had ""problems of all kinds"", including on immigration and energy."
37,"Trump says US studying troop cuts in Germany, as spat with Merz intensifies",https://www.bbc.com/news/articles/clyplg23l30o,8,"Asked whether he would also consider pulling US troops from Nato allies Italy and Spain, Trump responded: ""I probably will - look, why shouldn't I?"""
37,"Trump says US studying troop cuts in Germany, as spat with Merz intensifies",https://www.bbc.com/news/articles/clyplg23l30o,9,"""Italy has not been of any help to us and Spain has been horrible,"" he said, criticising them for their response to the war in Iran: ""In all cases they said, 'I don't want to get involved.'"""
37,"Trump says US studying troop cuts in Germany, as spat with Merz intensifies",https://www.bbc.com/news/articles/clyplg23l30o,10,"Merz made no mention of Trump's comments during a visit to German soldiers in northern Germany on Thursday, although he went out of his way to stress the importance of the Nato defensive alliance and ""transatlantic solidarity""."
37,"Trump says US studying troop cuts in Germany, as spat with Merz intensifies",https://www.bbc.com/news/articles/clyplg23l30o,11,"Earlier this week, however, he told university students that ""the Americans clearly have no strategy"" and he could not see ""what strategic exit"" they were going to choose."
37,"Trump says US studying troop cuts in Germany, as spat with Merz intensifies",https://www.bbc.com/news/articles/clyplg23l30o,12,"""The Iranians are obviously very skilled at negotiating, or rather, very skilful at not negotiating, letting the Americans travel to Islamabad and then leave again without any result,"" he said."
37,"Trump says US studying troop cuts in Germany, as spat with Merz intensifies",https://www.bbc.com/news/articles/clyplg23l30o,13,"He added that the ""entire nation"" was being ""humiliated"" by the Iranian leadership."
37,"Trump says US studying troop cuts in Germany, as spat with Merz intensifies",https://www.bbc.com/news/articles/clyplg23l30o,14,"Trump responded the following day with a post to Truth Social, where he said Merz thought it was ""OK for Iran to have a Nuclear Weapon"" and ""doesn't know what he's talking about."""
37,"Trump says US studying troop cuts in Germany, as spat with Merz intensifies",https://www.bbc.com/news/articles/clyplg23l30o,15,"""No wonder Germany is doing so poorly, both Economically, and otherwise!"""
37,"Trump says US studying troop cuts in Germany, as spat with Merz intensifies",https://www.bbc.com/news/articles/clyplg23l30o,16,the post read.
37,"Trump says US studying troop cuts in Germany, as spat with Merz intensifies",https://www.bbc.com/news/articles/clyplg23l30o,17,"He picked up the same theme on Thursday, suggesting Merz should focus more on ""fixing his broken Country, especially Immigration and Energy, and less time interfering with those that are getting rid of the Iran Nuclear threat""."
37,"Trump says US studying troop cuts in Germany, as spat with Merz intensifies",https://www.bbc.com/news/articles/clyplg23l30o,18,"Germany, along with the UK and France, was part of a 2015 deal with Iran to limit its nuclear operations, although Trump pulled the US out of the agreement in 2018."
37,"Trump says US studying troop cuts in Germany, as spat with Merz intensifies",https://www.bbc.com/news/articles/clyplg23l30o,19,"When asked about Trump's initial post in a press conference on Wednesday, Merz said the ""personal relationship between the American president and myself remains just as good as before""."
37,"Trump says US studying troop cuts in Germany, as spat with Merz intensifies",https://www.bbc.com/news/articles/clyplg23l30o,20,He has not yet responded to Trump's suggestion that he could reduce US troops in Germany.
37,"Trump says US studying troop cuts in Germany, as spat with Merz intensifies",https://www.bbc.com/news/articles/clyplg23l30o,21,"The US military deployment in Germany is by far its biggest in Europe, with about 12,000 troops in Italy and a further 10,000 in the UK."
37,"Trump says US studying troop cuts in Germany, as spat with Merz intensifies",https://www.bbc.com/news/articles/clyplg23l30o,22,Many are stationed at the big Ramstein air base outside the southwestern German city of Kaiserslautern.
37,"Trump says US studying troop cuts in Germany, as spat with Merz intensifies",https://www.bbc.com/news/articles/clyplg23l30o,23,"And while Trump has proposed US troop reductions in Germany before, they have so far not come into effect."
37,"Trump says US studying troop cuts in Germany, as spat with Merz intensifies",https://www.bbc.com/news/articles/clyplg23l30o,24,"In 2020, a proposal to move 12,000 US troops from Germany either to other Nato countries in Europe or back to the US, was blocked by Congress and then reversed by President Joe Biden."
37,"Trump says US studying troop cuts in Germany, as spat with Merz intensifies",https://www.bbc.com/news/articles/clyplg23l30o,25,"At the time, Trump had accused Germany of being ""delinquent"" because its military spending was well below Nato's target of 2% of economic output (GDP)."
37,"Trump says US studying troop cuts in Germany, as spat with Merz intensifies",https://www.bbc.com/news/articles/clyplg23l30o,26,But that has changed dramatically under the Merz government: Germany is projected to spend €105.8bn (£91bn) in 2027 - with total defence expenditure next year set to reach 3.1% of GDP.
37,"Trump says US studying troop cuts in Germany, as spat with Merz intensifies",https://www.bbc.com/news/articles/clyplg23l30o,27,"Merz said after talks with Trump in Washington in March that Trump had assured him the US would maintain its military presence in Germany, adding that he had not expected anything else."
37,"Trump says US studying troop cuts in Germany, as spat with Merz intensifies",https://www.bbc.com/news/articles/clyplg23l30o,28,"However, while Merz has this week complained of the economic consequences for Europe of the closure of the Strait of Hormuz, Trump has been angered by the response of Nato allies in Europe to the war in Iran."
37,"Trump says US studying troop cuts in Germany, as spat with Merz intensifies",https://www.bbc.com/news/articles/clyplg23l30o,29,"Over the past two months, the US president has repeatedly threatened to withdraw from the 32-member Nato alliance, calling it a ""paper tiger"" and a ""one-way street""."
37,"Trump says US studying troop cuts in Germany, as spat with Merz intensifies",https://www.bbc.com/news/articles/clyplg23l30o,30,"Earlier in April, a leaked internal Pentagon email detailed potential measures for the US to punish allies it believed had failed to support its campaign in Iran, including a suggestion that the US could seek to suspend Spain from Nato over its stance."
37,"Trump says US studying troop cuts in Germany, as spat with Merz intensifies",https://www.bbc.com/news/articles/clyplg23l30o,31,"A Nato official told the BBC that the alliance's founding treaty ""does not foresee any provision for suspension of Nato membership, or expulsion""."
38,Why and how is US blockading Iranian ports in Strait of Hormuz?,https://www.bbc.com/news/articles/c5yv6xr6me3o,1,"Oil prices have risen to their highest since 2022, following reports that US President Donald Trump is to be briefed by his military on plans for further strikes on Iran."
38,Why and how is US blockading Iranian ports in Strait of Hormuz?,https://www.bbc.com/news/articles/c5yv6xr6me3o,2,"Brent crude's rise to more than $126 (£94) a barrel, before falling back, continues an upward trend in energy prices as peace talks between the US and Iran appeared to have stalled."
38,Why and how is US blockading Iranian ports in Strait of Hormuz?,https://www.bbc.com/news/articles/c5yv6xr6me3o,3,"The stalemate means that the Strait of Hormuz , a critical waterway off Iran's coast that Tehran effectively blocked in response to US-Israeli strikes, remains closed."
38,Why and how is US blockading Iranian ports in Strait of Hormuz?,https://www.bbc.com/news/articles/c5yv6xr6me3o,4,"Earlier in April, US forces announced they would intercept or turn back vessels travelling to or from Iran's coast."
38,Why and how is US blockading Iranian ports in Strait of Hormuz?,https://www.bbc.com/news/articles/c5yv6xr6me3o,5,The US wants to restrict Tehran's ability to profit from oil exports in an attempt to put pressure on the country.
38,Why and how is US blockading Iranian ports in Strait of Hormuz?,https://www.bbc.com/news/articles/c5yv6xr6me3o,6,"The news site Axios reported that US Central Command (Centcom) had prepared a plan for a wave of ""short and powerful"" strikes on Iran to try to break the deadlock in negotiations, or deliver a final blow before ending the war."
38,Why and how is US blockading Iranian ports in Strait of Hormuz?,https://www.bbc.com/news/articles/c5yv6xr6me3o,7,"Quoting anonymous sources, Axios said the proposed wave of strikes would be likely to include infrastructure targets."
38,Why and how is US blockading Iranian ports in Strait of Hormuz?,https://www.bbc.com/news/articles/c5yv6xr6me3o,8,"Another plan focused on taking over part of the Strait of Hormuz so that it could be reopened for commercial shipping, Axios reported, adding that doing so could involve troops on the ground."
38,Why and how is US blockading Iranian ports in Strait of Hormuz?,https://www.bbc.com/news/articles/c5yv6xr6me3o,9,"On Thursday, a statement attributed to Iranian Supreme Leader Mojtaba Khamenei said that if the US resumed attacks Tehran would respond with ""long and painful strikes""."
38,Why and how is US blockading Iranian ports in Strait of Hormuz?,https://www.bbc.com/news/articles/c5yv6xr6me3o,10,"It added that Tehran would secure the Strait of Hormuz and eliminate ""the enemy's abuses of the waterway""."
38,Why and how is US blockading Iranian ports in Strait of Hormuz?,https://www.bbc.com/news/articles/c5yv6xr6me3o,11,"Trump had hoped to put pressure on Iran by targeting two economic drivers - the huge tolls it was demanding ships pay to pass through the Strait of Hormuz, and its oil revenue."
38,Why and how is US blockading Iranian ports in Strait of Hormuz?,https://www.bbc.com/news/articles/c5yv6xr6me3o,12,"The US president told Fox News that ""we're not going to let Iran make money on selling oil to people that they like and not people that they don't like""."
38,Why and how is US blockading Iranian ports in Strait of Hormuz?,https://www.bbc.com/news/articles/c5yv6xr6me3o,13,"He said the goal was letting ""all or nothing"" pass through the channel."
38,Why and how is US blockading Iranian ports in Strait of Hormuz?,https://www.bbc.com/news/articles/c5yv6xr6me3o,14,"Iran has responded by calling the blockade ""piracy"", threatening to retaliate by targeting ports in the Gulf states."
38,Why and how is US blockading Iranian ports in Strait of Hormuz?,https://www.bbc.com/news/articles/c5yv6xr6me3o,15,"While the ceasefire has survived, fighting has been replaced by a ""war of blockades"", says BBC diplomatic correspondent Paul Adams, with both sides using force to intercept and seize commercial vessels."
38,Why and how is US blockading Iranian ports in Strait of Hormuz?,https://www.bbc.com/news/articles/c5yv6xr6me3o,16,"The US Navy Commander's handbook on naval operations law from 2022 defines a blockade as a ""belligerent operation to prevent vessels and/or aircraft of all states, enemy and neutral, from entering or exiting specified ports, airfields, or coastal areas belonging to, occupied by, or under the control of an enemy state""."
38,Why and how is US blockading Iranian ports in Strait of Hormuz?,https://www.bbc.com/news/articles/c5yv6xr6me3o,17,"The UN's maritime agency, the International Maritime Organisation, has said no country has a legal right to block shipping in straits used for international transit."
38,Why and how is US blockading Iranian ports in Strait of Hormuz?,https://www.bbc.com/news/articles/c5yv6xr6me3o,18,"""I do understand there is a conflict going on there, but there is still no legal basis in international law to take any actions to block any strait used for international navigation,"" Secretary-General Arsenio Dominguez told the BBC."
38,Why and how is US blockading Iranian ports in Strait of Hormuz?,https://www.bbc.com/news/articles/c5yv6xr6me3o,19,"Donald Rothwell, professor of international law at the Australian National University, said international law would see the US, Israel and Iran as 'belligerents' as opposed to 'neutrals'."
38,Why and how is US blockading Iranian ports in Strait of Hormuz?,https://www.bbc.com/news/articles/c5yv6xr6me3o,20,"""This means the US, as a belligerent, can legitimately impose a blockade under international law – specifically, the law of naval warfare,"" he wrote."
38,Why and how is US blockading Iranian ports in Strait of Hormuz?,https://www.bbc.com/news/articles/c5yv6xr6me3o,21,The exact locations of US Navy ships on deployment are not known publicly.
38,Why and how is US blockading Iranian ports in Strait of Hormuz?,https://www.bbc.com/news/articles/c5yv6xr6me3o,22,That makes it hard to know exactly where the US is intercepting vessels.
38,Why and how is US blockading Iranian ports in Strait of Hormuz?,https://www.bbc.com/news/articles/c5yv6xr6me3o,23,"However, it is unlikely the US military is positioning its warships close to Iran's coast due to the risk of missile and drone attacks."
38,Why and how is US blockading Iranian ports in Strait of Hormuz?,https://www.bbc.com/news/articles/c5yv6xr6me3o,24,"Instead the focus of the blockade is likely to be around the Gulf of Oman, a key transit point for much of the world's oil, including Iranian exports."
38,Why and how is US blockading Iranian ports in Strait of Hormuz?,https://www.bbc.com/news/articles/c5yv6xr6me3o,25,"US forces are likely to be using satellite and commercial intelligence to monitor which ships are leaving Iranian ports, and waiting for them to sail into the open Indian Ocean before intercepting them."
38,Why and how is US blockading Iranian ports in Strait of Hormuz?,https://www.bbc.com/news/articles/c5yv6xr6me3o,26,Centcom has said more than 12 warships and more than 100 fighter and surveillance aircraft are involved.
38,Why and how is US blockading Iranian ports in Strait of Hormuz?,https://www.bbc.com/news/articles/c5yv6xr6me3o,27,"Satellite imagery from 11 April analysed by BBC Verify shows the USS Abraham Lincoln aircraft carrier positioned at the eastern edge of the Gulf of Oman, roughly 200km (124 miles) to the south of the Iranian coast."
38,Why and how is US blockading Iranian ports in Strait of Hormuz?,https://www.bbc.com/news/articles/c5yv6xr6me3o,28,This was the closest to the Gulf that BBC Verify had observed the nuclear-powered warship since the start of the war.
38,Why and how is US blockading Iranian ports in Strait of Hormuz?,https://www.bbc.com/news/articles/c5yv6xr6me3o,29,Two other nearby warships visible in the imagery are consistent in size and shape with US Navy guided-missile destroyers.
38,Why and how is US blockading Iranian ports in Strait of Hormuz?,https://www.bbc.com/news/articles/c5yv6xr6me3o,30,"They are likely to be part of the Lincoln's carrier strike group, but BBC Verify can't identify exactly which vessels are visible."
38,Why and how is US blockading Iranian ports in Strait of Hormuz?,https://www.bbc.com/news/articles/c5yv6xr6me3o,31,"On 29 April, Centcom said it had intercepted 42 commercial vessels attempting to violate its blockade, adding that there were ""41 tankers with 69 million barrels of oil that the Iranian regime can't sell""."
38,Why and how is US blockading Iranian ports in Strait of Hormuz?,https://www.bbc.com/news/articles/c5yv6xr6me3o,32,"Earlier in the month, the US attacked and seized an Iranian-flagged cargo ship trying to get past."
38,Why and how is US blockading Iranian ports in Strait of Hormuz?,https://www.bbc.com/news/articles/c5yv6xr6me3o,33,"The ship, called the Touska, was intercepted in the Gulf of Oman."
38,Why and how is US blockading Iranian ports in Strait of Hormuz?,https://www.bbc.com/news/articles/c5yv6xr6me3o,34,"Centcom said it had approached the Touska by helicopter, adding marines then rappelled - or descended by rope - onto the ship."
38,Why and how is US blockading Iranian ports in Strait of Hormuz?,https://www.bbc.com/news/articles/c5yv6xr6me3o,35,"Centcom had previously said it would permit passage of humanitarian shipments including food, medical supplies and other essential goods, subject to inspection."
38,Why and how is US blockading Iranian ports in Strait of Hormuz?,https://www.bbc.com/news/articles/c5yv6xr6me3o,36,Trump said that the US would begin destroying mines he accuses Iran of having laid in the strait.
38,Why and how is US blockading Iranian ports in Strait of Hormuz?,https://www.bbc.com/news/articles/c5yv6xr6me3o,37,"The US president added that ""at some point"" an agreement on free passage would be reached."
38,Why and how is US blockading Iranian ports in Strait of Hormuz?,https://www.bbc.com/news/articles/c5yv6xr6me3o,38,"After the US announced that the leaders of Israel and Lebanon had agreed to a 10-day ceasefire, Iran's foreign minister said that the Strait of Hormuz would be opened."
38,Why and how is US blockading Iranian ports in Strait of Hormuz?,https://www.bbc.com/news/articles/c5yv6xr6me3o,39,"Shortly after, Trump said the US naval blockade of Iranian ports would remain in place until a deal is reached."
38,Why and how is US blockading Iranian ports in Strait of Hormuz?,https://www.bbc.com/news/articles/c5yv6xr6me3o,40,Iran has since said the strait is closed again.
38,Why and how is US blockading Iranian ports in Strait of Hormuz?,https://www.bbc.com/news/articles/c5yv6xr6me3o,41,"Iran had continued to export its own oil until the blockade - and in doing so, cashing in on the high prices."
38,Why and how is US blockading Iranian ports in Strait of Hormuz?,https://www.bbc.com/news/articles/c5yv6xr6me3o,42,March was the fifth biggest month for oil exports from Iran over the past year-and-a-half.
38,Why and how is US blockading Iranian ports in Strait of Hormuz?,https://www.bbc.com/news/articles/c5yv6xr6me3o,43,The blockade could also have major consequences for Iran's oil customers.
38,Why and how is US blockading Iranian ports in Strait of Hormuz?,https://www.bbc.com/news/articles/c5yv6xr6me3o,44,"In 2022, around 82% of crude oil and other fossil fuels leaving the Strait of Hormuz were bound for Asian countries, according to the US Energy Information Administration (EIA)."
38,Why and how is US blockading Iranian ports in Strait of Hormuz?,https://www.bbc.com/news/articles/c5yv6xr6me3o,45,China alone is estimated to buy around 90% of the oil that Iran exports.
38,Why and how is US blockading Iranian ports in Strait of Hormuz?,https://www.bbc.com/news/articles/c5yv6xr6me3o,46,"Earlier in April, its foreign ministry called the US blockade ""dangerous"" and ""irresponsible""."
38,Why and how is US blockading Iranian ports in Strait of Hormuz?,https://www.bbc.com/news/articles/c5yv6xr6me3o,47,Analysts say the blockade may be designed to force Beijing to become more active in peace talks.
38,Why and how is US blockading Iranian ports in Strait of Hormuz?,https://www.bbc.com/news/articles/c5yv6xr6me3o,48,"A prolonged blockade could further damage the global economy, pushing up petrol and food prices, as well as limiting access to critical materials like aluminium, helium and feedstocks for fertilisers."
38,Why and how is US blockading Iranian ports in Strait of Hormuz?,https://www.bbc.com/news/articles/c5yv6xr6me3o,49,The International Monetary Fund (IMF) warned earlier in April that the global economy was at risk of recession if the war continued and high energy prices persisted.
38,Why and how is US blockading Iranian ports in Strait of Hormuz?,https://www.bbc.com/news/articles/c5yv6xr6me3o,50,The Fund also said the war's energy shock would hit the UK the hardest of the world's advanced economies.
38,Why and how is US blockading Iranian ports in Strait of Hormuz?,https://www.bbc.com/news/articles/c5yv6xr6me3o,51,"Civilians in Iran could also be impacted, with the country reliant on grain and wheat imports, creating potential food security issues."
38,Why and how is US blockading Iranian ports in Strait of Hormuz?,https://www.bbc.com/news/articles/c5yv6xr6me3o,52,"The strait's geography has allowed Iran to use it as leverage throughout this war, using threats to selectively prevent vessels from passing through the narrow waterway."
38,Why and how is US blockading Iranian ports in Strait of Hormuz?,https://www.bbc.com/news/articles/c5yv6xr6me3o,53,"About 3,000 ships usually sail through the strait each month but this dramatically decreased to just a handful a day during recent hostilities."
38,Why and how is US blockading Iranian ports in Strait of Hormuz?,https://www.bbc.com/news/articles/c5yv6xr6me3o,54,"The strait is also a vital channel for imports to the Middle East, including food, medicines and technological supplies."
38,Why and how is US blockading Iranian ports in Strait of Hormuz?,https://www.bbc.com/news/articles/c5yv6xr6me3o,55,"The disruption has created a fuel crisis in Asia, a region heavily reliant on Middle Eastern oil."
38,Why and how is US blockading Iranian ports in Strait of Hormuz?,https://www.bbc.com/news/articles/c5yv6xr6me3o,56,"Governments have ordered employees to work from home, cut the working week, declared national holidays and closed universities early in order to conserve their supplies."
38,Why and how is US blockading Iranian ports in Strait of Hormuz?,https://www.bbc.com/news/articles/c5yv6xr6me3o,57,Prime Minister Sir Keir Starmer has said UK forces will not be involved in enforcing the blockade but could help open the strait when the blockade ends.
38,Why and how is US blockading Iranian ports in Strait of Hormuz?,https://www.bbc.com/news/articles/c5yv6xr6me3o,58,UK minesweepers and anti-drone capabilities will continue operating in the region but British naval ships and soldiers will not be used to block Iranian ports.
38,Why and how is US blockading Iranian ports in Strait of Hormuz?,https://www.bbc.com/news/articles/c5yv6xr6me3o,59,"Trump has said that other countries would be involved in blockading the strait, but did not say which ones."
38,Why and how is US blockading Iranian ports in Strait of Hormuz?,https://www.bbc.com/news/articles/c5yv6xr6me3o,60,"According to a State Department cable seen by Reuters, the US has invited partner countries to join a new coalition called Maritime Freedom Construct to enable ships to navigate the strait once the conflict is over."
38,Why and how is US blockading Iranian ports in Strait of Hormuz?,https://www.bbc.com/news/articles/c5yv6xr6me3o,61,"Additional reporting by Barbara Metzler, Frank Gardner, Dearbail Jordan, Joshua Cheetham and Shruti Menon Follow the twists and turns of Trump's second term with North America correspondent Anthony Zurcher's weekly US Politics Unspun newsletter."
38,Why and how is US blockading Iranian ports in Strait of Hormuz?,https://www.bbc.com/news/articles/c5yv6xr6me3o,62,Readers in the UK can sign up here .
38,Why and how is US blockading Iranian ports in Strait of Hormuz?,https://www.bbc.com/news/articles/c5yv6xr6me3o,63,Those outside the UK can sign up here .
39,Oil price rises above $120 after reports of 'extended' Iran blockade,https://www.bbc.com/news/articles/cj4pxr0gr02o,1,"Oil prices have soared following reports that the US is preparing for an ""extended"" blockade of Iran."
39,Oil price rises above $120 after reports of 'extended' Iran blockade,https://www.bbc.com/news/articles/cj4pxr0gr02o,2,"The global benchmark oil price, Brent crude, rose above $120 (£89) a barrel on Wednesday, briefly hitting $122, its highest price since 2022."
39,Oil price rises above $120 after reports of 'extended' Iran blockade,https://www.bbc.com/news/articles/cj4pxr0gr02o,3,The BBC understands that energy executives including Chevron chief executive Mike Wirth met US President Donald Trump at the White House on Tuesday to discuss how to limit the fallout from the conflict on American consumers.
39,Oil price rises above $120 after reports of 'extended' Iran blockade,https://www.bbc.com/news/articles/cj4pxr0gr02o,4,Oil traders appear to have taken the meeting as a sign the effective closure of the Strait of Hormuz will continue for a long time.
39,Oil price rises above $120 after reports of 'extended' Iran blockade,https://www.bbc.com/news/articles/cj4pxr0gr02o,5,"The executives discussed topics including domestic energy production, progress in Venezuela, oil futures, natural gas, and shipping, according to a White House official."
39,Oil price rises above $120 after reports of 'extended' Iran blockade,https://www.bbc.com/news/articles/cj4pxr0gr02o,6,They described the meeting as being part of the President's regular meetings with energy executives to discuss their industry.
39,Oil price rises above $120 after reports of 'extended' Iran blockade,https://www.bbc.com/news/articles/cj4pxr0gr02o,7,"The meeting follows separate reports from the Wall Street Journal that US President Donald Trump has instructed aides to prepare to extend the ongoing blockade of Iran's ports, in an effort to squeeze the country's economy."
39,Oil price rises above $120 after reports of 'extended' Iran blockade,https://www.bbc.com/news/articles/cj4pxr0gr02o,8,Iran has said it will continue to disrupt traffic travelling through the Strait of Hormuz in response to the US blockade.
39,Oil price rises above $120 after reports of 'extended' Iran blockade,https://www.bbc.com/news/articles/cj4pxr0gr02o,9,"The price of oil has seen sharp swings since the start of the war, as the key Strait of Hormuz has been effectively closed for weeks due to the conflict."
39,Oil price rises above $120 after reports of 'extended' Iran blockade,https://www.bbc.com/news/articles/cj4pxr0gr02o,10,Iran has severely restricted shipping through the strait — which usually carries about a fifth of the world's supply of oil and liquid natural gas — in response to US and Israeli strikes that began on 28 February.
39,Oil price rises above $120 after reports of 'extended' Iran blockade,https://www.bbc.com/news/articles/cj4pxr0gr02o,11,"Earlier this month, Tehran warned that any vessel that approaches the strait would be targeted."
39,Oil price rises above $120 after reports of 'extended' Iran blockade,https://www.bbc.com/news/articles/cj4pxr0gr02o,12,The US then announced that its forces would intercept or turn back vessels travelling to or from Iran's ports.
39,Oil price rises above $120 after reports of 'extended' Iran blockade,https://www.bbc.com/news/articles/cj4pxr0gr02o,13,Analysis by BBC Verify shows that at least four vessels tracked from Iranian ports appear to have crossed the US blockade line.
39,Oil price rises above $120 after reports of 'extended' Iran blockade,https://www.bbc.com/news/articles/cj4pxr0gr02o,14,"Despite the fluctuations of recent weeks, the price of oil remains much higher than the pre-conflict price of a barrel."
39,Oil price rises above $120 after reports of 'extended' Iran blockade,https://www.bbc.com/news/articles/cj4pxr0gr02o,15,"The price of Brent crude dropped to $90 a barrel on 17 April, after a ceasefire between Israel and Lebanon was announced."
39,Oil price rises above $120 after reports of 'extended' Iran blockade,https://www.bbc.com/news/articles/cj4pxr0gr02o,16,The US said it would pause attacks on Iran on 8 April.
39,Oil price rises above $120 after reports of 'extended' Iran blockade,https://www.bbc.com/news/articles/cj4pxr0gr02o,17,It remains much higher than the pre-conflict price of a barrel.
39,Oil price rises above $120 after reports of 'extended' Iran blockade,https://www.bbc.com/news/articles/cj4pxr0gr02o,18,"However, the oil benchmark has been rising steadily over the last 12 days, as the US continued its blockade."
39,Oil price rises above $120 after reports of 'extended' Iran blockade,https://www.bbc.com/news/articles/cj4pxr0gr02o,19,"Lindsay James, investment strategist at Quilter, said that the impact of the war so far in the UK has been largely limited to higher petrol and diesel prices, but ""every day that passes without a resumption of supply sees the risk of physical shortages and steeper price rises on a range of goods increasing""."
39,Oil price rises above $120 after reports of 'extended' Iran blockade,https://www.bbc.com/news/articles/cj4pxr0gr02o,20,"The Iranian economy is facing a deepening crisis, with rapidly rising prices, falling currency value, and prospects of the oil exports grinding to a halt."
39,Oil price rises above $120 after reports of 'extended' Iran blockade,https://www.bbc.com/news/articles/cj4pxr0gr02o,21,"According to the Statistical Center of Iran, the annual inflation rate has risen to 53.7%."
39,Oil price rises above $120 after reports of 'extended' Iran blockade,https://www.bbc.com/news/articles/cj4pxr0gr02o,22,"The country's currency, the rial, has fallen to a record low."
39,Oil price rises above $120 after reports of 'extended' Iran blockade,https://www.bbc.com/news/articles/cj4pxr0gr02o,23,"Around two million Iranians have lost their jobs, directly or indirectly, as a result of the war, the Iranian government had said last week."
39,Oil price rises above $120 after reports of 'extended' Iran blockade,https://www.bbc.com/news/articles/cj4pxr0gr02o,24,"On Wednesday, Trump urged Iran to ""get smart soon"" and sign a deal, following days of deadlock in efforts to end the conflict."
39,Oil price rises above $120 after reports of 'extended' Iran blockade,https://www.bbc.com/news/articles/cj4pxr0gr02o,25,"In a post on Truth Social, Trump said the country ""couldn't get its act together""."
39,Oil price rises above $120 after reports of 'extended' Iran blockade,https://www.bbc.com/news/articles/cj4pxr0gr02o,26,"The Wall Street Journal cited US officials as saying the president had instructed aides to prepare for an ""extended"" blockade of Iran's ports in a bid to force Tehran's hand."
39,Oil price rises above $120 after reports of 'extended' Iran blockade,https://www.bbc.com/news/articles/cj4pxr0gr02o,27,"Officials said Trump had opted to continue squeezing Iran's economy and oil exports with the blockade as his other options - resuming bombing or walking away from the conflict - carried more risk, according to the report."
39,Oil price rises above $120 after reports of 'extended' Iran blockade,https://www.bbc.com/news/articles/cj4pxr0gr02o,28,Iranian officials said on Tuesday the country could withstand the blockade as it was using alternative trade routes.
39,Oil price rises above $120 after reports of 'extended' Iran blockade,https://www.bbc.com/news/articles/cj4pxr0gr02o,29,"The World Bank on Tuesday forecast energy prices would surge by 24% in 2026 to their highest level since Russia's full-scale invasion of Ukraine four years ago, if the most acute disruptions caused by the Iran war end in May."
39,Oil price rises above $120 after reports of 'extended' Iran blockade,https://www.bbc.com/news/articles/cj4pxr0gr02o,30,"European stocks fell on Wednesday, as investors digested a wave of corporate earnings and awaited the US Federal Reserve's latest interest rate decision."
39,Oil price rises above $120 after reports of 'extended' Iran blockade,https://www.bbc.com/news/articles/cj4pxr0gr02o,31,"The FTSE 100 index of the largest firms listed in the UK was down 1.2% at closing, while France's Cac was down 0.39% at close and Germany's Dax was down 0.27%."
39,Oil price rises above $120 after reports of 'extended' Iran blockade,https://www.bbc.com/news/articles/cj4pxr0gr02o,32,"Asian stock markets mostly rose Wednesday, continuing their recovery after being particularly hard hit by the initial shock from the war."
39,Oil price rises above $120 after reports of 'extended' Iran blockade,https://www.bbc.com/news/articles/cj4pxr0gr02o,33,"Kathleen Brooks, research director at XTB, said: ""Financial markets will now need to price in the prospect of a prolonged blockade."""
40,Former US officials criticise Pentagon silence on deadly Iran school attack,https://www.bbc.com/news/articles/cwy2482pn0lo,1,"Five former US officials, including a former top military lawyer, have criticised the Pentagon for not acknowledging potential American involvement in a deadly strike on an Iranian school earlier this year."
40,Former US officials criticise Pentagon silence on deadly Iran school attack,https://www.bbc.com/news/articles/cwy2482pn0lo,2,Some of those officials said it was highly unusual not to release even basic details of the strike after such a length of time.
40,Former US officials criticise Pentagon silence on deadly Iran school attack,https://www.bbc.com/news/articles/cwy2482pn0lo,3,"A missile hit a primary school in Minab during the opening salvos of the US-Israeli war on February 28, killing 168 people including around 110 children according to Iranian officials."
40,Former US officials criticise Pentagon silence on deadly Iran school attack,https://www.bbc.com/news/articles/cwy2482pn0lo,4,In the two months since then the Pentagon has said only that the incident is under investigation.
40,Former US officials criticise Pentagon silence on deadly Iran school attack,https://www.bbc.com/news/articles/cwy2482pn0lo,5,US media reported in early March that US military investigators believed American forces were likely responsible for hitting the school unintentionally but had not reached a final conclusion.
40,Former US officials criticise Pentagon silence on deadly Iran school attack,https://www.bbc.com/news/articles/cwy2482pn0lo,6,"Asked a series of questions by the BBC about the strike and the accusations of a lack of transparency, a Pentagon official said ""this incident is currently under investigation,"" adding that more details would be provided when they became available."
40,Former US officials criticise Pentagon silence on deadly Iran school attack,https://www.bbc.com/news/articles/cwy2482pn0lo,7,The BBC has reviewed three historical cases in which civilians were killed during US military operations and in each case significantly more information had been released by the Pentagon within less than a month.
40,Former US officials criticise Pentagon silence on deadly Iran school attack,https://www.bbc.com/news/articles/cwy2482pn0lo,8,"The current US position ""strikingly departs from the standard response,"" said Lt Col Rachel E VanLandingham, a retired Judge Advocate General in the US Air Force and former senior legal adviser at US Central Command during the wars in Iraq and Afghanistan."
40,Former US officials criticise Pentagon silence on deadly Iran school attack,https://www.bbc.com/news/articles/cwy2482pn0lo,9,"""Administrations in the past at least demonstrated fidelity, a commitment to the law of war,"" said VanLandingham, who argued what was ""missing"" from the administration's statements was a commitment to accountability and ""importantly to ensure this doesn't happen again""."
40,Former US officials criticise Pentagon silence on deadly Iran school attack,https://www.bbc.com/news/articles/cwy2482pn0lo,10,"President Trump said on 7 March that in his ""opinion"" Iran was to blame for the Minab strike, without providing evidence."
40,Former US officials criticise Pentagon silence on deadly Iran school attack,https://www.bbc.com/news/articles/cwy2482pn0lo,11,"Days later, when asked about video showing a US Tomahawk hitting the military base next to the school, he said: ""I haven't seen it"" and claimed without evidence that Iran had Tomahawk missiles."
40,Former US officials criticise Pentagon silence on deadly Iran school attack,https://www.bbc.com/news/articles/cwy2482pn0lo,12,"On 11 March, when asked about reports that an initial military probe had found that the US hit the school, Trump said: ""I don't know about it""."
40,Former US officials criticise Pentagon silence on deadly Iran school attack,https://www.bbc.com/news/articles/cwy2482pn0lo,13,"Defence Secretary Pete Hegseth was asked by the BBC on 4 March about the strike and said: ""All I can say is that we're investigating that."
40,Former US officials criticise Pentagon silence on deadly Iran school attack,https://www.bbc.com/news/articles/cwy2482pn0lo,14,"We of course never target civilian targets""."
40,Former US officials criticise Pentagon silence on deadly Iran school attack,https://www.bbc.com/news/articles/cwy2482pn0lo,15,The US Department of Defense has declined to answer multiple questions about the strike.
40,Former US officials criticise Pentagon silence on deadly Iran school attack,https://www.bbc.com/news/articles/cwy2482pn0lo,16,"It has repeatedly declined to answer whether the Iranian military base next to the school was one of its pre-planned targets on 28 February, despite speaking publicly about pre-planned targets or operations in dozens of other instances in the war."
40,Former US officials criticise Pentagon silence on deadly Iran school attack,https://www.bbc.com/news/articles/cwy2482pn0lo,17,"Last month, the BBC independently confirmed video showing a US Tomahawk missile striking the Iranian Revolutionary Guard Corps (IRGC) base next to the school."
40,Former US officials criticise Pentagon silence on deadly Iran school attack,https://www.bbc.com/news/articles/cwy2482pn0lo,18,US media reports quoted unnamed military officials saying a preliminary inquiry had determined a US missile struck the school.
40,Former US officials criticise Pentagon silence on deadly Iran school attack,https://www.bbc.com/news/articles/cwy2482pn0lo,19,The reports said this was due to outdated target coordinates supplied by a US intelligence agency.
40,Former US officials criticise Pentagon silence on deadly Iran school attack,https://www.bbc.com/news/articles/cwy2482pn0lo,20,The Pentagon has not commented on the reports.
40,Former US officials criticise Pentagon silence on deadly Iran school attack,https://www.bbc.com/news/articles/cwy2482pn0lo,21,"Wes Bryant, a former senior adviser on precision warfare and civilian harm mitigation at the Pentagon's Civilian Protection Center of Excellence, told the BBC that the military's preliminary inquiry would routinely take place to establish two things: whether the civilian harm actually took place, and whether the US was operating in the area at the time and could have caused it."
40,Former US officials criticise Pentagon silence on deadly Iran school attack,https://www.bbc.com/news/articles/cwy2482pn0lo,22,"""When you meet both of those criteria, that's the only time that an investigation is actually formally initiated,"" he said."
40,Former US officials criticise Pentagon silence on deadly Iran school attack,https://www.bbc.com/news/articles/cwy2482pn0lo,23,"""From a process standpoint… that just points even more to the fact that they know already that the US caused this or else they wouldn't doing this investigation and they just don't want to acknowledge it or speak to it."""
40,Former US officials criticise Pentagon silence on deadly Iran school attack,https://www.bbc.com/news/articles/cwy2482pn0lo,24,"""To not even be able to have any comment on it whatsoever is just unacceptable,"" said Bryant, who left the Pentagon last year when staffing at the civilian harm unit was significantly reduced under Hegseth."
40,Former US officials criticise Pentagon silence on deadly Iran school attack,https://www.bbc.com/news/articles/cwy2482pn0lo,25,Another former defence official said it was common for some civilian harm investigations to take a long time depending on the complexity of the situation.
40,Former US officials criticise Pentagon silence on deadly Iran school attack,https://www.bbc.com/news/articles/cwy2482pn0lo,26,"""But this is a case where… it's unusually opaque in that I can tell from the situation it's actually not that complicated,"" the former official, who asked not to be identified due to the sensitivity of the subject matter, told the BBC."
40,Former US officials criticise Pentagon silence on deadly Iran school attack,https://www.bbc.com/news/articles/cwy2482pn0lo,27,"""Normally the Pentagon would take immediate [or] relatively fast responsibility and then probably require a longer period of time to provide all the details, so to me it's problematic,"" the former official added."
40,Former US officials criticise Pentagon silence on deadly Iran school attack,https://www.bbc.com/news/articles/cwy2482pn0lo,28,"Congressional Democrats have written several times to Hegseth asking a series of questions about the Minab strike, starting with whether the US carried it out."
40,Former US officials criticise Pentagon silence on deadly Iran school attack,https://www.bbc.com/news/articles/cwy2482pn0lo,29,"The BBC has seen two of the Pentagon's response letters, sent on behalf of Hegseth, which give no answers to any of the questions."
40,Former US officials criticise Pentagon silence on deadly Iran school attack,https://www.bbc.com/news/articles/cwy2482pn0lo,30,A letter sent on 2 April to Democrats said an investigating officer from outside the CENTCOM chain of command had been appointed and the results of that investigation would be shared once completed.
40,Former US officials criticise Pentagon silence on deadly Iran school attack,https://www.bbc.com/news/articles/cwy2482pn0lo,31,"The BBC approached 15 Republican members of Congress asking about the administration's handling of the strike, but all declined to comment."
40,Former US officials criticise Pentagon silence on deadly Iran school attack,https://www.bbc.com/news/articles/cwy2482pn0lo,32,They included top Republicans on committees covering national security in the Senate and House of Representatives.
40,Former US officials criticise Pentagon silence on deadly Iran school attack,https://www.bbc.com/news/articles/cwy2482pn0lo,33,"On March 10, Republican Senator John Kennedy of Louisiana condemned the strike, telling the New York Times : ""I think we made a mistake."
40,Former US officials criticise Pentagon silence on deadly Iran school attack,https://www.bbc.com/news/articles/cwy2482pn0lo,34,"It was a terrible, terrible mistake."""
40,Former US officials criticise Pentagon silence on deadly Iran school attack,https://www.bbc.com/news/articles/cwy2482pn0lo,35,"Pentagon officials have given several closed-door briefings on military operations to members of Congress since the start of the war on Iran, and have been asked questions about the Minab strike."
40,Former US officials criticise Pentagon silence on deadly Iran school attack,https://www.bbc.com/news/articles/cwy2482pn0lo,36,"Adam Smith, the top Democrat on the House Armed Services Committee, told the BBC the officials said they could not comment due to their ongoing investigation, a response he called ""pathetic and completely inadequate""."
40,Former US officials criticise Pentagon silence on deadly Iran school attack,https://www.bbc.com/news/articles/cwy2482pn0lo,37,He said there had been no admission of US responsibility in the briefings.
40,Former US officials criticise Pentagon silence on deadly Iran school attack,https://www.bbc.com/news/articles/cwy2482pn0lo,38,The BBC has reviewed three historical cases involving civilian fatalities to form a comparison with the Trump administration's response to the Minab strike.
40,Former US officials criticise Pentagon silence on deadly Iran school attack,https://www.bbc.com/news/articles/cwy2482pn0lo,39,"Each of the historical cases, under both Democratic and Republican administrations, involved senior US military officials making significantly more detailed public comments than has been the case so far in the Minab strike."
40,Former US officials criticise Pentagon silence on deadly Iran school attack,https://www.bbc.com/news/articles/cwy2482pn0lo,40,"Annie Shiel, a former US official who worked on civilian harm reduction at the state department, said previous cases followed a pattern where the US had ""come out and said 'it was not us', only for media and [non governmental organisation] reporting to show that in fact it was a US strike, and then the US has to walk that back."""
40,Former US officials criticise Pentagon silence on deadly Iran school attack,https://www.bbc.com/news/articles/cwy2482pn0lo,41,"The Pentagon's appointment in the Minab case of an investigating officer outside CENTCOM was ""at least on paper a good start on independence"", said Shiel who is now US Advocacy Director with the Center for Civilians in Conflict (CIVIC)."
40,Former US officials criticise Pentagon silence on deadly Iran school attack,https://www.bbc.com/news/articles/cwy2482pn0lo,42,"But she told the BBC she would ""absolutely"" expect further acknowledgement of any US role while the probe is ongoing."
40,Former US officials criticise Pentagon silence on deadly Iran school attack,https://www.bbc.com/news/articles/cwy2482pn0lo,43,Corroborating details about the incident has also been complicated by the fact Iranian authorities have not granted independent access to the site.
40,Former US officials criticise Pentagon silence on deadly Iran school attack,https://www.bbc.com/news/articles/cwy2482pn0lo,44,The UN Fact Finding Mission on Iran said on 17 March it had sought access but not been permitted to visit the site.
40,Former US officials criticise Pentagon silence on deadly Iran school attack,https://www.bbc.com/news/articles/cwy2482pn0lo,45,"Charles O Blaha, former director of the State Department's Office of Security and Human Rights, said a lack of transparency in Washington could stem from a ""reluctance"" within the administration to contradict the president after he blamed Iran for the strike, a claim he described as ""really far-fetched and very clearly not true""."
40,Former US officials criticise Pentagon silence on deadly Iran school attack,https://www.bbc.com/news/articles/cwy2482pn0lo,46,Blaha spent 32 years in the US foreign service and is now a senior adviser to Democracy for the Arab World Now (DAWN).
40,Former US officials criticise Pentagon silence on deadly Iran school attack,https://www.bbc.com/news/articles/cwy2482pn0lo,47,"He attributed the relative silence in the Minab case to what he saw as a rejection by the administration of ""any negative news about the war they branded as unpatriotic""."
40,Former US officials criticise Pentagon silence on deadly Iran school attack,https://www.bbc.com/news/articles/cwy2482pn0lo,48,Additional reporting by Catherine Alaimo
41,A faraway conflict threatens livelihoods in India's glass hub,https://www.bbc.com/news/articles/ce8pdv86359o,1,"Tensions in the Middle East are rippling far beyond the region - and are now being felt in India's ""glass city"" Firozabad, where thousands of jobs are at risk."
41,A faraway conflict threatens livelihoods in India's glass hub,https://www.bbc.com/news/articles/ce8pdv86359o,2,"In this city in northern Uttar Pradesh state, about 50km (30 miles) from the famed Taj Mahal, glass is at the centre of life."
41,A faraway conflict threatens livelihoods in India's glass hub,https://www.bbc.com/news/articles/ce8pdv86359o,3,"Firozabad produces 70% of the country's glass, much of it in small and medium-sized factories."
41,A faraway conflict threatens livelihoods in India's glass hub,https://www.bbc.com/news/articles/ce8pdv86359o,4,"The industry employs some 150,000 people who earn between 500 rupees ($5.29; £3.91) and 1,000 rupees a day - incomes that leave little margin for rising prices."
41,A faraway conflict threatens livelihoods in India's glass hub,https://www.bbc.com/news/articles/ce8pdv86359o,5,"Now, those factories are under strain - and the biggest reason is gas."
41,A faraway conflict threatens livelihoods in India's glass hub,https://www.bbc.com/news/articles/ce8pdv86359o,6,Glassmaking depends on a steady supply of natural gas to keep furnaces running at extremely high temperatures.
41,A faraway conflict threatens livelihoods in India's glass hub,https://www.bbc.com/news/articles/ce8pdv86359o,7,"But as tensions disrupt energy flows from the Middle East, supplies have become uncertain and costs have risen."
41,A faraway conflict threatens livelihoods in India's glass hub,https://www.bbc.com/news/articles/ce8pdv86359o,8,Much of the disruption is linked to the Strait of Hormuz - a narrow shipping route in the Gulf through which nearly half of India's gas imports pass.
41,A faraway conflict threatens livelihoods in India's glass hub,https://www.bbc.com/news/articles/ce8pdv86359o,9,"While some shipments have resumed in recent weeks, factory owners say the benefits are yet to reach them."
41,A faraway conflict threatens livelihoods in India's glass hub,https://www.bbc.com/news/articles/ce8pdv86359o,10,"Sanjay Jain, who has run a glass bangle unit in Firozabad for four decades, said production has dropped sharply after the Indian government cut commercial gas supplies by 20% in a bid to tide over the supply squeeze."
41,A faraway conflict threatens livelihoods in India's glass hub,https://www.bbc.com/news/articles/ce8pdv86359o,11,"""These furnaces have to keep running - if they cool, they can be damaged,"" he said, adding that restarting them is ""time-consuming and expensive""."
41,A faraway conflict threatens livelihoods in India's glass hub,https://www.bbc.com/news/articles/ce8pdv86359o,12,"To cope, he keeps the furnaces on but at lower temperatures and halts production for three to four days at a time to ration gas."
41,A faraway conflict threatens livelihoods in India's glass hub,https://www.bbc.com/news/articles/ce8pdv86359o,13,Jain's situation reflects a wider vulnerability.
41,A faraway conflict threatens livelihoods in India's glass hub,https://www.bbc.com/news/articles/ce8pdv86359o,14,"India's heavy dependence on gas - across industry, transport and households - leaves factory towns like Firozabad particularly exposed to supply shocks."
41,A faraway conflict threatens livelihoods in India's glass hub,https://www.bbc.com/news/articles/ce8pdv86359o,15,"More than 400 small manufacturing clusters here make glass items ranging from car headlamp covers and bangles to light shades, decorative items and chandeliers, feeding a domestic market worth over $200mn."
41,A faraway conflict threatens livelihoods in India's glass hub,https://www.bbc.com/news/articles/ce8pdv86359o,16,"Some owners report losses of 25-40% since the war began, and say they are uncertain how long they can continue if supplies remain unstable."
41,A faraway conflict threatens livelihoods in India's glass hub,https://www.bbc.com/news/articles/ce8pdv86359o,17,But gas shortages are only part of the problem.
41,A faraway conflict threatens livelihoods in India's glass hub,https://www.bbc.com/news/articles/ce8pdv86359o,18,Industry experts say a mix of other pressures is also making things harder.
41,A faraway conflict threatens livelihoods in India's glass hub,https://www.bbc.com/news/articles/ce8pdv86359o,19,"The chemical components used to melt glass are sourced from across India, with some imported from the Middle East, says Mukesh Bansal of the All India Glass Manufacturers' Federation."
41,A faraway conflict threatens livelihoods in India's glass hub,https://www.bbc.com/news/articles/ce8pdv86359o,20,"""With fuel supplies disrupted and imports affected, the cost of raw materials has gone up,"" he said, adding that his business has seen losses of more than 45% since the conflict began."
41,A faraway conflict threatens livelihoods in India's glass hub,https://www.bbc.com/news/articles/ce8pdv86359o,21,"""This, combined with the gas shortage, is making matters worse."""
41,A faraway conflict threatens livelihoods in India's glass hub,https://www.bbc.com/news/articles/ce8pdv86359o,22,Exports have also been hit.
41,A faraway conflict threatens livelihoods in India's glass hub,https://www.bbc.com/news/articles/ce8pdv86359o,23,"Bansal says higher shipping costs have made it more expensive to send decorative glass items abroad, particularly to the US."
41,A faraway conflict threatens livelihoods in India's glass hub,https://www.bbc.com/news/articles/ce8pdv86359o,24,"Last week, the federal government said it ""recognises the need for uninterrupted furnace operations"" and is taking steps to manage supplies."
41,A faraway conflict threatens livelihoods in India's glass hub,https://www.bbc.com/news/articles/ce8pdv86359o,25,"But experts say that for many smaller units, the situation is not sustainable."
41,A faraway conflict threatens livelihoods in India's glass hub,https://www.bbc.com/news/articles/ce8pdv86359o,26,"""Since the labour-intensive sectors are small and micro units with only a little working capital, they are not able to cope with the shortages,"" said economist Arun Kumar."
41,A faraway conflict threatens livelihoods in India's glass hub,https://www.bbc.com/news/articles/ce8pdv86359o,27,"""If this goes on, these units are at risk of shutting down, or working at curtailed levels,"" he added."
41,A faraway conflict threatens livelihoods in India's glass hub,https://www.bbc.com/news/articles/ce8pdv86359o,28,The situation reflects the fragility of the industry - and how quickly disruptions can ripple through the livelihoods it supports.
41,A faraway conflict threatens livelihoods in India's glass hub,https://www.bbc.com/news/articles/ce8pdv86359o,29,"Glass production is a key part of India's small and medium-sized sector, which accounts for about 30% of gross domestic product and employs hundreds of millions of people."
41,A faraway conflict threatens livelihoods in India's glass hub,https://www.bbc.com/news/articles/ce8pdv86359o,30,"Disruptions to industries like this can, therefore, have a direct impact on incomes, particularly for low-wage workers."
41,A faraway conflict threatens livelihoods in India's glass hub,https://www.bbc.com/news/articles/ce8pdv86359o,31,That pressure is already being felt in everyday life.
41,A faraway conflict threatens livelihoods in India's glass hub,https://www.bbc.com/news/articles/ce8pdv86359o,32,The conflict in the Middle East has hit workers who were already grappling with rising living costs.
41,A faraway conflict threatens livelihoods in India's glass hub,https://www.bbc.com/news/articles/ce8pdv86359o,33,"Wages for many families have failed to keep pace with inflation, while recent increases in cooking gas prices - linked to global supply disruptions - have added to the strain."
41,A faraway conflict threatens livelihoods in India's glass hub,https://www.bbc.com/news/articles/ce8pdv86359o,34,A recent UN Development Programme report warns that the conflict could push as many as 2.5 million people in India into poverty.
41,A faraway conflict threatens livelihoods in India's glass hub,https://www.bbc.com/news/articles/ce8pdv86359o,35,"Frustration spilled over earlier this month, when thousands of factory workers in parts of northern India blocked roads demanding higher wages and better working conditions."
41,A faraway conflict threatens livelihoods in India's glass hub,https://www.bbc.com/news/articles/ce8pdv86359o,36,"What began as largely peaceful protests escalated in some areas, turning violent in parts of Uttar Pradesh."
41,A faraway conflict threatens livelihoods in India's glass hub,https://www.bbc.com/news/articles/ce8pdv86359o,37,"The state later announced a temporary wage increase, but workers said it fell short of their demands."
41,A faraway conflict threatens livelihoods in India's glass hub,https://www.bbc.com/news/articles/ce8pdv86359o,38,The government says it is stepping in to manage the fallout.
41,A faraway conflict threatens livelihoods in India's glass hub,https://www.bbc.com/news/articles/ce8pdv86359o,39,Federal ministries have been holding regular briefings and say they are taking steps to ensure stable supplies of petroleum products and cooking gas.
41,A faraway conflict threatens livelihoods in India's glass hub,https://www.bbc.com/news/articles/ce8pdv86359o,40,"The petroleum ministry says it has prioritised energy supplies to key sectors such as pharmaceuticals, steel, automobiles and agriculture."
41,A faraway conflict threatens livelihoods in India's glass hub,https://www.bbc.com/news/articles/ce8pdv86359o,41,But economist Kumar says longer-term measures will be needed to manage the crisis.
41,A faraway conflict threatens livelihoods in India's glass hub,https://www.bbc.com/news/articles/ce8pdv86359o,42,"During the fighting in March and early April , energy infrastructure across parts of the Middle East was targeted - damage that could take months to repair and delay a return to stable supplies."
41,A faraway conflict threatens livelihoods in India's glass hub,https://www.bbc.com/news/articles/ce8pdv86359o,43,"""For months after the Strait reopens, the situation will not return to normal,"" he said."
41,A faraway conflict threatens livelihoods in India's glass hub,https://www.bbc.com/news/articles/ce8pdv86359o,44,"For workers in Firozabad, that uncertainty is already part of life."
41,A faraway conflict threatens livelihoods in India's glass hub,https://www.bbc.com/news/articles/ce8pdv86359o,45,"Umesh Babu, 35, spends long hours in sweltering conditions making bangles in an open-air workshop under a tin roof that offers little relief from the heat."
41,A faraway conflict threatens livelihoods in India's glass hub,https://www.bbc.com/news/articles/ce8pdv86359o,46,"The furnace, burning at more than 1,000C, is something he has learned to live with."
41,A faraway conflict threatens livelihoods in India's glass hub,https://www.bbc.com/news/articles/ce8pdv86359o,47,What worries him is how he will provide for his family if the work dries up.
41,A faraway conflict threatens livelihoods in India's glass hub,https://www.bbc.com/news/articles/ce8pdv86359o,48,"""Earlier we would get at least six days of work a week, now it's down to four,"" he said."
41,A faraway conflict threatens livelihoods in India's glass hub,https://www.bbc.com/news/articles/ce8pdv86359o,49,"To cut costs, Babu says he has withdrawn his children from school."
41,A faraway conflict threatens livelihoods in India's glass hub,https://www.bbc.com/news/articles/ce8pdv86359o,50,"""If the factories stop hiring us, I don't know what else to do."
41,A faraway conflict threatens livelihoods in India's glass hub,https://www.bbc.com/news/articles/ce8pdv86359o,51,"This is the only skill I have."""
41,A faraway conflict threatens livelihoods in India's glass hub,https://www.bbc.com/news/articles/ce8pdv86359o,52,"Additional reporting by Neyaz Farooquee and Pritam Roy Follow BBC News India on Instagram , YouTube, X and Facebook ."
42,Russian superyacht sails through Strait of Hormuz despite blockade,https://www.bbc.com/news/articles/cm2pn8zdxdjo,1,"A superyacht linked to one of Russian President Vladimir Putin's key allies has sailed through the Strait of Hormuz, despite the ongoing blockade of the critical shipping channel."
42,Russian superyacht sails through Strait of Hormuz despite blockade,https://www.bbc.com/news/articles/cm2pn8zdxdjo,2,"The 142m-long (465 ft) multi-deck luxury boat, named Nord, is linked to sanctioned Russian billionaire Alexei Mordashov."
42,Russian superyacht sails through Strait of Hormuz despite blockade,https://www.bbc.com/news/articles/cm2pn8zdxdjo,3,"It travelled from Dubai to Muscat, Oman, over the weekend - one of few private vessels to transit through the strait in recent months."
42,Russian superyacht sails through Strait of Hormuz despite blockade,https://www.bbc.com/news/articles/cm2pn8zdxdjo,4,Iran held high-level talks with Russia this week as its standoff with the US over the strait's re-opening continues.
42,Russian superyacht sails through Strait of Hormuz despite blockade,https://www.bbc.com/news/articles/cm2pn8zdxdjo,5,Approximately one-fifth of global crude oil and liquefied natural gas (LNG) supplies normally pass through the waterway.
42,Russian superyacht sails through Strait of Hormuz despite blockade,https://www.bbc.com/news/articles/cm2pn8zdxdjo,6,"Mordashov, who has close ties to Putin, is not listed as the formal owner of the Russian-flagged boat."
42,Russian superyacht sails through Strait of Hormuz despite blockade,https://www.bbc.com/news/articles/cm2pn8zdxdjo,7,"However, Nord's records indicate it was registered to a firm owned by his wife in 2022."
42,Russian superyacht sails through Strait of Hormuz despite blockade,https://www.bbc.com/news/articles/cm2pn8zdxdjo,8,"Nord, estimated to be worth more than $500m (£370m), left Dubai on Friday night and arrived at Al Mouj - a marina in Oman's capital - on Sunday morning, according to data on the Marine Traffic platform."
42,Russian superyacht sails through Strait of Hormuz despite blockade,https://www.bbc.com/news/articles/cm2pn8zdxdjo,9,The route shown on the tracker has been used by vessels crossing with agreement from Iran.
42,Russian superyacht sails through Strait of Hormuz despite blockade,https://www.bbc.com/news/articles/cm2pn8zdxdjo,10,It is not clear whether Nord gained permission from Iran to sail through the route.
42,Russian superyacht sails through Strait of Hormuz despite blockade,https://www.bbc.com/news/articles/cm2pn8zdxdjo,11,Mordashov made his fortune largely through his steel and mining company Severstal - the largest such firm in Russia.
42,Russian superyacht sails through Strait of Hormuz despite blockade,https://www.bbc.com/news/articles/cm2pn8zdxdjo,12,"With an estimated net worth of about $37bn (£27bn), he is the richest Russian national listed by the US business magazine Forbes."
42,Russian superyacht sails through Strait of Hormuz despite blockade,https://www.bbc.com/news/articles/cm2pn8zdxdjo,13,Iran has severely restricted shipping through the Strait of Hormuz in response to US and Israeli strikes that began on 28 February.
42,Russian superyacht sails through Strait of Hormuz despite blockade,https://www.bbc.com/news/articles/cm2pn8zdxdjo,14,"Earlier this month, Tehran warned that any vessel that approaches the strait would be targeted."
42,Russian superyacht sails through Strait of Hormuz despite blockade,https://www.bbc.com/news/articles/cm2pn8zdxdjo,15,The US then announced that its forces would intercept or turn back vessels travelling to or from Iran's ports.
42,Russian superyacht sails through Strait of Hormuz despite blockade,https://www.bbc.com/news/articles/cm2pn8zdxdjo,16,The Nord route shown by Marine Traffic does not indicate the yacht stopped in Iran.
42,Russian superyacht sails through Strait of Hormuz despite blockade,https://www.bbc.com/news/articles/cm2pn8zdxdjo,17,The United States Central Command (Centcom) defines the blockade starting point as further east of the vessel's last reported location.
42,Russian superyacht sails through Strait of Hormuz despite blockade,https://www.bbc.com/news/articles/cm2pn8zdxdjo,18,Maritime traffic through the Gulf channel is currently at a fraction of pre-war levels.
42,Russian superyacht sails through Strait of Hormuz despite blockade,https://www.bbc.com/news/articles/cm2pn8zdxdjo,19,"The conflict has contributed to a sharp rise in global oil prices, with the global benchmark Brent crude rising to $109 (£80) a barrel on Monday."
42,Russian superyacht sails through Strait of Hormuz despite blockade,https://www.bbc.com/news/articles/cm2pn8zdxdjo,20,"The Nord has a swimming pool, submarine and helipad, according to a profile in the magazine Superyacht Times."
42,Russian superyacht sails through Strait of Hormuz despite blockade,https://www.bbc.com/news/articles/cm2pn8zdxdjo,21,"Mordashov has been targeted by Western sanctions, including from the UK, US and European Union since Russia launched a full-scale invasion of Ukraine in 2022."
42,Russian superyacht sails through Strait of Hormuz despite blockade,https://www.bbc.com/news/articles/cm2pn8zdxdjo,22,Hong Kong and the Maldives have previously not seized Nord despite calls from western nations to freeze his assets.
42,Russian superyacht sails through Strait of Hormuz despite blockade,https://www.bbc.com/news/articles/cm2pn8zdxdjo,23,"In March 2022, one of Mordashov's smaller boats, the 65m (215ft) Lady M, was impounded by Italian police in the port of Imperia."
42,Russian superyacht sails through Strait of Hormuz despite blockade,https://www.bbc.com/news/articles/cm2pn8zdxdjo,24,Several Russian oligarchs' boats have been seized or denied entry to European ports under the sanctions related to the ongoing Russian invasion of Ukraine.
42,Russian superyacht sails through Strait of Hormuz despite blockade,https://www.bbc.com/news/articles/cm2pn8zdxdjo,25,"That has prompted the movement of such boats to areas around the world considered beyond the reach of the sanctions, including ports in the Middle East and Asia."
42,Russian superyacht sails through Strait of Hormuz despite blockade,https://www.bbc.com/news/articles/cm2pn8zdxdjo,26,"While long-term peace negotiations stall with the US , Tehran has this week focused its diplomatic efforts on cementing its relationship with its ally Russia."
42,Russian superyacht sails through Strait of Hormuz despite blockade,https://www.bbc.com/news/articles/cm2pn8zdxdjo,27,"Putin hosted an Iranian delegation in St Petersburg on Monday, where Iranian Foreign Minister Abbas Araghchi hailed their ""strategic relationship""."
42,Russian superyacht sails through Strait of Hormuz despite blockade,https://www.bbc.com/news/articles/cm2pn8zdxdjo,28,"The Russian president told Araghchi that the Iranian people were ""courageously fighting"" for their sovereignty in the face of American and Israeli pressure, Russian state-run news agency Tass reported."
42,Russian superyacht sails through Strait of Hormuz despite blockade,https://www.bbc.com/news/articles/cm2pn8zdxdjo,29,Araghchi shared photos on X showing him smiling and shaking hands with Putin and his Russian counterpart Sergei Lavrov.
42,Russian superyacht sails through Strait of Hormuz despite blockade,https://www.bbc.com/news/articles/cm2pn8zdxdjo,30,"He wrote: ""Recent events have evidenced the depth and strength of our strategic partnership."
42,Russian superyacht sails through Strait of Hormuz despite blockade,https://www.bbc.com/news/articles/cm2pn8zdxdjo,31,"""As our relationship continues to grow, we are grateful for solidarity and welcome Russia's support for diplomacy."""
42,Russian superyacht sails through Strait of Hormuz despite blockade,https://www.bbc.com/news/articles/cm2pn8zdxdjo,32,Get our flagship newsletter with all the headlines you need to start the day.
42,Russian superyacht sails through Strait of Hormuz despite blockade,https://www.bbc.com/news/articles/cm2pn8zdxdjo,33,Sign up here.
43,Homecare workers warn fuel costs are unsustainable,https://www.bbc.com/news/articles/ckgxkg2nzpzo,1,The homecare sector is calling on the government to support care workers who are struggling with rising fuel prices triggered by the US-Israel war with Iran.
43,Homecare workers warn fuel costs are unsustainable,https://www.bbc.com/news/articles/ckgxkg2nzpzo,2,"Alexandra Snow, who often drives 50 miles (80km) a day to help people in their own homes, said: ""Before the war started it cost £45 to fill up, it's now £63 so that's a massive difference."""
43,Homecare workers warn fuel costs are unsustainable,https://www.bbc.com/news/articles/ckgxkg2nzpzo,3,"She said it forced her to be more selective about which homes to attend, based on the cost of getting there."
43,Homecare workers warn fuel costs are unsustainable,https://www.bbc.com/news/articles/ckgxkg2nzpzo,4,A government spokesperson said it was supporting care workers by extending the 5p fuel duty until September.
43,Homecare workers warn fuel costs are unsustainable,https://www.bbc.com/news/articles/ckgxkg2nzpzo,5,"It said its Fair Pay Agreement would lead to ""one of the biggest upgrades in their pay, rights and conditions in a generation""."
43,Homecare workers warn fuel costs are unsustainable,https://www.bbc.com/news/articles/ckgxkg2nzpzo,6,Fuel prices surged when the conflict began on 28 February with the production and transportation of energy across the Middle East slowing or stopping entirely due to missile strikes and drone attacks .
43,Homecare workers warn fuel costs are unsustainable,https://www.bbc.com/news/articles/ckgxkg2nzpzo,7,"Snow works for Home Instead, which employs 150 homecare workers across Somerset."
43,Homecare workers warn fuel costs are unsustainable,https://www.bbc.com/news/articles/ckgxkg2nzpzo,8,Company director Mark Hunt said rising fuel prices had already resulted in staff members leaving despite the firm giving employees a pay rise before the conflict began.
43,Homecare workers warn fuel costs are unsustainable,https://www.bbc.com/news/articles/ckgxkg2nzpzo,9,"""We do pay costs for mileage and travel but it's still not going to cover the excess that's been incurred,"" he said."
43,Homecare workers warn fuel costs are unsustainable,https://www.bbc.com/news/articles/ckgxkg2nzpzo,10,"Hunt explained ""margins in homecare are very tight"" after rising inflation, minimum wage increases and changes to employment rights."
43,Homecare workers warn fuel costs are unsustainable,https://www.bbc.com/news/articles/ckgxkg2nzpzo,11,"Dr Jane Townson, CEO of the Homecare Association which represents 2,100 homecare providers, fears workers will leave the industry if the crisis continues because ""the increasing cost is not going to be sustainable""."
43,Homecare workers warn fuel costs are unsustainable,https://www.bbc.com/news/articles/ckgxkg2nzpzo,12,"She said: ""We already have a challenge with retention and recruitment of care workers."
43,Homecare workers warn fuel costs are unsustainable,https://www.bbc.com/news/articles/ckgxkg2nzpzo,13,"""This may just make it worse unless there are some contingency plans put in place."""
43,Homecare workers warn fuel costs are unsustainable,https://www.bbc.com/news/articles/ckgxkg2nzpzo,14,"The organisation estimates that, collectively, the UK's homecare workers drive about four million miles (6.4 million km) a day to deliver care to elderly and disabled people."
43,Homecare workers warn fuel costs are unsustainable,https://www.bbc.com/news/articles/ckgxkg2nzpzo,15,It is now lobbying for homecare to be seen as essential infrastructure and for it to be included in emergency and fuel resilience planning and for homecare workers to be recognised as essential mobile workers so they are eligible for more support.
43,Homecare workers warn fuel costs are unsustainable,https://www.bbc.com/news/articles/ckgxkg2nzpzo,16,"The government spokesperson said it was ""determined"" to keep costs down and that it was taking action to ""put money in the pockets of our vital care workforce""."
43,Homecare workers warn fuel costs are unsustainable,https://www.bbc.com/news/articles/ckgxkg2nzpzo,17,"They said: ""Over this parliament, care workers will receive one of the biggest upgrades in their pay, rights and conditions in a generation, alongside our changes to the minimum wage and new measures in the Employment Rights Act."""
43,Homecare workers warn fuel costs are unsustainable,https://www.bbc.com/news/articles/ckgxkg2nzpzo,18,Follow BBC Somerset on Facebook and X .
43,Homecare workers warn fuel costs are unsustainable,https://www.bbc.com/news/articles/ckgxkg2nzpzo,19,Send your story ideas to us on email or via WhatsApp on 0800 313 4630 .
44,"Higher prices could last for eight months after Iran war, minister says",https://www.bbc.com/news/articles/cm29m98md2do,1,"People in the UK could face higher energy, food and flight ticket prices for at least eight months following the end of the US-Israel war with Iran, a senior minister has said."
44,"Higher prices could last for eight months after Iran war, minister says",https://www.bbc.com/news/articles/cm29m98md2do,2,"Darren Jones, chief secretary to the prime minister, told the BBC the government was ""looking at all of those things"" as it stepped up plans to offset potential food and fuel shortages caused by the war."
44,"Higher prices could last for eight months after Iran war, minister says",https://www.bbc.com/news/articles/cm29m98md2do,3,"Energy production and transportation across the Middle East has slowed or stopped entirely due to the conflict, causing supply chain issues and price rises globally."
44,"Higher prices could last for eight months after Iran war, minister says",https://www.bbc.com/news/articles/cm29m98md2do,4,"Earlier this month, government officials drew up a worst-case scenario of food shortages by the summer, including chicken and pork, should the war continue."
44,"Higher prices could last for eight months after Iran war, minister says",https://www.bbc.com/news/articles/cm29m98md2do,5,"The government has also been seeking to calm the public, urging drivers to keep filling up with petrol and using cars as usual, and not to change their travel plans over fears about a potential jet fuel shortages."
44,"Higher prices could last for eight months after Iran war, minister says",https://www.bbc.com/news/articles/cm29m98md2do,6,"Jones told the BBC's Sunday with Laura Kuenssberg programme that he was looking at the economic impact of the war ""in a lot of detail"", but said that ""price pressure"" was more likely than gaps on supermarket shelves."
44,"Higher prices could last for eight months after Iran war, minister says",https://www.bbc.com/news/articles/cm29m98md2do,7,"""Our best guess is eight plus months from the point of resolution that you'll see economic impacts coming through the system,"" he said."
44,"Higher prices could last for eight months after Iran war, minister says",https://www.bbc.com/news/articles/cm29m98md2do,8,"""So people will see higher energy prices, food prices [...] flight ticket prices as a consequence of what [US President] Donald Trump has done in the Middle East."""
44,"Higher prices could last for eight months after Iran war, minister says",https://www.bbc.com/news/articles/cm29m98md2do,9,"Prime Minister Sir Keir Starmer will chair another meeting of a Cabinet committee on Tuesday set up to deal with any shortfalls, while a group of ministers is meeting twice a week to monitor stock levels and any disruptions to the supply chain."
44,"Higher prices could last for eight months after Iran war, minister says",https://www.bbc.com/news/articles/cm29m98md2do,10,Twice weekly meetings of the contingency planning group of ministers are being led by Jones.
44,"Higher prices could last for eight months after Iran war, minister says",https://www.bbc.com/news/articles/cm29m98md2do,11,"He has previously said: ""This is not our war."
44,"Higher prices could last for eight months after Iran war, minister says",https://www.bbc.com/news/articles/cm29m98md2do,12,The government made the right call to stay out of the conflict and only take defensive action to protect Britain's interests.
44,"Higher prices could last for eight months after Iran war, minister says",https://www.bbc.com/news/articles/cm29m98md2do,13,"""We're acting now to prepare for - and mitigate where possible - the impact on our economy and domestic security as a result of the conflict."""
44,"Higher prices could last for eight months after Iran war, minister says",https://www.bbc.com/news/articles/cm29m98md2do,14,"Last week, the International Monetary Fund (IMF) predicted the energy shock from the war would hit the UK the hardest of the world's advanced economies, and cut its estimate for UK growth this year to 0.8% from its previous prediction of 1.3%."
44,"Higher prices could last for eight months after Iran war, minister says",https://www.bbc.com/news/articles/cm29m98md2do,15,"Jones has previously said that while the government would do everything in its power to find a permanent solution to the crisis and offset its impact, ""what happens abroad will still affect us here at home""."
44,"Higher prices could last for eight months after Iran war, minister says",https://www.bbc.com/news/articles/cm29m98md2do,16,"A government source previously told the BBC it was planning for a scenario involving breakdowns in the supply of carbon dioxide (CO2), which is used in the slaughter of some animals and in food preservation, due to the closure of the Strait of Hormuz."
44,"Higher prices could last for eight months after Iran war, minister says",https://www.bbc.com/news/articles/cm29m98md2do,17,"The government has provided funding to reactivate the Ensus bioethanol plant , which makes CO2 as a by-product to shore up supplies."
44,"Higher prices could last for eight months after Iran war, minister says",https://www.bbc.com/news/articles/cm29m98md2do,18,"A spokesperson for the plant told the BBC it was ""confident we can continue to produce CO2 for the country's needs for the foreseeable future""."
44,"Higher prices could last for eight months after Iran war, minister says",https://www.bbc.com/news/articles/cm29m98md2do,19,Jones said on Sunday that he had raised the issue of UK pubs potentially running out of draught beer during the Men's Football World Cup in the summer due to a shortage of CO2.
44,"Higher prices could last for eight months after Iran war, minister says",https://www.bbc.com/news/articles/cm29m98md2do,20,"""We are doing everything we can to make sure that is not the case,"" he said."
44,"Higher prices could last for eight months after Iran war, minister says",https://www.bbc.com/news/articles/cm29m98md2do,21,"The majority of the UK's CO2 is imported from Europe but it is often produced as a by-product when companies make fertiliser, which needs natural gas."
44,"Higher prices could last for eight months after Iran war, minister says",https://www.bbc.com/news/articles/cm29m98md2do,22,Supermarkets have said they were working with the government to help plan for a worst-case scenario.
44,"Higher prices could last for eight months after Iran war, minister says",https://www.bbc.com/news/articles/cm29m98md2do,23,"And, last month, the National Farmers' Union said cucumber and tomato prices could rise over the next six weeks, with the cost of other crops and milk increasing in the next three to six months."
44,"Higher prices could last for eight months after Iran war, minister says",https://www.bbc.com/news/articles/cm29m98md2do,24,"Some countries that have been more acutely affected by the effective closure of the Strait of Hormuz - a vital shipping route - have brought in measures to limit fuel consumption , while some airlines have pared back their schedules ."
44,"Higher prices could last for eight months after Iran war, minister says",https://www.bbc.com/news/articles/cm29m98md2do,25,"UK air carriers have insisted they were ""not currently seeing a shortage of jet fuel"" as they buy it in advance and airports maintain stocks."
44,"Higher prices could last for eight months after Iran war, minister says",https://www.bbc.com/news/articles/cm29m98md2do,26,The Liberal Democrats have urged the government to include a bill in the next King's Speech which puts food security at the top of the government's agenda.
44,"Higher prices could last for eight months after Iran war, minister says",https://www.bbc.com/news/articles/cm29m98md2do,27,"The party's Cabinet Office spokeswoman Lisa Smart said ""the government also needs to wake up and provide more support to people who simply cannot afford the sky-high cost of getting around""."
44,"Higher prices could last for eight months after Iran war, minister says",https://www.bbc.com/news/articles/cm29m98md2do,28,She added that the Lib Dems had proposed a 10p cut on fuel duty as well as reducing public transport costs.
44,"Higher prices could last for eight months after Iran war, minister says",https://www.bbc.com/news/articles/cm29m98md2do,29,"Iran's top negotiator said earlier this week that reopening the Strait of Hormuz was ""impossible"" if the US continued its naval blockade of Iranian ports."
44,"Higher prices could last for eight months after Iran war, minister says",https://www.bbc.com/news/articles/cm29m98md2do,30,"Trump hopes to put pressure on Iran by targeting two economic drivers - the tolls the country was demanding ships pay to pass through the strait, and Iran's oil revenue."
44,"Higher prices could last for eight months after Iran war, minister says",https://www.bbc.com/news/articles/cm29m98md2do,31,"Tehran has responded by calling the blockade ""piracy""."
44,"Higher prices could last for eight months after Iran war, minister says",https://www.bbc.com/news/articles/cm29m98md2do,32,"Negotiators from the country were in Islamabad, Pakistan, on Saturday for talks on ending the conflict."
45,Trump cancels US envoys' trip to Pakistan for talks on Iran war,https://www.bbc.com/news/articles/c4g6nyvl29po,1,"Donald Trump cancelled a planned trip by US officials to Pakistan for talks on the Iran war on Saturday, shortly after Tehran's delegation had left Islamabad."
45,Trump cancels US envoys' trip to Pakistan for talks on Iran war,https://www.bbc.com/news/articles/c4g6nyvl29po,2,"The US president said special envoy Steve Witkoff and son-in-law Jared Kushner would be wasting ""too much time"", adding that if Iran wanted to talk ""all they have to do is call""."
45,Trump cancels US envoys' trip to Pakistan for talks on Iran war,https://www.bbc.com/news/articles/c4g6nyvl29po,3,"Earlier, Iranian Foreign Minister Abbas Aragchi held talks with mediator Pakistan, saying afterwards he had shared Iran's position on ending the war but was yet to see whether the US was ""truly serious about diplomacy""."
45,Trump cancels US envoys' trip to Pakistan for talks on Iran war,https://www.bbc.com/news/articles/c4g6nyvl29po,4,Diplomatic efforts have stalled despite Trump's extension of a ceasefire that had been due to expire on 22 April to allow talks to continue.
45,Trump cancels US envoys' trip to Pakistan for talks on Iran war,https://www.bbc.com/news/articles/c4g6nyvl29po,5,"Both sides have been locked in a standoff over the Strait of Hormuz, with Iran restricting passage through the key shipping route in the wake of the US and Israel commencing strikes in February, as well as over Tehran's nuclear ambitions."
45,Trump cancels US envoys' trip to Pakistan for talks on Iran war,https://www.bbc.com/news/articles/c4g6nyvl29po,6,The US has since increased its naval presence in the strait - through which roughly a fifth of the world's oil supply passes - to block Iranian oil exports.
45,Trump cancels US envoys' trip to Pakistan for talks on Iran war,https://www.bbc.com/news/articles/c4g6nyvl29po,7,"The White House had said the Iranians ""want to talk"" when the trip was announced on Friday, but Iran said there were no plans for a direct meeting."
45,Trump cancels US envoys' trip to Pakistan for talks on Iran war,https://www.bbc.com/news/articles/c4g6nyvl29po,8,Trump said the ceasefire would hold on Saturday despite hopes of another round of face-to-face talks fading.
45,Trump cancels US envoys' trip to Pakistan for talks on Iran war,https://www.bbc.com/news/articles/c4g6nyvl29po,9,"Asked whether the cancelled US trip meant the war would resume, he told news site Axios: ""No, it doesn't mean that."
45,Trump cancels US envoys' trip to Pakistan for talks on Iran war,https://www.bbc.com/news/articles/c4g6nyvl29po,10,"We haven't thought about it yet."""
45,Trump cancels US envoys' trip to Pakistan for talks on Iran war,https://www.bbc.com/news/articles/c4g6nyvl29po,11,"Announcing the trip had been called off on Saturday, Trump said there was ""tremendous infighting and confusion"" within Iran's leadership and that ""nobody knows who is in charge, including them""."
45,Trump cancels US envoys' trip to Pakistan for talks on Iran war,https://www.bbc.com/news/articles/c4g6nyvl29po,12,"He wrote on his Truth Social platform: ""Also, we have all the cards, they have none!"
45,Trump cancels US envoys' trip to Pakistan for talks on Iran war,https://www.bbc.com/news/articles/c4g6nyvl29po,13,"If they want to talk, all they have to do is call!!!"""
45,Trump cancels US envoys' trip to Pakistan for talks on Iran war,https://www.bbc.com/news/articles/c4g6nyvl29po,14,"The White House said on Friday that US Vice-President JD Vance had been ""on standby"" to join the talks had they proved successful."
45,Trump cancels US envoys' trip to Pakistan for talks on Iran war,https://www.bbc.com/news/articles/c4g6nyvl29po,15,He had led the US delegation in the first round of talks earlier this month and his absence from the initial planned delegation perhaps signalled that a major breakthrough was not expected.
45,Trump cancels US envoys' trip to Pakistan for talks on Iran war,https://www.bbc.com/news/articles/c4g6nyvl29po,16,"Iran's President Masoud Pezeshkian previously said Tehran remained open to talks but that ""breach of commitments, blockade and threats are main obstacles to genuine negotiations""."
45,Trump cancels US envoys' trip to Pakistan for talks on Iran war,https://www.bbc.com/news/articles/c4g6nyvl29po,17,"Pakistan has mediated contact between the two sides in recent weeks, including talks between senior US and Iranian officials on 11 April that ended without agreement."
45,Trump cancels US envoys' trip to Pakistan for talks on Iran war,https://www.bbc.com/news/articles/c4g6nyvl29po,18,"Araghchi, whose trip also includes visits to Oman and Russia, wrote in a post on X that his visit to Pakistan had been ""fruitful""."
45,Trump cancels US envoys' trip to Pakistan for talks on Iran war,https://www.bbc.com/news/articles/c4g6nyvl29po,19,"He added that he had ""shared Iran's position concerning [a] workable framework to permanently end the war on Iran"", but said he had ""yet to see if US is truly serious about diplomacy""."
45,Trump cancels US envoys' trip to Pakistan for talks on Iran war,https://www.bbc.com/news/articles/c4g6nyvl29po,20,"Pakistan's Prime Minister Shebaz Sharif said that the pair had shared ""a most warm, cordial exchange of views on the current regional situation""."
45,Trump cancels US envoys' trip to Pakistan for talks on Iran war,https://www.bbc.com/news/articles/c4g6nyvl29po,21,"Araghchi is expected to return to Islamabad after visiting Oman, according to Iranian state media."
45,Trump cancels US envoys' trip to Pakistan for talks on Iran war,https://www.bbc.com/news/articles/c4g6nyvl29po,22,"Washington's opposition to Iran gaining nuclear weapons was cited as a reason for instigating the current conflict, with the US and Israel suspecting Tehran of seeking to develop an atomic bomb."
45,Trump cancels US envoys' trip to Pakistan for talks on Iran war,https://www.bbc.com/news/articles/c4g6nyvl29po,23,"Tehran has always denied any such intentions, saying its nuclear programme was intended for energy generation, despite having enriched uranium up to near weapons-grade level."
45,Trump cancels US envoys' trip to Pakistan for talks on Iran war,https://www.bbc.com/news/articles/c4g6nyvl29po,24,"Elsewhere, at least four people were killed in Israeli strikes on southern Lebanon on Saturday, according to the country's state news agency."
45,Trump cancels US envoys' trip to Pakistan for talks on Iran war,https://www.bbc.com/news/articles/c4g6nyvl29po,25,The Israeli military said Hezbollah had fired rockets at Israel.
45,Trump cancels US envoys' trip to Pakistan for talks on Iran war,https://www.bbc.com/news/articles/c4g6nyvl29po,26,"Despite a ceasefire between Israel and the Iran-backed militant group, both sides have continued to exchange fire in recent weeks and have accused one another of violating the agreement."
45,Trump cancels US envoys' trip to Pakistan for talks on Iran war,https://www.bbc.com/news/articles/c4g6nyvl29po,27,"On Saturday, a statement from the office of Israeli Prime Minister Benjamin Netanyahu said the military had been ordered to ""vigorously attack Hezbollah targets in Lebanon""."
46,Protest at RAF base being used in Iran conflict,https://www.bbc.com/news/articles/c9qd8e0v309o,1,Hundreds of people are protesting near a UK military base that is being used by the United States Air Force (USAF) to launch operations against Iran.
46,Protest at RAF base being used in Iran conflict,https://www.bbc.com/news/articles/c9qd8e0v309o,2,"Up to 200 people have gathered at RAF Fairford, in Gloucestershire near the Wiltshire border, for the demonstration organised by the Campaign for Nuclear Disarmament (CND)."
46,Protest at RAF base being used in Iran conflict,https://www.bbc.com/news/articles/c9qd8e0v309o,3,The base has been used to deploy US bombers since the Middle East conflict began on 28 February.
46,Protest at RAF base being used in Iran conflict,https://www.bbc.com/news/articles/c9qd8e0v309o,4,Gloucestershire Police warned residents to expect disruption throughout Saturday.
46,Protest at RAF base being used in Iran conflict,https://www.bbc.com/news/articles/c9qd8e0v309o,5,A spokesperson for the Ministry of Defence (MoD) said the government has granted the US permission to use British bases for specific and limited defensive operations.
46,Protest at RAF base being used in Iran conflict,https://www.bbc.com/news/articles/c9qd8e0v309o,6,"There has been increased action at RAF Fairford since the US, alongside Israel, began operations against Iran."
46,Protest at RAF base being used in Iran conflict,https://www.bbc.com/news/articles/c9qd8e0v309o,7,"The CND is calling for an end to the war in Iran, and for Prime Minister Sir Keir Starmer to stop US President Donald Trump's use of British bases."
46,Protest at RAF base being used in Iran conflict,https://www.bbc.com/news/articles/c9qd8e0v309o,8,"The protest started at about 12:00 BST from Fairford High Street, with campaigners then walking to RAF Fairford."
46,Protest at RAF base being used in Iran conflict,https://www.bbc.com/news/articles/c9qd8e0v309o,9,Many protesters filled the streets near the base holding placards and pictures of children killed in the conflict so far .
46,Protest at RAF base being used in Iran conflict,https://www.bbc.com/news/articles/c9qd8e0v309o,10,"Iranian-born Matzi Ansari, 40, lives is London but is worried about her family in Tehran, adding she cannot sleep."
46,Protest at RAF base being used in Iran conflict,https://www.bbc.com/news/articles/c9qd8e0v309o,11,"She said: ""Currently they're okay but... they're not sure what's happening to them tomorrow."
46,Protest at RAF base being used in Iran conflict,https://www.bbc.com/news/articles/c9qd8e0v309o,12,"""They're under massive stress."
46,Protest at RAF base being used in Iran conflict,https://www.bbc.com/news/articles/c9qd8e0v309o,13,"They don't have a normal life, they can't go to work and school."
46,Protest at RAF base being used in Iran conflict,https://www.bbc.com/news/articles/c9qd8e0v309o,14,"""[It's] a very horrible situation currently."""
46,Protest at RAF base being used in Iran conflict,https://www.bbc.com/news/articles/c9qd8e0v309o,15,"Lindsey German, from Stop the War Coalition, said lots of people are frightened the conflict could start a nuclear war."
46,Protest at RAF base being used in Iran conflict,https://www.bbc.com/news/articles/c9qd8e0v309o,16,"""We're saying to the British government they shouldn't allow the US to use these air bases,"" the 74-year-old from London said."
46,Protest at RAF base being used in Iran conflict,https://www.bbc.com/news/articles/c9qd8e0v309o,17,"""There's a lot of feeling about it."
46,Protest at RAF base being used in Iran conflict,https://www.bbc.com/news/articles/c9qd8e0v309o,18,"People are very frightened about it."""
46,Protest at RAF base being used in Iran conflict,https://www.bbc.com/news/articles/c9qd8e0v309o,19,Gloucestershire Highways said about a dozen roads will be closed between 11:00 and 17:00.
46,Protest at RAF base being used in Iran conflict,https://www.bbc.com/news/articles/c9qd8e0v309o,20,Residents have previously told the BBC the noise of the aircraft is so loud it sometimes makes their houses shake .
46,Protest at RAF base being used in Iran conflict,https://www.bbc.com/news/articles/c9qd8e0v309o,21,"A Gloucestershire Police spokesperson said: ""While we will enable lawful peaceful protest, we must also balance peoples' rights of freedom of expression and assembly with those of the wider public to go about their personal and professional life without disruption."
46,Protest at RAF base being used in Iran conflict,https://www.bbc.com/news/articles/c9qd8e0v309o,22,"""As a result, we will not hesitate in taking action against anyone who commits any unlawful act."""
46,Protest at RAF base being used in Iran conflict,https://www.bbc.com/news/articles/c9qd8e0v309o,23,"An MoD spokesperson said that requests to use UK military bases from foreign partners are ""considered on a case-by-case basis, with all operational support to allies assessed against legal requirements""."
46,Protest at RAF base being used in Iran conflict,https://www.bbc.com/news/articles/c9qd8e0v309o,24,"""For operational security reasons, we do not comment on foreign nations' military operations,"" they added."
46,Protest at RAF base being used in Iran conflict,https://www.bbc.com/news/articles/c9qd8e0v309o,25,"Follow BBC Gloucestershire on Facebook , X and Instagram ."
46,Protest at RAF base being used in Iran conflict,https://www.bbc.com/news/articles/c9qd8e0v309o,26,Send your story ideas to us on email or via WhatsApp on 0800 313 4630 .
47,Trump's envoys Witkoff and Kushner to fly to Pakistan for Iran talks,https://www.bbc.com/news/articles/cy8103xklreo,1,"Donald Trump's special envoy Steve Witkoff and the US president's son-in-law Jared Kushner are heading to Pakistan for peace talks with Iran on Saturday morning, the White House has said."
47,Trump's envoys Witkoff and Kushner to fly to Pakistan for Iran talks,https://www.bbc.com/news/articles/cy8103xklreo,2,"""The Iranians want to talk,"" White House press secretary Karoline Leavitt said, adding that US Vice-President JD Vance was ""on standby"" to travel if the talks proved successful."
47,Trump's envoys Witkoff and Kushner to fly to Pakistan for Iran talks,https://www.bbc.com/news/articles/cy8103xklreo,3,"Iran's foreign ministry spokesman Esmail Baqaei said he and Foreign Minister Abbas Araghchi had arrived in Islamabad on Friday evening, and Araghchi would be meeting ""Pakistani high-level officials""."
47,Trump's envoys Witkoff and Kushner to fly to Pakistan for Iran talks,https://www.bbc.com/news/articles/cy8103xklreo,4,"He added that: ""No meeting is planned to take place between Iran and the US."
47,Trump's envoys Witkoff and Kushner to fly to Pakistan for Iran talks,https://www.bbc.com/news/articles/cy8103xklreo,5,"Iran's observations would be conveyed to Pakistan."""
47,Trump's envoys Witkoff and Kushner to fly to Pakistan for Iran talks,https://www.bbc.com/news/articles/cy8103xklreo,6,"Ahead of Baqaei's comments, US Defence Secretary Pete Hegseth said Tehran had a chance to make a ""good deal"", stressing that ""all they have to do is abandon a nuclear weapon and in meaningful and verifiable ways""."
47,Trump's envoys Witkoff and Kushner to fly to Pakistan for Iran talks,https://www.bbc.com/news/articles/cy8103xklreo,7,"At Friday's news briefing, Hegseth also warned that Washington's continuing blockade of the Strait of Hormuz - a major oil shipping route - was ""growing and going global""."
47,Trump's envoys Witkoff and Kushner to fly to Pakistan for Iran talks,https://www.bbc.com/news/articles/cy8103xklreo,8,"The US and Israel began attacking Iran on 28 February, and Tehran subsequently restricted shipping through the Strait of Hormuz."
47,Trump's envoys Witkoff and Kushner to fly to Pakistan for Iran talks,https://www.bbc.com/news/articles/cy8103xklreo,9,The moves by the warring sides have sent oil prices skyrocketing around the globe.
47,Trump's envoys Witkoff and Kushner to fly to Pakistan for Iran talks,https://www.bbc.com/news/articles/cy8103xklreo,10,"Speaking to reporters on Friday, Leavitt said Trump had decided to send Witkoff and Kushner to Islamabad ""to hear the Iranians out"", adding that US president is ""always willing to give diplomacy a chance""."
47,Trump's envoys Witkoff and Kushner to fly to Pakistan for Iran talks,https://www.bbc.com/news/articles/cy8103xklreo,11,"Leavitt added that ""we've certainly seen some progress from the Iranian side in the last couple of days""."
47,Trump's envoys Witkoff and Kushner to fly to Pakistan for Iran talks,https://www.bbc.com/news/articles/cy8103xklreo,12,"Meanwhile, the Iranian embassy in Islamabad said Araghchi planned to ""review bilateral matters"" and discuss regional developments."
47,Trump's envoys Witkoff and Kushner to fly to Pakistan for Iran talks,https://www.bbc.com/news/articles/cy8103xklreo,13,Trump and Hegseth have insisted this week that the US is not feeling pressure to end the war with Iran.
47,Trump's envoys Witkoff and Kushner to fly to Pakistan for Iran talks,https://www.bbc.com/news/articles/cy8103xklreo,14,But news that the US-Iran talks are continuing this weekend underscores yet again the divide between the administration's public pronouncements and behind-the-scenes push by the White House to find a way to wind down the war.
47,Trump's envoys Witkoff and Kushner to fly to Pakistan for Iran talks,https://www.bbc.com/news/articles/cy8103xklreo,15,"This suggests both sides are seeking a path forward, despite the continued mixed messages from Trump and aggressive posturing from Tehran."
47,Trump's envoys Witkoff and Kushner to fly to Pakistan for Iran talks,https://www.bbc.com/news/articles/cy8103xklreo,16,The open question now is how much progress the countries can make in Pakistan.
47,Trump's envoys Witkoff and Kushner to fly to Pakistan for Iran talks,https://www.bbc.com/news/articles/cy8103xklreo,17,JD Vance led the US delegation in the first round of talks earlier this month but so far is not confirmed to be going to the negotiations this weekend.
47,Trump's envoys Witkoff and Kushner to fly to Pakistan for Iran talks,https://www.bbc.com/news/articles/cy8103xklreo,18,"Vance's absence, if he does not go, might mean the two countries do not expect a major breakthrough."
47,Trump's envoys Witkoff and Kushner to fly to Pakistan for Iran talks,https://www.bbc.com/news/articles/cy8103xklreo,19,But the fact that the talks are continuing shows both the US and Iran are interested in a deal.
47,Trump's envoys Witkoff and Kushner to fly to Pakistan for Iran talks,https://www.bbc.com/news/articles/cy8103xklreo,20,"On Wednesday, Iran's parliamentary speaker Mohammad Bagher Ghalibaf warned that it was ""not possible"" for the Strait of Hormuz to be opened due to ""the blatant violations of the ceasefire"" by the US and Israel."
47,Trump's envoys Witkoff and Kushner to fly to Pakistan for Iran talks,https://www.bbc.com/news/articles/cy8103xklreo,21,"He said the ""violations"" included the US naval blockade of Iranian ports, which he said amounted to taking the global economy ""hostage"", and ""warmongering"" by Israel ""on all fronts""."
47,Trump's envoys Witkoff and Kushner to fly to Pakistan for Iran talks,https://www.bbc.com/news/articles/cy8103xklreo,22,"Meanwhile, Iranian President Masoud Pezeshkian said Tehran remained open to negotiations with the US but added that ""breach of commitments, blockade and threats are main obstacles to genuine negotiations""."
47,Trump's envoys Witkoff and Kushner to fly to Pakistan for Iran talks,https://www.bbc.com/news/articles/cy8103xklreo,23,"Earlier this week, Trump announced an indefinite extension to the ceasefire with Iran, which was due to expire on Wednesday, so that negotiations could continue."
48,Who is making decisions in Iran?,https://www.bbc.com/news/articles/cm29m732vgno,1,The question hanging over Tehran since the opening strikes of Iran's current war with the US and Israel is simple: Who is in charge?
48,Who is making decisions in Iran?,https://www.bbc.com/news/articles/cm29m732vgno,2,"Formally, the answer is clear."
48,Who is making decisions in Iran?,https://www.bbc.com/news/articles/cm29m732vgno,3,"Mojtaba Khamenei has assumed the role of supreme leader following the killing of his father, Ali Khamenei, on the first day of the war on 28 February."
48,Who is making decisions in Iran?,https://www.bbc.com/news/articles/cm29m732vgno,4,"In the Islamic Republic's system, that position is meant to be decisive."
48,Who is making decisions in Iran?,https://www.bbc.com/news/articles/cm29m732vgno,5,"The leader has the final word on almost anything important: war, peace, and the state's strategic direction."
48,Who is making decisions in Iran?,https://www.bbc.com/news/articles/cm29m732vgno,6,"But in practice, the picture is far murkier."
48,Who is making decisions in Iran?,https://www.bbc.com/news/articles/cm29m732vgno,7,"Donald Trump has described Iran's leadership as ""fractured"" and suggested the US is waiting for Tehran to produce a ""unified proposal""."
48,Who is making decisions in Iran?,https://www.bbc.com/news/articles/cm29m732vgno,8,"Unity was certainly on the minds of Iran's leaders when they distributed a message to Iranians on their mobile phones on Thursday night saying there was ""no such thing as a hardliner or moderate in Iran - there was just one nation, one course""."
48,Who is making decisions in Iran?,https://www.bbc.com/news/articles/cm29m732vgno,9,Mojtaba Khamenei has not been seen in public since taking power.
48,Who is making decisions in Iran?,https://www.bbc.com/news/articles/cm29m732vgno,10,"Beyond a handful of written statements, including one insisting the Strait of Hormuz remains closed, there is little direct evidence of his day-to-day control."
48,Who is making decisions in Iran?,https://www.bbc.com/news/articles/cm29m732vgno,11,Iranian officials have acknowledged that he was injured in the initial strikes but have offered few details.
48,Who is making decisions in Iran?,https://www.bbc.com/news/articles/cm29m732vgno,12,"The New York Times, citing Iranian sources, reported this week that he may have suffered several injuries, including to his face that have made it difficult for him to speak."
48,Who is making decisions in Iran?,https://www.bbc.com/news/articles/cm29m732vgno,13,That absence matters.
48,Who is making decisions in Iran?,https://www.bbc.com/news/articles/cm29m732vgno,14,"In Iran's political system, authority is not just institutional - it is also performative."
48,Who is making decisions in Iran?,https://www.bbc.com/news/articles/cm29m732vgno,15,"Khamenei's late father signalled intent through speeches, calibrated appearances, and visible arbitration between factions."
48,Who is making decisions in Iran?,https://www.bbc.com/news/articles/cm29m732vgno,16,That signalling function is now largely missing.
48,Who is making decisions in Iran?,https://www.bbc.com/news/articles/cm29m732vgno,17,The result is a vacuum of interpretation.
48,Who is making decisions in Iran?,https://www.bbc.com/news/articles/cm29m732vgno,18,Some argue that Mojtaba Khamenei's wartime elevation has simply not allowed him to establish authority on his own terms.
48,Who is making decisions in Iran?,https://www.bbc.com/news/articles/cm29m732vgno,19,Others point to reports about his injuries and question whether he is able to actively manage the system at all.
48,Who is making decisions in Iran?,https://www.bbc.com/news/articles/cm29m732vgno,20,"Either way, decision-making appears less centralised than before the war."
48,Who is making decisions in Iran?,https://www.bbc.com/news/articles/cm29m732vgno,21,"On paper, diplomacy sits with the government."
48,Who is making decisions in Iran?,https://www.bbc.com/news/articles/cm29m732vgno,22,"Foreign Minister Abbas Araghchi continues to represent Tehran in talks with the US, under Iranian President Masoud Pezeshkian."
48,Who is making decisions in Iran?,https://www.bbc.com/news/articles/cm29m732vgno,23,But neither appears to be setting strategy and their authority is further put into question by the fact that Iran's delegation is headed by Parliament Speaker  Mohammad-Bagher Ghalibaf.
48,Who is making decisions in Iran?,https://www.bbc.com/news/articles/cm29m732vgno,24,Araghchi's role looks operational rather than directive.
48,Who is making decisions in Iran?,https://www.bbc.com/news/articles/cm29m732vgno,25,His brief reversal over whether Hormuz was open or closed - first suggesting traffic had resumed and then quickly retracting that - offered a rare glimpse of how little control the diplomatic track has over military decisions.
48,Who is making decisions in Iran?,https://www.bbc.com/news/articles/cm29m732vgno,26,"Pezeshkian, meanwhile, has aligned himself with the broader direction of the regime without visibly shaping it."
48,Who is making decisions in Iran?,https://www.bbc.com/news/articles/cm29m732vgno,27,"Considered a relatively moderate figure, he has so far avoided pushing an independent line."
48,Who is making decisions in Iran?,https://www.bbc.com/news/articles/cm29m732vgno,28,The stalled second round of talks with the US in Islamabad reinforces the point.
48,Who is making decisions in Iran?,https://www.bbc.com/news/articles/cm29m732vgno,29,"Even when diplomatic channels are open, the system appears unable or unwilling to commit."
48,Who is making decisions in Iran?,https://www.bbc.com/news/articles/cm29m732vgno,30,Control over the Strait of Hormuz is Iran's most immediate source of leverage.
48,Who is making decisions in Iran?,https://www.bbc.com/news/articles/cm29m732vgno,31,"But decisions over its closure sit with the Islamic Revolutionary Guard Corps (IRGC), led by Ahmad Vahidi, rather than the diplomatic team."
48,Who is making decisions in Iran?,https://www.bbc.com/news/articles/cm29m732vgno,32,That places real power in the hands of actors who operate behind closed doors.
48,Who is making decisions in Iran?,https://www.bbc.com/news/articles/cm29m732vgno,33,"Unlike previous crises, there is no single, identifiable figure clearly owning the strategy."
48,Who is making decisions in Iran?,https://www.bbc.com/news/articles/cm29m732vgno,34,"Instead, a pattern emerges: actions first, messaging later, and not always consistent."
48,Who is making decisions in Iran?,https://www.bbc.com/news/articles/cm29m732vgno,35,"In practice, it is the IRGC's actions, whether in enforcing the closure of Hormuz or in striking targets across the Gulf, that appear to be setting the pace of the crisis."
48,Who is making decisions in Iran?,https://www.bbc.com/news/articles/cm29m732vgno,36,Political and diplomatic responses often follow rather than lead.
48,Who is making decisions in Iran?,https://www.bbc.com/news/articles/cm29m732vgno,37,This does not necessarily signal a breakdown of the administrative branches.
48,Who is making decisions in Iran?,https://www.bbc.com/news/articles/cm29m732vgno,38,"But it does suggest that operational autonomy of the IRGC has widened, at least temporarily, in the absence of clear political arbitration."
48,Who is making decisions in Iran?,https://www.bbc.com/news/articles/cm29m732vgno,39,Into this ambiguity steps Mohammad-Bagher Ghalibaf.
48,Who is making decisions in Iran?,https://www.bbc.com/news/articles/cm29m732vgno,40,"A former Revolutionary Guard commander now serving as speaker of parliament, Ghalibaf has emerged as one of the most visible figures in the current moment."
48,Who is making decisions in Iran?,https://www.bbc.com/news/articles/cm29m732vgno,41,"He has inserted himself into negotiations, addressed the public, and at times framed the war in pragmatic rather than ideological terms."
48,Who is making decisions in Iran?,https://www.bbc.com/news/articles/cm29m732vgno,42,"Within parliament and across conservative networks, resistance to negotiations remains strong."
48,Who is making decisions in Iran?,https://www.bbc.com/news/articles/cm29m732vgno,43,"Hardline messaging has intensified, with state media and public campaigns increasingly framing negotiations as a sign of weakness in the face of the country's enemies."
48,Who is making decisions in Iran?,https://www.bbc.com/news/articles/cm29m732vgno,44,Ghalibaf's position is therefore precarious - active but not clearly authorised.
48,Who is making decisions in Iran?,https://www.bbc.com/news/articles/cm29m732vgno,45,"He insists his actions align with Mojtaba Khamenei's wishes, yet there is little visible evidence of direct co-ordination."
48,Who is making decisions in Iran?,https://www.bbc.com/news/articles/cm29m732vgno,46,"In a system that depends on signals from the top, that ambiguity is telling."
48,Who is making decisions in Iran?,https://www.bbc.com/news/articles/cm29m732vgno,47,"Taken together, these dynamics point to a system that is functioning, but not coherently directed."
48,Who is making decisions in Iran?,https://www.bbc.com/news/articles/cm29m732vgno,48,The supreme leader's authority exists but is not visibly exercised.
48,Who is making decisions in Iran?,https://www.bbc.com/news/articles/cm29m732vgno,49,The presidency is aligned but not leading.
48,Who is making decisions in Iran?,https://www.bbc.com/news/articles/cm29m732vgno,50,"Diplomacy is active, but not decisive."
48,Who is making decisions in Iran?,https://www.bbc.com/news/articles/cm29m732vgno,51,"The military holds key levers, but without a clear public architect."
48,Who is making decisions in Iran?,https://www.bbc.com/news/articles/cm29m732vgno,52,"Political figures are stepping forward, but without uncontested legitimacy."
48,Who is making decisions in Iran?,https://www.bbc.com/news/articles/cm29m732vgno,53,This is not collapse.
48,Who is making decisions in Iran?,https://www.bbc.com/news/articles/cm29m732vgno,54,The Islamic Republic remains intact.
48,Who is making decisions in Iran?,https://www.bbc.com/news/articles/cm29m732vgno,55,But it does suggest something more subtle - a system struggling to convert the leverage it has - for instance the ability to close the Strait of Hormuz - into clear strategy at a moment of acute pressure.
48,Who is making decisions in Iran?,https://www.bbc.com/news/articles/cm29m732vgno,56,"It can still act across multiple fronts, but it struggles to signal clear direction to its own centres of power."
48,Who is making decisions in Iran?,https://www.bbc.com/news/articles/cm29m732vgno,57,"And in Iran's political model, signalling is how coherence is maintained."
48,Who is making decisions in Iran?,https://www.bbc.com/news/articles/cm29m732vgno,58,"For now, the system is holding the line, maintaining control and avoiding any visible breakdown despite mounting pressure."
48,Who is making decisions in Iran?,https://www.bbc.com/news/articles/cm29m732vgno,59,"But increasingly, it raises the question of whether coherence is being exercised or simply claimed."
49,US boards ship carrying Iran oil as Trump threatens mine-laying vessels,https://www.bbc.com/news/articles/cgldw5ekrjpo,1,The US says its forces have boarded a sanctioned ship carrying Iranian oil in the Indian Ocean in the country's latest naval move against Iran.
49,US boards ship carrying Iran oil as Trump threatens mine-laying vessels,https://www.bbc.com/news/articles/cgldw5ekrjpo,2,"The US Department of Defence (DoD) said in a statement it had carried out a ""maritime interdiction"" - the interception or inspection of a vessel by a navy on ships suspected to be hostile or in violation of the law - on the M/T Majestic X."
49,US boards ship carrying Iran oil as Trump threatens mine-laying vessels,https://www.bbc.com/news/articles/cgldw5ekrjpo,3,The US has intercepted multiple ships after imposing a blockade on maritime traffic entering and leaving Iranian ports on 13 April.
49,US boards ship carrying Iran oil as Trump threatens mine-laying vessels,https://www.bbc.com/news/articles/cgldw5ekrjpo,4,"The latest interception comes as President Donald Trump ordered the US Navy to ""shoot and kill"" any boat laying mines in the critical shipping channel the Strait of Hormuz."
49,US boards ship carrying Iran oil as Trump threatens mine-laying vessels,https://www.bbc.com/news/articles/cgldw5ekrjpo,5,"Under the blockade, US Central Command (Centcom) said it has ordered 33 vessels to return to port, and the DoD has said it will continue to stop ships suspected of ""providing material support to Iran - anywhere they operate""."
49,US boards ship carrying Iran oil as Trump threatens mine-laying vessels,https://www.bbc.com/news/articles/cgldw5ekrjpo,6,"Iran described one US ship interception earlier this week as ""piracy""."
49,US boards ship carrying Iran oil as Trump threatens mine-laying vessels,https://www.bbc.com/news/articles/cgldw5ekrjpo,7,Trump has been hoping to put pressure on Tehran by targeting the country's oil revenues and tolls Tehran said it has collected from ships in order to navigate freely through the strait.
49,US boards ship carrying Iran oil as Trump threatens mine-laying vessels,https://www.bbc.com/news/articles/cgldw5ekrjpo,8,"Speaking at a White House event on Thursday, he said the blockade was ""100% effective"" and Iran is ""getting no business""."
49,US boards ship carrying Iran oil as Trump threatens mine-laying vessels,https://www.bbc.com/news/articles/cgldw5ekrjpo,9,"Trump also claimed to have rejected an offer from Iran to reopen the strait three days ago, saying that ""it will open when we make a deal""."
49,US boards ship carrying Iran oil as Trump threatens mine-laying vessels,https://www.bbc.com/news/articles/cgldw5ekrjpo,10,"Hamidreza Haji Bababei, the deputy speaker of the Iranian Parliament, on Thursday claimed the first revenues collected from tolls imposed on ships using the vital waterway had been deposited with the country's Central Bank."
49,US boards ship carrying Iran oil as Trump threatens mine-laying vessels,https://www.bbc.com/news/articles/cgldw5ekrjpo,11,"No further detail has been provided on the amount of the toll, the method of collection nor who paid it."
49,US boards ship carrying Iran oil as Trump threatens mine-laying vessels,https://www.bbc.com/news/articles/cgldw5ekrjpo,12,The BBC could not independently verify this claim.
49,US boards ship carrying Iran oil as Trump threatens mine-laying vessels,https://www.bbc.com/news/articles/cgldw5ekrjpo,13,The US has continued to impose its naval blockade despite Trump extending a two-week ceasefire at the request of mediator Pakistan.
49,US boards ship carrying Iran oil as Trump threatens mine-laying vessels,https://www.bbc.com/news/articles/cgldw5ekrjpo,14,"Mohammad Bagher Ghalibaf, who led the first round of peace negotiations, has said it is ""not possible"" to reopen the strait due to the blockade and what it called other ceasefire violations."
49,US boards ship carrying Iran oil as Trump threatens mine-laying vessels,https://www.bbc.com/news/articles/cgldw5ekrjpo,15,"Writing on Truth Social on Thursday, Trump said US forces have ""total control"" of the Strait of Hormuz while claiming Iranians are ""having a very hard time figuring out who their leader is""."
49,US boards ship carrying Iran oil as Trump threatens mine-laying vessels,https://www.bbc.com/news/articles/cgldw5ekrjpo,16,"A day earlier, Iran's navy said it had seized two cargo ships in the strait and taken them to the country's coast after reports that three vessels came under fire from Iranian forces."
49,US boards ship carrying Iran oil as Trump threatens mine-laying vessels,https://www.bbc.com/news/articles/cgldw5ekrjpo,17,Islamic Revolutionary Guard Corps (IRGC)-affiliated outlet Fars News Agency said IRGC was behind the attacks.
49,US boards ship carrying Iran oil as Trump threatens mine-laying vessels,https://www.bbc.com/news/articles/cgldw5ekrjpo,18,"BBC Verify has analysed footage shared by the IRGC that purports to show Iranian soldiers seizing the two ships , finding that while the two vessels - MSC Francesca and the Epaminondas - are clearly identifiable, aerial shots appear to have been filmed several hours after the reported initial attack."
49,US boards ship carrying Iran oil as Trump threatens mine-laying vessels,https://www.bbc.com/news/articles/cgldw5ekrjpo,19,Greek authorities have denied the Epaminondas was seized and said its captain remains in control.
49,US boards ship carrying Iran oil as Trump threatens mine-laying vessels,https://www.bbc.com/news/articles/cgldw5ekrjpo,20,"However, the transponders of both vessels have been switched off."
49,US boards ship carrying Iran oil as Trump threatens mine-laying vessels,https://www.bbc.com/news/articles/cgldw5ekrjpo,21,"On Thursday, Trump also said he had ordered the US Navy to ""shot and kill"" boats laying mines in the Strait of Hormuz."
49,US boards ship carrying Iran oil as Trump threatens mine-laying vessels,https://www.bbc.com/news/articles/cgldw5ekrjpo,22,"""There is to be no hesitation,"" he said in a social media post, adding that US mine ""sweepers"" are clearing the strait ""right now""."
49,US boards ship carrying Iran oil as Trump threatens mine-laying vessels,https://www.bbc.com/news/articles/cgldw5ekrjpo,23,The update comes as the Pentagon dismissed reports suggesting that US forces may require six months to remove any mines located in the shipping lane.
49,US boards ship carrying Iran oil as Trump threatens mine-laying vessels,https://www.bbc.com/news/articles/cgldw5ekrjpo,24,"""One assessment does not mean the assessment is plausible, and a six-month closure of the Strait of Hormuz is an impossibility and completely unacceptable to the Secretary,"" Pentagon Chief Spokesman Sean Parnell told the BBC."
49,US boards ship carrying Iran oil as Trump threatens mine-laying vessels,https://www.bbc.com/news/articles/cgldw5ekrjpo,25,"In a phone interview with the BBC's North America editor Sarah Smith, Trump said Iran is ""dying to make a deal"", adding his stance ""seems to be working very well""."
49,US boards ship carrying Iran oil as Trump threatens mine-laying vessels,https://www.bbc.com/news/articles/cgldw5ekrjpo,26,"The US president announced on Tuesday he would extend the ceasefire with Iran to allow the regime more time to create a ""unified proposal"" to end the war."
49,US boards ship carrying Iran oil as Trump threatens mine-laying vessels,https://www.bbc.com/news/articles/cgldw5ekrjpo,27,He did not specify how long the ceasefire might last.
49,US boards ship carrying Iran oil as Trump threatens mine-laying vessels,https://www.bbc.com/news/articles/cgldw5ekrjpo,28,"Writing on Truth Social on Thursday, he disputed reports that he is ""anxious"" to end the war, saying that while he has ""all the time in the World ...Iran doesn't - The clock is ticking!"""
49,US boards ship carrying Iran oil as Trump threatens mine-laying vessels,https://www.bbc.com/news/articles/cgldw5ekrjpo,29,"Despite the impact the war has been having on the already-struggling Iranian economy, including a massive wave of redundancies and a plunge of consumer spending, Tehran has shown little sign of backing down."
49,US boards ship carrying Iran oil as Trump threatens mine-laying vessels,https://www.bbc.com/news/articles/cgldw5ekrjpo,30,"Iran's Foreign Minister Abbas Araghchi said the country is ""united, more than ever before"" in a statement on X. Iranian President Masoud Pezeshkian and Ghalibaf issued similar statements in which they described Iran's ""iron unity""."
49,US boards ship carrying Iran oil as Trump threatens mine-laying vessels,https://www.bbc.com/news/articles/cgldw5ekrjpo,31,The war started when the US and Israel attacked Iran on 28 February.
49,US boards ship carrying Iran oil as Trump threatens mine-laying vessels,https://www.bbc.com/news/articles/cgldw5ekrjpo,32,"Israel's defence minister, Israel Katz, said on Thursday his country stands ready to resume hostilities and return Iran ""to the dark and stone ages""."
49,US boards ship carrying Iran oil as Trump threatens mine-laying vessels,https://www.bbc.com/news/articles/cgldw5ekrjpo,33,"Katz said Israel is ""waiting for the green light from the US...to complete the elimination of the Khamenei dynasty""."
49,US boards ship carrying Iran oil as Trump threatens mine-laying vessels,https://www.bbc.com/news/articles/cgldw5ekrjpo,34,"Ayatollah Ali Khamenei, Iran's supreme leader since 1989, was killed on the first day of the war in February."
49,US boards ship carrying Iran oil as Trump threatens mine-laying vessels,https://www.bbc.com/news/articles/cgldw5ekrjpo,35,"His second son, Mojtaba Khamenei, succeeded him on 8 March but has not been seen in public since."
50,Why did US and Israel attack Iran and how long could the war last?,https://www.bbc.com/news/articles/cx2dyz6p3weo,1,"Conflict was sparked across the Middle East after the US and Israel launched wide-ranging strikes on Iran, killing the country's supreme leader on 28 February."
50,Why did US and Israel attack Iran and how long could the war last?,https://www.bbc.com/news/articles/cx2dyz6p3weo,2,Iran responded by launching attacks on Israel and US-allied states in the Gulf.
50,Why did US and Israel attack Iran and how long could the war last?,https://www.bbc.com/news/articles/cx2dyz6p3weo,3,"The fighting escalated quickly, spreading to Lebanon, with casualties and damage mounting on all sides."
50,Why did US and Israel attack Iran and how long could the war last?,https://www.bbc.com/news/articles/cx2dyz6p3weo,4,The US and Iran have since agreed to a conditional two-week ceasefire starting on 7 April.
50,Why did US and Israel attack Iran and how long could the war last?,https://www.bbc.com/news/articles/cx2dyz6p3weo,5,"When the US and Israel first attacked, they targeted Iran's missile infrastructure, military sites and leadership in the capital, Tehran, and across the country."
50,Why did US and Israel attack Iran and how long could the war last?,https://www.bbc.com/news/articles/cx2dyz6p3weo,6,"Iran's Supreme Leader, Ayatollah Ali Khamenei, who had led the country since 1989, was killed during the first wave of strikes."
50,Why did US and Israel attack Iran and how long could the war last?,https://www.bbc.com/news/articles/cx2dyz6p3weo,7,Israel's military say dozens more senior figures in the powerful Islamic Revolutionary Guard Corps (IRGC) were also killed.
50,Why did US and Israel attack Iran and how long could the war last?,https://www.bbc.com/news/articles/cx2dyz6p3weo,8,"Khamenei's son, Mojtaba Khamenei, was named as his successor on 8 March."
50,Why did US and Israel attack Iran and how long could the war last?,https://www.bbc.com/news/articles/cx2dyz6p3weo,9,"Other high-ranking Iranian officials killed include security chief Ali Larijani, intelligence minister Esmail Khatib and the head of the paramilitary Basij force, Gholamreza Soleimani."
50,Why did US and Israel attack Iran and how long could the war last?,https://www.bbc.com/news/articles/cx2dyz6p3weo,10,Israel says it targeted them in air strikes.
50,Why did US and Israel attack Iran and how long could the war last?,https://www.bbc.com/news/articles/cx2dyz6p3weo,11,The US and Israel have also targeted key sites linked to Iran's nuclear programme - which Iran insists is entirely peaceful - and Iranian oil and gas sites.
50,Why did US and Israel attack Iran and how long could the war last?,https://www.bbc.com/news/articles/cx2dyz6p3weo,12,"They include Kharg Island, home to a major oil terminal that is considered Iran's economic lifeline."
50,Why did US and Israel attack Iran and how long could the war last?,https://www.bbc.com/news/articles/cx2dyz6p3weo,13,"Israel also targeted South Pars, part of the world's largest natural gas field."
50,Why did US and Israel attack Iran and how long could the war last?,https://www.bbc.com/news/articles/cx2dyz6p3weo,14,"Outside its territory, an Iranian warship was sunk by a US submarine in the Indian Ocean near Sri Lanka on 4 March."
50,Why did US and Israel attack Iran and how long could the war last?,https://www.bbc.com/news/articles/cx2dyz6p3weo,15,At least 87 people were killed.
50,Why did US and Israel attack Iran and how long could the war last?,https://www.bbc.com/news/articles/cx2dyz6p3weo,16,"The US-based group Human Rights Activists in Iran (HRANA) reported on 7 April that 3,636 people had been killed in Iran since the war began – including 1,701 civilians, of whom at least 254 were children."
50,Why did US and Israel attack Iran and how long could the war last?,https://www.bbc.com/news/articles/cx2dyz6p3weo,17,"Iran accused the US and Israel of launching an attack on a girls' school near an IRGC base in southern Iran on 28 February, saying 168 people, including around 110 children, were killed."
50,Why did US and Israel attack Iran and how long could the war last?,https://www.bbc.com/news/articles/cx2dyz6p3weo,18,"The US said it was investigating the incident, while Israel said it was ""not aware"" of any military operations in the area."
50,Why did US and Israel attack Iran and how long could the war last?,https://www.bbc.com/news/articles/cx2dyz6p3weo,19,"Expert video analysis shows a US Tomahawk missile hit a military base near the school, BBC Verify has reported."
50,Why did US and Israel attack Iran and how long could the war last?,https://www.bbc.com/news/articles/cx2dyz6p3weo,20,"Access to Iran for international journalists is limited, and internet connectivity in the country has been almost entirely restricted."
50,Why did US and Israel attack Iran and how long could the war last?,https://www.bbc.com/news/articles/cx2dyz6p3weo,21,"On 3 April, a US F-15 fighter jet was shot down over western Iran."
50,Why did US and Israel attack Iran and how long could the war last?,https://www.bbc.com/news/articles/cx2dyz6p3weo,22,The pilot was quickly rescued and a search-and-rescue operation - which also came under fire - was launched to find a second crew member.
50,Why did US and Israel attack Iran and how long could the war last?,https://www.bbc.com/news/articles/cx2dyz6p3weo,23,"Reports emerged late on 4 April that he had been found, and Trump confirmed this shortly afterwards."
50,Why did US and Israel attack Iran and how long could the war last?,https://www.bbc.com/news/articles/cx2dyz6p3weo,24,"Iran has described the US and Israeli strikes as ""unprovoked"" and ""illegitimate"", and has carried out widespread missile and drone attacks in response."
50,Why did US and Israel attack Iran and how long could the war last?,https://www.bbc.com/news/articles/cx2dyz6p3weo,25,The IRGC said it had targeted Israeli government and military sites in Tel Aviv and elsewhere.
50,Why did US and Israel attack Iran and how long could the war last?,https://www.bbc.com/news/articles/cx2dyz6p3weo,26,"Israel's Magen David Adom ambulance service (MDA) reported on 6 April that 23 people had been killed by missile fire since the start of the war, including four children killed in an Iranian missile strike in Beit Shemesh."
50,Why did US and Israel attack Iran and how long could the war last?,https://www.bbc.com/news/articles/cx2dyz6p3weo,27,"There have also been strikes in countries hosting US bases – Qatar, Bahrain, Jordan, the United Arab Emirates (UAE) and Kuwait – and US-allied Oman and Saudi Arabia."
50,Why did US and Israel attack Iran and how long could the war last?,https://www.bbc.com/news/articles/cx2dyz6p3weo,28,Thirteen US service members have been killed.
50,Why did US and Israel attack Iran and how long could the war last?,https://www.bbc.com/news/articles/cx2dyz6p3weo,29,"Iran has also been accused of attacking oil and gas facilities, shipping and civilian sites."
50,Why did US and Israel attack Iran and how long could the war last?,https://www.bbc.com/news/articles/cx2dyz6p3weo,30,"At least 24 people have been killed across the Gulf so far, most of them security personnel or foreign workers."
50,Why did US and Israel attack Iran and how long could the war last?,https://www.bbc.com/news/articles/cx2dyz6p3weo,31,"The UAE has reported 13 deaths, including a civilian contractor with its military who was killed in Bahrain."
50,Why did US and Israel attack Iran and how long could the war last?,https://www.bbc.com/news/articles/cx2dyz6p3weo,32,"Seven people have died in Kuwait, while Oman, Saudi Arabia and Bahrain have each reported two deaths."
50,Why did US and Israel attack Iran and how long could the war last?,https://www.bbc.com/news/articles/cx2dyz6p3weo,33,"In northern Iraq, a French soldier was killed by a drone at a Kurdish military base."
50,Why did US and Israel attack Iran and how long could the war last?,https://www.bbc.com/news/articles/cx2dyz6p3weo,34,"On 25 March, seven Iraqi soldiers were killed in an airstrike in Anbar province, in the west of the country, according to a statement from the Iraqi Ministry of Defence."
50,Why did US and Israel attack Iran and how long could the war last?,https://www.bbc.com/news/articles/cx2dyz6p3weo,35,The statement did not say who had carried out the attack.
50,Why did US and Israel attack Iran and how long could the war last?,https://www.bbc.com/news/articles/cx2dyz6p3weo,36,"Also in Iraq, the Popular Mobilization Forces (PMF) - formed in the last decade to fight the Islamic State group - said at least 27 of their members have been killed."
50,Why did US and Israel attack Iran and how long could the war last?,https://www.bbc.com/news/articles/cx2dyz6p3weo,37,"In the Israeli-occupied West Bank, four Palestinian women were killed at a beauty salon in an Iranian missile attack."
50,Why did US and Israel attack Iran and how long could the war last?,https://www.bbc.com/news/articles/cx2dyz6p3weo,38,Turkey said Nato air defences had shot down three Iranian missiles over its airspace.
50,Why did US and Israel attack Iran and how long could the war last?,https://www.bbc.com/news/articles/cx2dyz6p3weo,39,Azerbaijan accused Iran of attacking an airport with drones.
50,Why did US and Israel attack Iran and how long could the war last?,https://www.bbc.com/news/articles/cx2dyz6p3weo,40,"The US and its Arab allies have condemned Iran's attacks, saying ""the targeting of civilians and of countries not engaged in hostilities is reckless""."
50,Why did US and Israel attack Iran and how long could the war last?,https://www.bbc.com/news/articles/cx2dyz6p3weo,41,"On 14 March, the Palestinian armed group Hamas in Gaza urged Iran to stop attacking Gulf states, in a rare appeal to its key ally."
50,Why did US and Israel attack Iran and how long could the war last?,https://www.bbc.com/news/articles/cx2dyz6p3weo,42,"On 7 March, Iranian President Masoud Pezeshkian apologised to neighbouring countries that were attacked and said ""from now on"" the military should not attack neighbouring countries ""unless attacked first""."
50,Why did US and Israel attack Iran and how long could the war last?,https://www.bbc.com/news/articles/cx2dyz6p3weo,43,"But since then, attacks have continued."
50,Why did US and Israel attack Iran and how long could the war last?,https://www.bbc.com/news/articles/cx2dyz6p3weo,44,"Elsewhere, a British military base in Cyprus was struck by a drone, according to the UK Ministry of Defence."
50,Why did US and Israel attack Iran and how long could the war last?,https://www.bbc.com/news/articles/cx2dyz6p3weo,45,Western officials later said the drone had not been launched from Iran.
50,Why did US and Israel attack Iran and how long could the war last?,https://www.bbc.com/news/articles/cx2dyz6p3weo,46,"On 21 March, Iran reportedly fired two ballistic missiles at the UK military base on Diego Garcia in the Indian Ocean - but neither missile reached the target."
50,Why did US and Israel attack Iran and how long could the war last?,https://www.bbc.com/news/articles/cx2dyz6p3weo,47,"In early April, Trump set a new 48-hour deadline for Iran to re-open the vital Strait of Hormuz shipping channel."
50,Why did US and Israel attack Iran and how long could the war last?,https://www.bbc.com/news/articles/cx2dyz6p3weo,48,"He escalated his threats on Iran, warning ""a whole civilisation will die tonight"" unless a deal was reached."
50,Why did US and Israel attack Iran and how long could the war last?,https://www.bbc.com/news/articles/cx2dyz6p3weo,49,"Hours before Trump's deadline approached on 7 April, the US and Iran announced it would implement a two-week ceasefire after an intervention by Pakistan detailing plans to secure an end to the conflict."
50,Why did US and Israel attack Iran and how long could the war last?,https://www.bbc.com/news/articles/cx2dyz6p3weo,50,"Trump said he agreed to a ""double sided CEASEFIRE"", which was closely followed up by Iranian Foreign Minister Abbas Araghchi announcing Tehran would agree to a ceasefire ""if attacks against Iran are halted""."
50,Why did US and Israel attack Iran and how long could the war last?,https://www.bbc.com/news/articles/cx2dyz6p3weo,51,"Under the deal, Iran agreed to reopen the Strait of Hormuz for two weeks, after more than one month of imposing a blockade in the vital trading channel, in exchange for a halt to US military strikes in Iran."
50,Why did US and Israel attack Iran and how long could the war last?,https://www.bbc.com/news/articles/cx2dyz6p3weo,52,"Pakistan's Prime Minister Shehbaz Sharif declared the ceasefire was in effect ""immediately"" and agreed to host delegates in Islamabad to mediate talks between both sides."
50,Why did US and Israel attack Iran and how long could the war last?,https://www.bbc.com/news/articles/cx2dyz6p3weo,53,"A few hours after the ceasefire was announced by Trump, Israeli Prime Minister Benjamin Netanyahu said: ""Israel supports President Trump's decision to suspend strikes against Iran for two weeks subject to Iran immediately opening the straits and stopping all attacks on the US, Israel and countries in the region."""
50,Why did US and Israel attack Iran and how long could the war last?,https://www.bbc.com/news/articles/cx2dyz6p3weo,54,"The statement added that the ""ceasefire does not include Lebanon""."
50,Why did US and Israel attack Iran and how long could the war last?,https://www.bbc.com/news/articles/cx2dyz6p3weo,55,Speculation about when the war would end had shifted on multiple occasions as leaders provided conflicting timelines for ending hostilities.
50,Why did US and Israel attack Iran and how long could the war last?,https://www.bbc.com/news/articles/cx2dyz6p3weo,56,"Trump said on 31 March that US military action could end within ""two or three weeks"" with or without a deal brokered with Iran, saying that the US had achieved its goals in Iran, primarily curtailing the country's ability to obtain a nuclear weapon."
50,Why did US and Israel attack Iran and how long could the war last?,https://www.bbc.com/news/articles/cx2dyz6p3weo,57,"Iran's president, Masoud Pezeshkian, said on 31 March that Tehran had the ""necessary will"" to end the war but his country would need guarantees ""required to prevent repetition of the aggression""."
50,Why did US and Israel attack Iran and how long could the war last?,https://www.bbc.com/news/articles/cx2dyz6p3weo,58,"Netanyahu said at the start of the war the campaign would ""continue as long as it is needed""."
50,Why did US and Israel attack Iran and how long could the war last?,https://www.bbc.com/news/articles/cx2dyz6p3weo,59,"A new front in the war opened in Lebanon on 2 March when the Iran-backed group Hezbollah fired rockets at Israeli positions, saying it was seeking to avenge Khamenei's assassination."
50,Why did US and Israel attack Iran and how long could the war last?,https://www.bbc.com/news/articles/cx2dyz6p3weo,60,"Israel launched attacks in response, hitting southern and central Beirut and parts of southern and eastern Lebanon."
50,Why did US and Israel attack Iran and how long could the war last?,https://www.bbc.com/news/articles/cx2dyz6p3weo,61,"Israel's defence minister said on 3 March that ground troops would ""advance and seize additional strategic areas in Lebanon"" in order to stop attacks from Hezbollah and keep security control over a swathe of southern Lebanon even after the end of the current war."
50,Why did US and Israel attack Iran and how long could the war last?,https://www.bbc.com/news/articles/cx2dyz6p3weo,62,"As of 17 April, Lebanon's health ministry said Israeli attacks had killed 2,294 people, including 177 children."
50,Why did US and Israel attack Iran and how long could the war last?,https://www.bbc.com/news/articles/cx2dyz6p3weo,63,"More than a million people - roughly one in every six in the country - have been displaced from their homes, Lebanon's government said."
50,Why did US and Israel attack Iran and how long could the war last?,https://www.bbc.com/news/articles/cx2dyz6p3weo,64,The Israeli military reported 15 of its soldiers have been killed in Lebanon as of 21 April.
50,Why did US and Israel attack Iran and how long could the war last?,https://www.bbc.com/news/articles/cx2dyz6p3weo,65,"Five peacekeepers - three Indonesians and two French - have also been killed in southern Lebanon, the UN agency tasked with policing the region has said."
50,Why did US and Israel attack Iran and how long could the war last?,https://www.bbc.com/news/articles/cx2dyz6p3weo,66,Lebanon and Israel agreed a 10-day ceasefire that took effect at midnight local time on 16 April.
50,Why did US and Israel attack Iran and how long could the war last?,https://www.bbc.com/news/articles/cx2dyz6p3weo,67,"Israeli Defence Minister Israel Katz described the first strikes on Iran as a ""pre-emptive"" to ""remove threats against the state of Israel"", although he did not explain why there was a need to take military action at this time."
50,Why did US and Israel attack Iran and how long could the war last?,https://www.bbc.com/news/articles/cx2dyz6p3weo,68,"US Secretary of State Marco Rubio said on 2 March Washington knew there was going to be Israeli action, which meant America had to act ""pre-emptively"" in the face of expected Iranian attacks on US forces."
50,Why did US and Israel attack Iran and how long could the war last?,https://www.bbc.com/news/articles/cx2dyz6p3weo,69,Israel and the US – its closest ally – have been arch-foes of Iran since the Islamic revolution in 1979.
50,Why did US and Israel attack Iran and how long could the war last?,https://www.bbc.com/news/articles/cx2dyz6p3weo,70,The Iranian leadership has consistently called for Israel's elimination and denounced the US as its greatest enemy.
50,Why did US and Israel attack Iran and how long could the war last?,https://www.bbc.com/news/articles/cx2dyz6p3weo,71,"The two countries have led Western opposition to Iran's nuclear programme, claiming Iran is seeking to develop a nuclear bomb - something Iran has vehemently denied."
50,Why did US and Israel attack Iran and how long could the war last?,https://www.bbc.com/news/articles/cx2dyz6p3weo,72,They attacked Iranian nuclear and military sites in June 2025 in a 12-day war.
50,Why did US and Israel attack Iran and how long could the war last?,https://www.bbc.com/news/articles/cx2dyz6p3weo,73,"Since then, they have claimed Iran has been trying to rebuild its nuclear programme and develop missiles capable of delivering nuclear weapons."
50,Why did US and Israel attack Iran and how long could the war last?,https://www.bbc.com/news/articles/cx2dyz6p3weo,74,"Israel considers Iran a threat to its existence and wants the complete removal of Iran's nuclear and missile programme, as well as regime change."
50,Why did US and Israel attack Iran and how long could the war last?,https://www.bbc.com/news/articles/cx2dyz6p3weo,75,The US first openly talked in January about potentially attacking Iran when its security forces cracked down on protesters with deadly force.
50,Why did US and Israel attack Iran and how long could the war last?,https://www.bbc.com/news/articles/cx2dyz6p3weo,76,"But the US and Iran began negotiations and appeared to be making progress until Trump said he was ""not happy"" with the way the talks were going on 27 February."
50,Why did US and Israel attack Iran and how long could the war last?,https://www.bbc.com/news/articles/cx2dyz6p3weo,77,"Hours later, the US and Israel began attacking."
50,Why did US and Israel attack Iran and how long could the war last?,https://www.bbc.com/news/articles/cx2dyz6p3weo,78,Instability in the Middle East has begun to impact the global economy.
50,Why did US and Israel attack Iran and how long could the war last?,https://www.bbc.com/news/articles/cx2dyz6p3weo,79,"Iran has been accused of attacking ships in the Gulf, forcing the effective closure of the Strait of Hormuz - a key artery accounting for about 20% of global oil supply."
50,Why did US and Israel attack Iran and how long could the war last?,https://www.bbc.com/news/articles/cx2dyz6p3weo,80,"Trump postponed his initial threats in late March to strike Iranian power plants and energy infrastructure unless Iran opens the strait, citing what he described as ""good"" and ""productive"" talks."
50,Why did US and Israel attack Iran and how long could the war last?,https://www.bbc.com/news/articles/cx2dyz6p3weo,81,"Iran, however, has denied any such talks have taken place."
50,Why did US and Israel attack Iran and how long could the war last?,https://www.bbc.com/news/articles/cx2dyz6p3weo,82,"But on 4 April he again gave Iran 48 hours to act, and a day later launched an expletive-laden post on social media threatening to unleash ""hell"" if it did not comply."
50,Why did US and Israel attack Iran and how long could the war last?,https://www.bbc.com/news/articles/cx2dyz6p3weo,83,Attacks have been reported on major oil and gas hubs throughout the war.
50,Why did US and Israel attack Iran and how long could the war last?,https://www.bbc.com/news/articles/cx2dyz6p3weo,84,The strikes have prompted some of the world's largest producers of oil and gas to suspend production - leading to a sharp rise in energy prices.
50,Why did US and Israel attack Iran and how long could the war last?,https://www.bbc.com/news/articles/cx2dyz6p3weo,85,"Benchmark Brent crude oil rose to almost $US120 a barrel, marking one of the largest spikes since Russia first launched a full-scale invasion of Ukraine in 2022."
50,Why did US and Israel attack Iran and how long could the war last?,https://www.bbc.com/news/articles/cx2dyz6p3weo,86,The war has also prompted one of the most serious disruptions to global travel since the Covid-19 pandemic.
50,Why did US and Israel attack Iran and how long could the war last?,https://www.bbc.com/news/articles/cx2dyz6p3weo,87,Some airlines have carried on operating or have resumed limited flights.
50,Why did US and Israel attack Iran and how long could the war last?,https://www.bbc.com/news/articles/cx2dyz6p3weo,88,The UK foreign office said anyone planning to travel to the Middle East should check its website for advice relating to their destination.
50,Why did US and Israel attack Iran and how long could the war last?,https://www.bbc.com/news/articles/cx2dyz6p3weo,89,"Reporting by Mallory Moench, Raffi Berg, Emily Atkinson, Olivia Ireland, Robert Greenall, Hafsa Khalil, Gabriela Pomeroy, Jaroslav Lukiv, Harry Sekulich and BBC Persian"
51,"In Tehran, money is short and a return to war looms over daily life",https://www.bbc.com/news/articles/cdrm8k7lzmko,1,"On a bright Tehran spring day, Sanaei Ghaznavi street, with its mix of shops selling groceries and household goods alongside fast food and flowers, seems like an everyday place."
51,"In Tehran, money is short and a return to war looms over daily life",https://www.bbc.com/news/articles/cdrm8k7lzmko,2,"In a country where lives have long been buffeted by crises, it is a snapshot of a people just trying to get through the day while their future hangs on forces beyond their control."
51,"In Tehran, money is short and a return to war looms over daily life",https://www.bbc.com/news/articles/cdrm8k7lzmko,3,"For Mohammad, in t-shirt and jeans, even cranking open the striped awning of his family's shoe shop is an act of hope."
51,"In Tehran, money is short and a return to war looms over daily life",https://www.bbc.com/news/articles/cdrm8k7lzmko,4,"""It makes me happy to be in here,"" he tells us when we wander into his pocket of a store with its floor-to-ceiling shelves of trainers, big and small."
51,"In Tehran, money is short and a return to war looms over daily life",https://www.bbc.com/news/articles/cdrm8k7lzmko,5,"""So many people have lost their jobs and aren't working."""
51,"In Tehran, money is short and a return to war looms over daily life",https://www.bbc.com/news/articles/cdrm8k7lzmko,6,"""We had so many before,"" his father Mustafa laments glumly as he proudly explains this business has been in their family for 40  years."
51,"In Tehran, money is short and a return to war looms over daily life",https://www.bbc.com/news/articles/cdrm8k7lzmko,7,"One Iranian website, Asr-e Iran, recently cited an unofficial estimate that up to four million jobs may have been lost or impacted by the combined effect of the war and the government's near-total internet shutdown."
51,"In Tehran, money is short and a return to war looms over daily life",https://www.bbc.com/news/articles/cdrm8k7lzmko,8,Boxes labelled with western logos like New Balance and Clarks protrude from this shop's packed shelves.
51,"In Tehran, money is short and a return to war looms over daily life",https://www.bbc.com/news/articles/cdrm8k7lzmko,9,"""Made in China,"" both father and son note matter-of-factly."
51,"In Tehran, money is short and a return to war looms over daily life",https://www.bbc.com/news/articles/cdrm8k7lzmko,10,"""Even fakes are expensive in Iran,"" Mohammad adds."
51,"In Tehran, money is short and a return to war looms over daily life",https://www.bbc.com/news/articles/cdrm8k7lzmko,11,"I expect them to express hope that the shaky ceasefire will hold, and that negotiations with America will succeed, in order to allow them to import the real deal when it comes to the latest fashions in footwear."
51,"In Tehran, money is short and a return to war looms over daily life",https://www.bbc.com/news/articles/cdrm8k7lzmko,12,"""We hope the war starts again,"" Mohammad declares, breaking into a wry smile."
51,"In Tehran, money is short and a return to war looms over daily life",https://www.bbc.com/news/articles/cdrm8k7lzmko,13,His father eyes knowingly his 27-year-old son.
51,"In Tehran, money is short and a return to war looms over daily life",https://www.bbc.com/news/articles/cdrm8k7lzmko,14,"""Look at my grey hair, I understand more than him."""
51,"In Tehran, money is short and a return to war looms over daily life",https://www.bbc.com/news/articles/cdrm8k7lzmko,15,"""We're just tired of living with an economy which keeps getting worse,"" Mustafa says."
51,"In Tehran, money is short and a return to war looms over daily life",https://www.bbc.com/news/articles/cdrm8k7lzmko,16,"""Some people believe that, if war returns, things will eventually improve dramatically."""
51,"In Tehran, money is short and a return to war looms over daily life",https://www.bbc.com/news/articles/cdrm8k7lzmko,17,"Outside the nearby corner shop, Shahla, an elderly woman wearing a pale headscarf balances a loaf of bread on a clipboard securing her shopping list and a wadge of bills."
51,"In Tehran, money is short and a return to war looms over daily life",https://www.bbc.com/news/articles/cdrm8k7lzmko,18,She stops in her tracks when she sees us walking by and offers her thoughts.
51,"In Tehran, money is short and a return to war looms over daily life",https://www.bbc.com/news/articles/cdrm8k7lzmko,19,"""People are paying three times more for a loaf of bread now,"" she moans, her fingers resting on the soft white slices inside the plastic."
51,"In Tehran, money is short and a return to war looms over daily life",https://www.bbc.com/news/articles/cdrm8k7lzmko,20,"""People are going through hell now just to pay for bread."""
51,"In Tehran, money is short and a return to war looms over daily life",https://www.bbc.com/news/articles/cdrm8k7lzmko,21,"She casts her eyes across this leafy street in central Tehran, which sits midway between the affluent north with its glittering shops and chic cafes, and the poorer, more conservative south."
51,"In Tehran, money is short and a return to war looms over daily life",https://www.bbc.com/news/articles/cdrm8k7lzmko,22,"""People who are well off, they're okay, but not for workers who don't earn much,"" Shahla spells out."
51,"In Tehran, money is short and a return to war looms over daily life",https://www.bbc.com/news/articles/cdrm8k7lzmko,23,I ask what her message to the negotiators is.
51,"In Tehran, money is short and a return to war looms over daily life",https://www.bbc.com/news/articles/cdrm8k7lzmko,24,"""Stop it, that's enough,"" she declares."
51,"In Tehran, money is short and a return to war looms over daily life",https://www.bbc.com/news/articles/cdrm8k7lzmko,25,"""I don't think something good will come of it for us because Trump is just threatening people."""
51,"In Tehran, money is short and a return to war looms over daily life",https://www.bbc.com/news/articles/cdrm8k7lzmko,26,"As she makes haste to finish her shopping, a young man wanders past clutching a small glass bottle of a green spread."
51,"In Tehran, money is short and a return to war looms over daily life",https://www.bbc.com/news/articles/cdrm8k7lzmko,27,"""It's valak butter,"" he says, using the Persian word for wild garlic, which thrives in the foothills of the snow-capped Alborz mountains to the north."
51,"In Tehran, money is short and a return to war looms over daily life",https://www.bbc.com/news/articles/cdrm8k7lzmko,28,"""I made it myself."""
51,"In Tehran, money is short and a return to war looms over daily life",https://www.bbc.com/news/articles/cdrm8k7lzmko,29,"""We're just trying to live our lives, making things to enjoy,"" the 45-year-old architect and teacher explains stoically."
51,"In Tehran, money is short and a return to war looms over daily life",https://www.bbc.com/news/articles/cdrm8k7lzmko,30,"He does not want to be drawn into the ""super complicated"" politics in Iran and the wider region, or predictions of what could happen next."
51,"In Tehran, money is short and a return to war looms over daily life",https://www.bbc.com/news/articles/cdrm8k7lzmko,31,"But he vents his frustration that he cannot even access a website to translate words while he was reading a book because of the digital shutdown, which has now been in force for more than 50 days."
51,"In Tehran, money is short and a return to war looms over daily life",https://www.bbc.com/news/articles/cdrm8k7lzmko,32,"Even Iran's communications minister Sattar Hashemi recently called for the ban to be lifted, highlighting that around 10 million people, mainly from middle and lower-income groups, depended on digital connectivity for their work."
51,"In Tehran, money is short and a return to war looms over daily life",https://www.bbc.com/news/articles/cdrm8k7lzmko,33,"He called it a ""public right""."
51,"In Tehran, money is short and a return to war looms over daily life",https://www.bbc.com/news/articles/cdrm8k7lzmko,34,"Restrictions are slowly and selectively easing – although the message from security officials is they will stay in force as long as ""enemy threats"" remain."
51,"In Tehran, money is short and a return to war looms over daily life",https://www.bbc.com/news/articles/cdrm8k7lzmko,35,Security has visibly tightened.
51,"In Tehran, money is short and a return to war looms over daily life",https://www.bbc.com/news/articles/cdrm8k7lzmko,36,We feel it on this street too.
51,"In Tehran, money is short and a return to war looms over daily life",https://www.bbc.com/news/articles/cdrm8k7lzmko,37,"Plain-clothed security - from the paramilitary volunteer Basij, or the Islamic Revolutionary Guards - are ubiquitous now."
51,"In Tehran, money is short and a return to war looms over daily life",https://www.bbc.com/news/articles/cdrm8k7lzmko,38,"A short drive away on Ferdowsi square, a few hulking black armoured vehicles flanked by armed men in uniform send an even starker message."
51,"In Tehran, money is short and a return to war looms over daily life",https://www.bbc.com/news/articles/cdrm8k7lzmko,39,"Like this street, that square is also named after a much-loved Persian poet."
51,"In Tehran, money is short and a return to war looms over daily life",https://www.bbc.com/news/articles/cdrm8k7lzmko,40,I ask the architect what one change would make a big difference in his life.
51,"In Tehran, money is short and a return to war looms over daily life",https://www.bbc.com/news/articles/cdrm8k7lzmko,41,"""Freedom"" is his fast, firm reply."
51,"In Tehran, money is short and a return to war looms over daily life",https://www.bbc.com/news/articles/cdrm8k7lzmko,42,"""Freedom of thought and freedom to have a future."""
51,"In Tehran, money is short and a return to war looms over daily life",https://www.bbc.com/news/articles/cdrm8k7lzmko,43,"Down the street, a popular cafe is bursting with customers waiting to purchase its famous grilled sandwiches and iced coffee."
51,"In Tehran, money is short and a return to war looms over daily life",https://www.bbc.com/news/articles/cdrm8k7lzmko,44,"Even in this crisis, Tehran's cafe culture survives."
51,"In Tehran, money is short and a return to war looms over daily life",https://www.bbc.com/news/articles/cdrm8k7lzmko,45,A row of counter seats along a wide-open window gives its patrons a ringside seat to watch street life go by.
51,"In Tehran, money is short and a return to war looms over daily life",https://www.bbc.com/news/articles/cdrm8k7lzmko,46,"In this city, the contrasts are stark."
51,"In Tehran, money is short and a return to war looms over daily life",https://www.bbc.com/news/articles/cdrm8k7lzmko,47,Women in headscarves and long coats share the sidewalk with groups of young men and women in baggy jeans with body piercings and tattoos.
51,"In Tehran, money is short and a return to war looms over daily life",https://www.bbc.com/news/articles/cdrm8k7lzmko,48,"Many women, young and old, no longer comply with laws dictating that they dress ""modestly"" and cover their heads, a legacy of the ""Women, Life, Freedom"" protests which swept Iran a few years ago - and like all protests, were crushed with lethal force."
51,"In Tehran, money is short and a return to war looms over daily life",https://www.bbc.com/news/articles/cdrm8k7lzmko,49,"Small demonstrations against the rising cost of living in late 2025 built into a nationwide outbreak of anti-government protest earlier this year, with several thousand people killed in the resulting security crackdown."
51,"In Tehran, money is short and a return to war looms over daily life",https://www.bbc.com/news/articles/cdrm8k7lzmko,50,The recent war is on Ali's mind as he smokes imported Napoli cigarettes with a friend.
51,"In Tehran, money is short and a return to war looms over daily life",https://www.bbc.com/news/articles/cdrm8k7lzmko,51,His sister has squeezed in alongside them with her short cropped hair and trendy turquoise spectacles.
51,"In Tehran, money is short and a return to war looms over daily life",https://www.bbc.com/news/articles/cdrm8k7lzmko,52,"""It was scary during the war,"" Ali recounts."
51,"In Tehran, money is short and a return to war looms over daily life",https://www.bbc.com/news/articles/cdrm8k7lzmko,53,"""We felt alone."
51,"In Tehran, money is short and a return to war looms over daily life",https://www.bbc.com/news/articles/cdrm8k7lzmko,54,"Our families were in other Iranian cities and we couldn't reach them."""
51,"In Tehran, money is short and a return to war looms over daily life",https://www.bbc.com/news/articles/cdrm8k7lzmko,55,Their future prospects are scary too.
51,"In Tehran, money is short and a return to war looms over daily life",https://www.bbc.com/news/articles/cdrm8k7lzmko,56,His sister tells us she just quit her job as a chef because the restaurant's owner said he could no longer pay her.
51,"In Tehran, money is short and a return to war looms over daily life",https://www.bbc.com/news/articles/cdrm8k7lzmko,57,"""I love President Trump and I hate President Trump,"" Ali announces."
51,"In Tehran, money is short and a return to war looms over daily life",https://www.bbc.com/news/articles/cdrm8k7lzmko,58,"""I love him because he said he would help the people of Iran."
51,"In Tehran, money is short and a return to war looms over daily life",https://www.bbc.com/news/articles/cdrm8k7lzmko,59,"I hate him because he didn't."""
51,"In Tehran, money is short and a return to war looms over daily life",https://www.bbc.com/news/articles/cdrm8k7lzmko,60,"As the sun sinks, we drive to one of many nearby squares where government supporters have been gathering nightly in response to their new leaders' call to show defiance and solidarity."
51,"In Tehran, money is short and a return to war looms over daily life",https://www.bbc.com/news/articles/cdrm8k7lzmko,61,"In Vali-e Asr Square, there is a thicket of Iranian flags set against the backdrop of a new towering mural of the former supreme leader Ayatollah Ali Khamenei, assassinated by Israel airstrikes in the very first hours of the war on 28 February."
51,"In Tehran, money is short and a return to war looms over daily life",https://www.bbc.com/news/articles/cdrm8k7lzmko,62,"Tonight, rows of chairs stretching across this space are filled for an open-air debate on issues such as whether their late leader had approved negotiations with America."
51,"In Tehran, money is short and a return to war looms over daily life",https://www.bbc.com/news/articles/cdrm8k7lzmko,63,"One woman, veiled in black, a flag draped across her shoulders, rises from her seat and stridently takes issue with the moderator on stage, who had informed this crowd that the late ayatollah opposed talks with the enemy but then later approved them."
51,"In Tehran, money is short and a return to war looms over daily life",https://www.bbc.com/news/articles/cdrm8k7lzmko,64,"""Things were different then,"" she shouted, stressing that their late leader never trusted the West and knew his negotiators would be proven wrong."
51,"In Tehran, money is short and a return to war looms over daily life",https://www.bbc.com/news/articles/cdrm8k7lzmko,65,"A short time later, the topic shifts."
51,"In Tehran, money is short and a return to war looms over daily life",https://www.bbc.com/news/articles/cdrm8k7lzmko,66,Another woman takes the microphone and highlights the importance of hijab - head coverings for women.
51,"In Tehran, money is short and a return to war looms over daily life",https://www.bbc.com/news/articles/cdrm8k7lzmko,67,"""But we shouldn't be so tough towards those who don't want to wear it, I think it is a time which calls for national unity,"" she advises in an unexpected sign of openness."
51,"In Tehran, money is short and a return to war looms over daily life",https://www.bbc.com/news/articles/cdrm8k7lzmko,68,"A young woman, also in black and bearing a flag, approaches us to declare in English: ""We only negotiate with President Trump from our position of strength."""
51,"In Tehran, money is short and a return to war looms over daily life",https://www.bbc.com/news/articles/cdrm8k7lzmko,69,"Nineteen-year-old Reyhaneh, who is studying microbiology at the University of Tehran, also holds a photograph of the new supreme leader Mojtaba Khamenei."
51,"In Tehran, money is short and a return to war looms over daily life",https://www.bbc.com/news/articles/cdrm8k7lzmko,70,She bats away my question that no one seems to have seen him since he was seriously injured in the attack which killed his father.
51,"In Tehran, money is short and a return to war looms over daily life",https://www.bbc.com/news/articles/cdrm8k7lzmko,71,"""Everything is in his hands now, and in the future too,"" she insists."
51,"In Tehran, money is short and a return to war looms over daily life",https://www.bbc.com/news/articles/cdrm8k7lzmko,72,"As we leave the square, there is a sudden roar."
51,"In Tehran, money is short and a return to war looms over daily life",https://www.bbc.com/news/articles/cdrm8k7lzmko,73,"A convoy of white and black turbaned mullahs in camouflage, guns strapped across their chests, growls past in a parade of motorcycles - another startling moment of this night."
51,"In Tehran, money is short and a return to war looms over daily life",https://www.bbc.com/news/articles/cdrm8k7lzmko,74,Our journey takes us down Sanaei Ghaznavi street again.
51,"In Tehran, money is short and a return to war looms over daily life",https://www.bbc.com/news/articles/cdrm8k7lzmko,75,"At 22:30 on this warm spring evening, small knots of young people are still hanging out by the fast food restaurant and a cafe across the street."
51,"In Tehran, money is short and a return to war looms over daily life",https://www.bbc.com/news/articles/cdrm8k7lzmko,76,"We spot Mustafa the shoe salesman on the sidewalk outside his brightly lit shop, chatting with a few friends."
51,"In Tehran, money is short and a return to war looms over daily life",https://www.bbc.com/news/articles/cdrm8k7lzmko,77,"""Not many,"" he says with a shrug."
51,"In Tehran, money is short and a return to war looms over daily life",https://www.bbc.com/news/articles/cdrm8k7lzmko,78,"""We just want this war to end."""
51,"In Tehran, money is short and a return to war looms over daily life",https://www.bbc.com/news/articles/cdrm8k7lzmko,79,The BBC's chief international correspondent Lyse Doucet is reporting from Tehran on condition that none of her material is used on the BBC's Persian Service.
51,"In Tehran, money is short and a return to war looms over daily life",https://www.bbc.com/news/articles/cdrm8k7lzmko,80,These restrictions apply to all international media organisations operating in Iran.
52,Iran says Strait of Hormuz cannot be opened due to ceasefire breaches,https://www.bbc.com/news/articles/c3w3vqv0edpo,1,"Iran's chief negotiator in talks with the US said it is ""not possible"" for the Strait of Hormuz to be opened due to ""the blatant violations of the ceasefire"" by the US and Israel."
52,Iran says Strait of Hormuz cannot be opened due to ceasefire breaches,https://www.bbc.com/news/articles/c3w3vqv0edpo,2,"In a post on X on Wednesday, Mohammad Bagher Ghalibaf, said the ""violations"" include the US naval blockade of Iranian ports - which he said amounted to taking the global economy ""hostage"" - and ""warmongering"" by Israel ""on all fronts""."
52,Iran says Strait of Hormuz cannot be opened due to ceasefire breaches,https://www.bbc.com/news/articles/c3w3vqv0edpo,3,"Iran remains open to negotiations, said Iran President Masoud Pezeshkian, but he  added, ""breach of commitments, blockade and threats are main obstacles to genuine negotiations""."
52,Iran says Strait of Hormuz cannot be opened due to ceasefire breaches,https://www.bbc.com/news/articles/c3w3vqv0edpo,4,It appeared early Tuesday that the US and Iran would hold new peace talks in Pakistan this week - but they have yet to begin.
52,Iran says Strait of Hormuz cannot be opened due to ceasefire breaches,https://www.bbc.com/news/articles/c3w3vqv0edpo,5,Vice-President JD Vance - due to lead the US delegation in those talks - remains in the US.
52,Iran says Strait of Hormuz cannot be opened due to ceasefire breaches,https://www.bbc.com/news/articles/c3w3vqv0edpo,6,"On Tuesday night, US President Donald Trump announced an extension to the US-Iran ceasefire that was due to expire on Wednesday."
52,Iran says Strait of Hormuz cannot be opened due to ceasefire breaches,https://www.bbc.com/news/articles/c3w3vqv0edpo,7,"White House Press Secretary Karoline Leavitt later clarified that Trump's extension is open-ended, and has no new deadline."
52,Iran says Strait of Hormuz cannot be opened due to ceasefire breaches,https://www.bbc.com/news/articles/c3w3vqv0edpo,8,"She added that Trump is ""satisfied"" with the ongoing US naval blockade against Iran, and ""understands Iran is in a very weak position""."
52,Iran says Strait of Hormuz cannot be opened due to ceasefire breaches,https://www.bbc.com/news/articles/c3w3vqv0edpo,9,"""The cards are in President Trump's hands right now,"" she said."
52,Iran says Strait of Hormuz cannot be opened due to ceasefire breaches,https://www.bbc.com/news/articles/c3w3vqv0edpo,10,"Asked by reporters when the war would end, Leavitt said that it's up to Trump to decide, ""and he will do so when he feels it's in the best interests of the United States and the American people""."
52,Iran says Strait of Hormuz cannot be opened due to ceasefire breaches,https://www.bbc.com/news/articles/c3w3vqv0edpo,11,"The Iranian negotiator's latest comment comes as clashes continue in the dangerous waterway and vital global shipping route, with Iran announcing that it had ""seized"" two ships in the strait."
52,Iran says Strait of Hormuz cannot be opened due to ceasefire breaches,https://www.bbc.com/news/articles/c3w3vqv0edpo,12,"On Wednesday morning, Iran said two cargo ships were taken in the Strait of Hormuz for ""inspection""."
52,Iran says Strait of Hormuz cannot be opened due to ceasefire breaches,https://www.bbc.com/news/articles/c3w3vqv0edpo,13,The announcement follows reports of attacks on three cargo ships in the strait.
52,Iran says Strait of Hormuz cannot be opened due to ceasefire breaches,https://www.bbc.com/news/articles/c3w3vqv0edpo,14,"Euphoria, one of the three container ships attacked earlier in the Strait of Hormuz, appears to have dropped anchor near a port in the United Arab Emirates, according to MarineTraffic tracking data analysed by BBC Verify."
52,Iran says Strait of Hormuz cannot be opened due to ceasefire breaches,https://www.bbc.com/news/articles/c3w3vqv0edpo,15,"UAE-owned Euphoria was attacked eight nautical miles west of Iran, according to the maritime security firm Vanguard."
52,Iran says Strait of Hormuz cannot be opened due to ceasefire breaches,https://www.bbc.com/news/articles/c3w3vqv0edpo,16,No damage to the ship or injuries to crew was  reported.
52,Iran says Strait of Hormuz cannot be opened due to ceasefire breaches,https://www.bbc.com/news/articles/c3w3vqv0edpo,17,"Iran has not commented on Euphoria, but has said it seized the other two vessels - MSC Francesca and Epaminondas - both of which reported damage resulting from the attacks."
52,Iran says Strait of Hormuz cannot be opened due to ceasefire breaches,https://www.bbc.com/news/articles/c3w3vqv0edpo,18,"A statement from the Iranian Revolutionary Guard Corp (IRGC) Navy said that the ships were ""operating without authorisation"" and committed ""repeated violations"", accusing them of trying to leave the Strait of Hormuz ""in secret"" and tampering with navigation systems."
52,Iran says Strait of Hormuz cannot be opened due to ceasefire breaches,https://www.bbc.com/news/articles/c3w3vqv0edpo,19,"It also warned that it is ""monitoring"" movements through the strait and has vowed ""firm"" action against the ""violators""."
52,Iran says Strait of Hormuz cannot be opened due to ceasefire breaches,https://www.bbc.com/news/articles/c3w3vqv0edpo,20,"Iranian news outlet Tasnim, which is affiliated with IRGC later posted dramatic footage of Iranian commandos raiding the two ships."
52,Iran says Strait of Hormuz cannot be opened due to ceasefire breaches,https://www.bbc.com/news/articles/c3w3vqv0edpo,21,Their most recent broadcast positions indicates neither has moved far since the attacks occurred.
52,Iran says Strait of Hormuz cannot be opened due to ceasefire breaches,https://www.bbc.com/news/articles/c3w3vqv0edpo,22,"However, MarineTraffic data indicates Euphoria returned to sailing southwards after the reported time it was attacked, ending up about 13 nautical miles from the port of Khor Fakkan at around 14:00 BST."
52,Iran says Strait of Hormuz cannot be opened due to ceasefire breaches,https://www.bbc.com/news/articles/c3w3vqv0edpo,23,"Greek Foreign Minister Giorgos Gerapetritis later confirmed that the Epaminondas, a Greek-owned ship, had been attacked."
52,Iran says Strait of Hormuz cannot be opened due to ceasefire breaches,https://www.bbc.com/news/articles/c3w3vqv0edpo,24,"""I can confirm that there was an attack against the Greek cargo ship, but I cannot confirm that this has been seized by the Iranians,"" Gerapetritis told CNN."
52,Iran says Strait of Hormuz cannot be opened due to ceasefire breaches,https://www.bbc.com/news/articles/c3w3vqv0edpo,25,"Also on Wednesday, the US Defense Department announced that the US Secretary of the Navy would depart his post ""effective immediately"" ."
52,Iran says Strait of Hormuz cannot be opened due to ceasefire breaches,https://www.bbc.com/news/articles/c3w3vqv0edpo,26,No reason was given for John Phelan's ouster.
52,Iran says Strait of Hormuz cannot be opened due to ceasefire breaches,https://www.bbc.com/news/articles/c3w3vqv0edpo,27,It comes just weeks after US Defense Secretary Pete Hegseth asked Army Chief of Staff Randy George to step down from his post.
52,Iran says Strait of Hormuz cannot be opened due to ceasefire breaches,https://www.bbc.com/news/articles/c3w3vqv0edpo,28,Navy Undersecretary Hung Cao will serve as acting secretary.
52,Iran says Strait of Hormuz cannot be opened due to ceasefire breaches,https://www.bbc.com/news/articles/c3w3vqv0edpo,29,The White House lack of a timeline - either for a return to negotiations in Pakistan or to kinetic strikes against Iran - is likely strategic.
52,Iran says Strait of Hormuz cannot be opened due to ceasefire breaches,https://www.bbc.com/news/articles/c3w3vqv0edpo,30,It gives the Trump administration significant flexibility to let the blockade and the economic stranglehold on Iran bite.
52,Iran says Strait of Hormuz cannot be opened due to ceasefire breaches,https://www.bbc.com/news/articles/c3w3vqv0edpo,31,"Leavitt said this will allow ""pragmatists"" in Iran to come up with a peace proposal without pushback from hardliners."
52,Iran says Strait of Hormuz cannot be opened due to ceasefire breaches,https://www.bbc.com/news/articles/c3w3vqv0edpo,32,"At the same time, it allows Trump to avoid a return to full-scale military action that many Americans are weary of, and that could upset already nervous global markets."
52,Iran says Strait of Hormuz cannot be opened due to ceasefire breaches,https://www.bbc.com/news/articles/c3w3vqv0edpo,33,"""The strategic disadvantage at the moment is that Iran has decided that the measure of victory has become control of the Strait of Hormuz,"" said Andrew Peek, a former State Department deputy assistant secretary."
52,Iran says Strait of Hormuz cannot be opened due to ceasefire breaches,https://www.bbc.com/news/articles/c3w3vqv0edpo,34,"The ""bright side"", he told the BBC is that ""President Trump has managed the stock market effectively, though gas prices have ticked up about a dollar in some places."""
52,Iran says Strait of Hormuz cannot be opened due to ceasefire breaches,https://www.bbc.com/news/articles/c3w3vqv0edpo,35,"In her remarks to reporters at the White House, Leavitt also said that the US does not consider Iran's seizure of two ships in the Strait of Hormuz to be a violation of the ceasefire."
52,Iran says Strait of Hormuz cannot be opened due to ceasefire breaches,https://www.bbc.com/news/articles/c3w3vqv0edpo,36,"""These were not US ships, these were not Israeli ships,"" she said."
53,Iran says it has seized two ships in Strait of Hormuz after vessels attacked,https://www.bbc.com/news/articles/cdxd074kr8go,1,Iran's navy said it has seized two cargo ships in the Strait of Hormuz and taken them to the country's coast after reports that three vessels came under fire from Iranian forces.
53,Iran says it has seized two ships in Strait of Hormuz after vessels attacked,https://www.bbc.com/news/articles/cdxd074kr8go,2,"Nour News, affiliated with Iran's Supreme National Security Council, said the Islamic Revolutionary Guard Corps (IRGC) opened fire on the first ship, which it called the Epaminodes, after it had ""ignored the warnings of the Iranian armed forces""."
53,Iran says it has seized two ships in Strait of Hormuz after vessels attacked,https://www.bbc.com/news/articles/cdxd074kr8go,3,"A second ship, named Euphoria, was then stopped after being ""fired upon"", followed by the targeting of a third vessel, the MSC-Francesca, according to BBC Verify."
53,Iran says it has seized two ships in Strait of Hormuz after vessels attacked,https://www.bbc.com/news/articles/cdxd074kr8go,4,IRGC-affiliated outlet Fars News Agency said the Revolutionary Guard was behind the attacks.
53,Iran says it has seized two ships in Strait of Hormuz after vessels attacked,https://www.bbc.com/news/articles/cdxd074kr8go,5,The interceptions came hours after US President Donald Trump extended a two-week ceasefire with Iran until talks between the two nations come to a conclusion.
53,Iran says it has seized two ships in Strait of Hormuz after vessels attacked,https://www.bbc.com/news/articles/cdxd074kr8go,6,BBC Verify understands the first ship targeted by the IRGC on Wednesday morning was a Greek-owned vessel called the Epaminondas.
53,Iran says it has seized two ships in Strait of Hormuz after vessels attacked,https://www.bbc.com/news/articles/cdxd074kr8go,7,"IRGC Naval Command said both it and the Panama-flagged MSC-Francesca had been seized after endangering maritime security ""by operating without the necessary permits and tampering with navigation systems""."
53,Iran says it has seized two ships in Strait of Hormuz after vessels attacked,https://www.bbc.com/news/articles/cdxd074kr8go,8,"The two vessels will have their cargo and documents examined, it added in an announcement reported by Iranian state television."
53,Iran says it has seized two ships in Strait of Hormuz after vessels attacked,https://www.bbc.com/news/articles/cdxd074kr8go,9,"The reportedly captured vessels appear to have been part of a larger convoy belonging to the world's biggest shipping company, MSC, which had been in the Persian Gulf since before the conflict began."
53,Iran says it has seized two ships in Strait of Hormuz after vessels attacked,https://www.bbc.com/news/articles/cdxd074kr8go,10,"Four other vessels in the convoy have since crossed the strait, according to maritime data from Linerlytica."
53,Iran says it has seized two ships in Strait of Hormuz after vessels attacked,https://www.bbc.com/news/articles/cdxd074kr8go,11,"They appear to have turned off their transponders, which share a ship's location, during the passage."
53,Iran says it has seized two ships in Strait of Hormuz after vessels attacked,https://www.bbc.com/news/articles/cdxd074kr8go,12,Greece's Foreign Minister Giorgos Gerapetritis later said he could not confirm that the Epaminondas had been detained.
53,Iran says it has seized two ships in Strait of Hormuz after vessels attacked,https://www.bbc.com/news/articles/cdxd074kr8go,13,"He told CNN: ""I can confirm that there was an attack against the Greek cargo ship, but I cannot confirm that this has been seized by the Iranians."""
53,Iran says it has seized two ships in Strait of Hormuz after vessels attacked,https://www.bbc.com/news/articles/cdxd074kr8go,14,"The vessel was not transmitting a detectable signal while crossing the strait, according to data from Marine Traffic."
53,Iran says it has seized two ships in Strait of Hormuz after vessels attacked,https://www.bbc.com/news/articles/cdxd074kr8go,15,Reports from both UK Maritime Trade Operations (UKMTO) and maritime intelligence firm Vanguard indicate that the ship's master had been told the vessel had permission to transit the strait.
53,Iran says it has seized two ships in Strait of Hormuz after vessels attacked,https://www.bbc.com/news/articles/cdxd074kr8go,16,"However, it was approached by an IRGC gunboat which opened fire and caused significant damage to the bridge."
53,Iran says it has seized two ships in Strait of Hormuz after vessels attacked,https://www.bbc.com/news/articles/cdxd074kr8go,17,"Later, the MSC-Francesca was targeted about six nautical miles off the coast of Iran while it was heading south out of the strait and into the Gulf of Oman."
53,Iran says it has seized two ships in Strait of Hormuz after vessels attacked,https://www.bbc.com/news/articles/cdxd074kr8go,18,"Vanguard told BBC Verify the ship was hailed by the IRGC and ""instructed to drop anchor""."
53,Iran says it has seized two ships in Strait of Hormuz after vessels attacked,https://www.bbc.com/news/articles/cdxd074kr8go,19,"The vessel has reported ""damage to the hull and accommodation""."
53,Iran says it has seized two ships in Strait of Hormuz after vessels attacked,https://www.bbc.com/news/articles/cdxd074kr8go,20,The IRGC did not mention the Panama-flagged Euphoria in its statement and it is unclear who targeted it.
53,Iran says it has seized two ships in Strait of Hormuz after vessels attacked,https://www.bbc.com/news/articles/cdxd074kr8go,21,"Data showed the ship, owned by a UAE-based company, had Jeddah in Saudi Arabia is listed as its destination."
53,Iran says it has seized two ships in Strait of Hormuz after vessels attacked,https://www.bbc.com/news/articles/cdxd074kr8go,22,The ships were targeted on the day the initial truce between the US and Iran was due to expire.
53,Iran says it has seized two ships in Strait of Hormuz after vessels attacked,https://www.bbc.com/news/articles/cdxd074kr8go,23,"Trump said on Tuesday that he had had been asked to hold off on attacking Iran by Pakistan, which has been acting as a mediator, while a US blockade of Iran's ports would continue."
53,Iran says it has seized two ships in Strait of Hormuz after vessels attacked,https://www.bbc.com/news/articles/cdxd074kr8go,24,"He also said the Islamic republic was ""collapsing financially"" due to the blockade of Hormuz."
53,Iran says it has seized two ships in Strait of Hormuz after vessels attacked,https://www.bbc.com/news/articles/cdxd074kr8go,25,"Iran's chief negotiator Mohammad Bagher Ghalibaf said on Wednesday that it was ""not possible to reopen the Strait of Hormuz considering all the blatant violations of the ceasefire""."
53,Iran says it has seized two ships in Strait of Hormuz after vessels attacked,https://www.bbc.com/news/articles/cdxd074kr8go,26,"He said such breaches included the US blockade of Iranian ports, which he said amounted to taking the global economy ""hostage""."
53,Iran says it has seized two ships in Strait of Hormuz after vessels attacked,https://www.bbc.com/news/articles/cdxd074kr8go,27,"The country's President Masoud Pezeshkian later said the blockade and ""breach of commitments"" were obstacles to ""genuine negotiations"" with the US."
53,Iran says it has seized two ships in Strait of Hormuz after vessels attacked,https://www.bbc.com/news/articles/cdxd074kr8go,28,Iran and the US agreed the initial two-week truce on 8 April.
53,Iran says it has seized two ships in Strait of Hormuz after vessels attacked,https://www.bbc.com/news/articles/cdxd074kr8go,29,"Trump said the deal was struck on the condition that Iran reopens the Strait of Hormuz, a vital shipping route for oil and other exports from the Gulf."
53,Iran says it has seized two ships in Strait of Hormuz after vessels attacked,https://www.bbc.com/news/articles/cdxd074kr8go,30,"Iran agreed to allow vessels through the strait for two weeks, with their passage coordinated by the Iranian military."
53,Iran says it has seized two ships in Strait of Hormuz after vessels attacked,https://www.bbc.com/news/articles/cdxd074kr8go,31,"On 13 April, the US then started a naval blockade of maritime traffic entering and leaving Iranian ports - announced less than a day after lengthy talks between the US and Iran in Pakistan failed to reach a deal."
53,Iran says it has seized two ships in Strait of Hormuz after vessels attacked,https://www.bbc.com/news/articles/cdxd074kr8go,32,US Central Command said on Tuesday that 28 vessels had so far been directed to turn around or return to an Iranian port.
53,Iran says it has seized two ships in Strait of Hormuz after vessels attacked,https://www.bbc.com/news/articles/cdxd074kr8go,33,"The US also intercepted and seized an Iranian-flagged cargo ship for the first time in the conflict on Sunday as part of the blockade, which Tehran deemed an ""act of piracy""."
53,Iran says it has seized two ships in Strait of Hormuz after vessels attacked,https://www.bbc.com/news/articles/cdxd074kr8go,34,"With no concrete agreement for a peace deal yet in place, uncertainty has remained and brought little relief to global markets."
53,Iran says it has seized two ships in Strait of Hormuz after vessels attacked,https://www.bbc.com/news/articles/cdxd074kr8go,35,Iran's foreign ministry earlier told the BBC that Tehran had still not decided whether it will attend a new round of peace talks with the US.
53,Iran says it has seized two ships in Strait of Hormuz after vessels attacked,https://www.bbc.com/news/articles/cdxd074kr8go,36,"Additional reporting by Kayleen Devlin, Jonathan Josephs, and Paul Brown"
54,US and Iran in blockade standoff as Pakistan pushes for talks,https://www.bbc.com/news/articles/c0q9xq7knq2o,1,"Courtesy of last night's Truth Social post from US President Donald Trump, the ceasefire between Iran, the US and Israel which was due to expire on Wednesday does at least persist."
54,US and Iran in blockade standoff as Pakistan pushes for talks,https://www.bbc.com/news/articles/c0q9xq7knq2o,2,"Instead of fighting, we have a ""war of blockades"" over the Strait of Hormuz, with both sides using force to intercept and seize commercial vessels."
54,US and Iran in blockade standoff as Pakistan pushes for talks,https://www.bbc.com/news/articles/c0q9xq7knq2o,3,The mood out in one of the world's most important waterways is combustible.
54,US and Iran in blockade standoff as Pakistan pushes for talks,https://www.bbc.com/news/articles/c0q9xq7knq2o,4,It would be unwise to bet against events spiralling out of control.
54,US and Iran in blockade standoff as Pakistan pushes for talks,https://www.bbc.com/news/articles/c0q9xq7knq2o,5,"In the meantime, Islamabad still waits for Iranian and American representatives to arrive for peace talks."
54,US and Iran in blockade standoff as Pakistan pushes for talks,https://www.bbc.com/news/articles/c0q9xq7knq2o,6,"Parts of the city remain sealed off, the signs are still up and the hotel where talks were expected to take place is empty, ready for the hoped-for return of high-level delegations."
54,US and Iran in blockade standoff as Pakistan pushes for talks,https://www.bbc.com/news/articles/c0q9xq7knq2o,7,"But after several days of fevered anticipation, the atmosphere has changed."
54,US and Iran in blockade standoff as Pakistan pushes for talks,https://www.bbc.com/news/articles/c0q9xq7knq2o,8,"Gone is the talk of press pools in faraway Washington being told to head for the airport, or speculation about the contents of the giant C-17 Globemaster transport planes that landed at a nearby military airbase earlier in the week."
54,US and Iran in blockade standoff as Pakistan pushes for talks,https://www.bbc.com/news/articles/c0q9xq7knq2o,9,"In its place is the gloomy realisation that an opportunity for Pakistan to prove itself on the international stage, to broker a deal - any kind of deal - between mortal enemies may have slipped out of Islamabad's grasp."
54,US and Iran in blockade standoff as Pakistan pushes for talks,https://www.bbc.com/news/articles/c0q9xq7knq2o,10,For now.
54,US and Iran in blockade standoff as Pakistan pushes for talks,https://www.bbc.com/news/articles/c0q9xq7knq2o,11,Pakistan has not given up.
54,US and Iran in blockade standoff as Pakistan pushes for talks,https://www.bbc.com/news/articles/c0q9xq7knq2o,12,"Prime Minister Shehbaz Sharif, who has invested considerable diplomatic capital in getting the two parties together, posted on social media that Pakistan would ""continue its earnest efforts for negotiated settlement of the conflict""."
54,US and Iran in blockade standoff as Pakistan pushes for talks,https://www.bbc.com/news/articles/c0q9xq7knq2o,13,Donald Trump has told at least one journalist that a deal is still possible in the next few days.
54,US and Iran in blockade standoff as Pakistan pushes for talks,https://www.bbc.com/news/articles/c0q9xq7knq2o,14,"It's hard to know if this is reality speaking, or the voice of an impatient man, anxious to remove Iran from his most urgent to-do list before King Charles arrives in Washington for a state visit next Monday - and Trump's much anticipated visit to China not long afterwards."
54,US and Iran in blockade standoff as Pakistan pushes for talks,https://www.bbc.com/news/articles/c0q9xq7knq2o,15,"Iran dismissed the president's suggestion that he was giving Tehran time to come up with a ""unified position"", but it seems unlikely that the regime, already bruised and battered by the war, will break the ceasefire, thus inviting more punishment from the air."
54,US and Iran in blockade standoff as Pakistan pushes for talks,https://www.bbc.com/news/articles/c0q9xq7knq2o,16,"In the meantime, what are we to make of the Iranian delegation's reluctance to get on a plane for the short ride to Islamabad?"
54,US and Iran in blockade standoff as Pakistan pushes for talks,https://www.bbc.com/news/articles/c0q9xq7knq2o,17,"Iran accuses the US of a ""breach of commitments"" and cites what it called Washington's ""contradictory behaviour""."
54,US and Iran in blockade standoff as Pakistan pushes for talks,https://www.bbc.com/news/articles/c0q9xq7knq2o,18,"Donald Trump's wildly conflicting public pronouncements – threatening apocalyptic punishment one moment and offering an olive branch the next, claiming all the while that Iran has already made significant concessions – have muddied the waters."
54,US and Iran in blockade standoff as Pakistan pushes for talks,https://www.bbc.com/news/articles/c0q9xq7knq2o,19,"Iran still complains that it has entered negotiations twice in the past year, only to be attacked by Israel and the United States."
54,US and Iran in blockade standoff as Pakistan pushes for talks,https://www.bbc.com/news/articles/c0q9xq7knq2o,20,"But Donald Trump's Truth Social post announcing the ceasefire extension, lacking its usual bombast, spoke of an Iranian regime that is ""seriously fractured, not unexpectedly""."
54,US and Iran in blockade standoff as Pakistan pushes for talks,https://www.bbc.com/news/articles/c0q9xq7knq2o,21,"For a man who has trumpeted the fact that he has already achieved regime change in Iran, was this an admission that Washington is struggling to know who it's dealing with?"
54,US and Iran in blockade standoff as Pakistan pushes for talks,https://www.bbc.com/news/articles/c0q9xq7knq2o,22,"Has ""regime fracture"" made the business of diplomacy with Iran – never the easiest art to master – that much more difficult?"
54,US and Iran in blockade standoff as Pakistan pushes for talks,https://www.bbc.com/news/articles/c0q9xq7knq2o,23,"Deliberately or not, the president, through his choice of words, briefly joined a debate that has been raging among seasoned Iran watchers in recent days: who's in charge in Iran now that so much of the old leadership is gone?"
55,"Iran yet to decide if it will attend new peace talks with US, official tells BBC",https://www.bbc.com/news/articles/c1krx8kxv23o,1,"Iran has still not decided whether it will attend a new round of peace talks with the US later this week, its foreign ministry has told the BBC."
55,"Iran yet to decide if it will attend new peace talks with US, official tells BBC",https://www.bbc.com/news/articles/c1krx8kxv23o,2,"Spokesman Esmail Baghaei, who was part of Iran's delegation to the first round of Islamabad talks, said they had gone into the negotiations ""with good faith and sense of seriousness, but you have a negotiating party that has shown its lack of seriousness, lack of good faith""."
55,"Iran yet to decide if it will attend new peace talks with US, official tells BBC",https://www.bbc.com/news/articles/c1krx8kxv23o,3,"""They're changing their position frequently,"" he said."
55,"Iran yet to decide if it will attend new peace talks with US, official tells BBC",https://www.bbc.com/news/articles/c1krx8kxv23o,4,"He pointed to ""flip flops, threats of war crimes,"" a reference to President Trump's stream of social media posts and interviews over the past two days where he again threatened to ""knock out every single power plant, and every single bridge"" if Iran did not accept what he called the US's offer of a ""very fair and reasonable deal""."
55,"Iran yet to decide if it will attend new peace talks with US, official tells BBC",https://www.bbc.com/news/articles/c1krx8kxv23o,5,"The two-week ceasefire, which includes Israel, is set to expire on Wednesday."
55,"Iran yet to decide if it will attend new peace talks with US, official tells BBC",https://www.bbc.com/news/articles/c1krx8kxv23o,6,"The BBC understands that meetings, and urgent exchanges of messages via mediators, are under way to try to create conditions for the resumption of talks before the temporary truce ends."
55,"Iran yet to decide if it will attend new peace talks with US, official tells BBC",https://www.bbc.com/news/articles/c1krx8kxv23o,7,Pakistan had already made all the necessary preparations to host a possible second round of negotiations at the start of this week.
55,"Iran yet to decide if it will attend new peace talks with US, official tells BBC",https://www.bbc.com/news/articles/c1krx8kxv23o,8,"On Sunday, Trump had confirmed the US's participation and said his delegation would again be headed by Vice-President JD Vance."
55,"Iran yet to decide if it will attend new peace talks with US, official tells BBC",https://www.bbc.com/news/articles/c1krx8kxv23o,9,I asked Baghaei whether they had agreed to attend and then changed their decision.
55,"Iran yet to decide if it will attend new peace talks with US, official tells BBC",https://www.bbc.com/news/articles/c1krx8kxv23o,10,"""We never said we were going and then reneged our commitments - as is the habit of the United States,"" he said."
55,"Iran yet to decide if it will attend new peace talks with US, official tells BBC",https://www.bbc.com/news/articles/c1krx8kxv23o,11,"In his interview, Baghaei also underlined that the US naval blockade of its ports in the Strait of Hormuz – what he called ""an act of aggression"" - was still in force."
55,"Iran yet to decide if it will attend new peace talks with US, official tells BBC",https://www.bbc.com/news/articles/c1krx8kxv23o,12,"And, on Sunday, for the first time, the US Navy had fired on an Iranian vessel, boarded it, and taken it and the crew into custody."
55,"Iran yet to decide if it will attend new peace talks with US, official tells BBC",https://www.bbc.com/news/articles/c1krx8kxv23o,13,Iran condemned it as an act of piracy and a ceasefire violation.
55,"Iran yet to decide if it will attend new peace talks with US, official tells BBC",https://www.bbc.com/news/articles/c1krx8kxv23o,14,"""This is not the behaviour of a country that is really serious about a diplomatic process,"" he said."
55,"Iran yet to decide if it will attend new peace talks with US, official tells BBC",https://www.bbc.com/news/articles/c1krx8kxv23o,15,He refuted Trump's accusation that Iran was violating the truce by not opening this strategic waterway.
55,"Iran yet to decide if it will attend new peace talks with US, official tells BBC",https://www.bbc.com/news/articles/c1krx8kxv23o,16,"Under the terms of the ceasefire announced by Pakistan on 8 April, Iran had agreed to open this strait."
55,"Iran yet to decide if it will attend new peace talks with US, official tells BBC",https://www.bbc.com/news/articles/c1krx8kxv23o,17,Its closure is causing economic shocks worldwide.
55,"Iran yet to decide if it will attend new peace talks with US, official tells BBC",https://www.bbc.com/news/articles/c1krx8kxv23o,18,"Baghaei recalled what happened after Iran's foreign minister posted on social media on Friday that the maritime corridor would ""completely open"" on routes designated by Iran."
55,"Iran yet to decide if it will attend new peace talks with US, official tells BBC",https://www.bbc.com/news/articles/c1krx8kxv23o,19,"""President Trump immediately said 'thank you Iran', and then an hour later he said that he would keep his blockade."""
55,"Iran yet to decide if it will attend new peace talks with US, official tells BBC",https://www.bbc.com/news/articles/c1krx8kxv23o,20,But the spokesman would not be drawn on what conditions Iran required to return to the negotiating table.
55,"Iran yet to decide if it will attend new peace talks with US, official tells BBC",https://www.bbc.com/news/articles/c1krx8kxv23o,21,"""We have made it clear that if we come to the conclusion that going to Islamabad is in our national interest, we would go there."
55,"Iran yet to decide if it will attend new peace talks with US, official tells BBC",https://www.bbc.com/news/articles/c1krx8kxv23o,22,"""But for the time being, the decision has not yet been made."""
55,"Iran yet to decide if it will attend new peace talks with US, official tells BBC",https://www.bbc.com/news/articles/c1krx8kxv23o,23,"On Tuesday evening, Pakistan confirmed that Iran was yet to give a formal response as to whether it would attend the talks."
55,"Iran yet to decide if it will attend new peace talks with US, official tells BBC",https://www.bbc.com/news/articles/c1krx8kxv23o,24,"""Pakistan as the mediator is in constant touch with Iranians and pursuing the path of diplomacy and dialogue,"" said Information Minister Attaullah Tarar on X."
55,"Iran yet to decide if it will attend new peace talks with US, official tells BBC",https://www.bbc.com/news/articles/c1krx8kxv23o,25,"""Pakistan has made sincere efforts to convince the Iranian leadership to participate in the second round of talks and these efforts continue."""
55,"Iran yet to decide if it will attend new peace talks with US, official tells BBC",https://www.bbc.com/news/articles/c1krx8kxv23o,26,"He said it was ""critical"" that Iran decides to attend the talks before the end of the two-week truce."
55,"Iran yet to decide if it will attend new peace talks with US, official tells BBC",https://www.bbc.com/news/articles/c1krx8kxv23o,27,"President Trump also attempted to pile the pressure on the Iranians to attend, telling CNBC earlier that Iran had ""no choice but to send"" delegates."
55,"Iran yet to decide if it will attend new peace talks with US, official tells BBC",https://www.bbc.com/news/articles/c1krx8kxv23o,28,"Trump said: ""We're going to end up with a great deal,"" adding: ""We're in a very, very strong negotiating position,"" Asked if he would extend the ceasefire to allow time for progress in peace talks, the US president said ""I don't want to do that"" and that he was prepared to resume attacks."
55,"Iran yet to decide if it will attend new peace talks with US, official tells BBC",https://www.bbc.com/news/articles/c1krx8kxv23o,29,"""I expect to be bombing because I think that's a better attitude to go in with."""
55,"Iran yet to decide if it will attend new peace talks with US, official tells BBC",https://www.bbc.com/news/articles/c1krx8kxv23o,30,"And asked if he would carry out his previous threats to bomb Iran's bridges and power stations, Trump said: ""It's not my choice but it will also hurt them."""
55,"Iran yet to decide if it will attend new peace talks with US, official tells BBC",https://www.bbc.com/news/articles/c1krx8kxv23o,31,"Targeting civilian infrastructure could constitute a war crime, experts on international law have previously suggested."
55,"Iran yet to decide if it will attend new peace talks with US, official tells BBC",https://www.bbc.com/news/articles/c1krx8kxv23o,32,Iran's delay also underlines its deep distrust of this process.
55,"Iran yet to decide if it will attend new peace talks with US, official tells BBC",https://www.bbc.com/news/articles/c1krx8kxv23o,33,"The last two periods of talks, in June last year and February this year, were both shattered by the onset of US-Israeli military attacks."
55,"Iran yet to decide if it will attend new peace talks with US, official tells BBC",https://www.bbc.com/news/articles/c1krx8kxv23o,34,"A few days after the ceasefire came into force, Islamabad hosted a first round of direct talks at the highest level between Tehran and Washington since the 1979 Islamic revolution."
55,"Iran yet to decide if it will attend new peace talks with US, official tells BBC",https://www.bbc.com/news/articles/c1krx8kxv23o,35,"Stretching over 21 hours, they ended without agreement but both sides reported progress."
55,"Iran yet to decide if it will attend new peace talks with US, official tells BBC",https://www.bbc.com/news/articles/c1krx8kxv23o,36,Trump has repeatedly declared a deal could be done within days.
55,"Iran yet to decide if it will attend new peace talks with US, official tells BBC",https://www.bbc.com/news/articles/c1krx8kxv23o,37,"Iran's chief negotiator its parliamentary speaker Mohammad Bagher Ghalibaf, in a post on social media, said that ""many gaps remained, and some fundamental points""."
55,"Iran yet to decide if it will attend new peace talks with US, official tells BBC",https://www.bbc.com/news/articles/c1krx8kxv23o,38,The BBC's chief international correspondent Lyse Doucet is reporting from Tehran on condition that none of her material is used on the BBC's Persian Service.
55,"Iran yet to decide if it will attend new peace talks with US, official tells BBC",https://www.bbc.com/news/articles/c1krx8kxv23o,39,These restrictions apply to all international media organisations operating in Iran.
56,Iran sees mass redundancies from war with US and Israel,https://www.bbc.com/news/articles/ce84e31376zo,1,"Iran has been hit by a massive wave of redundancies, both directly and indirectly as a result of the conflict with the US and Israel."
56,Iran sees mass redundancies from war with US and Israel,https://www.bbc.com/news/articles/ce84e31376zo,2,"Its Deputy Work and Social Security Minister, Gholamhossein Mohammadi, said two days ago that two million people had lost their jobs because of the war."
56,Iran sees mass redundancies from war with US and Israel,https://www.bbc.com/news/articles/ce84e31376zo,3,The widespread lay-offs are one of the biggest topics of conversation among ordinary Iranians on social media.
56,Iran sees mass redundancies from war with US and Israel,https://www.bbc.com/news/articles/ce84e31376zo,4,"Employers and government officials euphemistically refer to it as ""balancing the workforce""."
56,Iran sees mass redundancies from war with US and Israel,https://www.bbc.com/news/articles/ce84e31376zo,5,The impact goes far beyond factories closed down after being hit by air strikes.
56,Iran sees mass redundancies from war with US and Israel,https://www.bbc.com/news/articles/ce84e31376zo,6,"It also includes other manufacturers, retailers, import and export business, and the digital sector."
56,Iran sees mass redundancies from war with US and Israel,https://www.bbc.com/news/articles/ce84e31376zo,7,"""You can see it from the emptiness of the metro,"" posted one user on X."
56,Iran sees mass redundancies from war with US and Israel,https://www.bbc.com/news/articles/ce84e31376zo,8,"""You can see it from the abundance of parking spaces near the office,"" said another."
56,Iran sees mass redundancies from war with US and Israel,https://www.bbc.com/news/articles/ce84e31376zo,9,"""You can get it from the emptiness of the Hemmat [highway in Tehran]."
56,Iran sees mass redundancies from war with US and Israel,https://www.bbc.com/news/articles/ce84e31376zo,10,"My one-and-a-half hour journey took only half an hour,"" came another comment."
56,Iran sees mass redundancies from war with US and Israel,https://www.bbc.com/news/articles/ce84e31376zo,11,"The war has also had a negative impact on consumer spending, with many people cutting back to essentials, which has reduced demand in sectors such as tourism, restaurants, and retailers other than groceries."
56,Iran sees mass redundancies from war with US and Israel,https://www.bbc.com/news/articles/ce84e31376zo,12,The Iranian authorities' decision to impose an internet blackout since the war broke out has also hit Iran's relatively thriving tech and digital sectors.
56,Iran sees mass redundancies from war with US and Israel,https://www.bbc.com/news/articles/ce84e31376zo,13,"Officials say the decision to shut down the internet was taken for security reasons, suggesting that it is to prevent surveillance, espionage and cyber-attacks."
56,Iran sees mass redundancies from war with US and Israel,https://www.bbc.com/news/articles/ce84e31376zo,14,"It took the same step during the brutal clampdown of protests earlier this year, which was mainly aimed at restricting protesters' ability to organise and access information."
56,Iran sees mass redundancies from war with US and Israel,https://www.bbc.com/news/articles/ce84e31376zo,15,"Back in January, Iran's Information and Communication Technology Minister, Sattar Hashemi, said that every day of internet blackout cost the economy at least 50 trillion rials ($35m; £28m; €32m)."
56,Iran sees mass redundancies from war with US and Israel,https://www.bbc.com/news/articles/ce84e31376zo,16,"By that count, the 52 days of internet shutdown since the start of the war have cost the Iranian economy more than $1.8bn."
56,Iran sees mass redundancies from war with US and Israel,https://www.bbc.com/news/articles/ce84e31376zo,17,The blackout has particularly hit female earners.
56,Iran sees mass redundancies from war with US and Israel,https://www.bbc.com/news/articles/ce84e31376zo,18,"Only one in nine working-age women in Iran were in work before the war, official data shows, and hundreds of thousands of women relied on platforms such as Instagram to connect with their customers to sell products."
56,Iran sees mass redundancies from war with US and Israel,https://www.bbc.com/news/articles/ce84e31376zo,19,"And even at a time when there is increased demand for news as a result of the conflict, many media outlets have also shed their workers."
56,Iran sees mass redundancies from war with US and Israel,https://www.bbc.com/news/articles/ce84e31376zo,20,This includes the Iran Labour News Agency (Ilna) that made all its journalists redundant last week and asked them to work as freelancers.
56,Iran sees mass redundancies from war with US and Israel,https://www.bbc.com/news/articles/ce84e31376zo,21,"In late March and early April, the US and Israel hit two of Iran's largest petrochemical plants, in Asaluyeh and Mahshahr, as well as two of the largest steel manufacturers, Mobarakeh Steel and Khuzestan Steel."
56,Iran sees mass redundancies from war with US and Israel,https://www.bbc.com/news/articles/ce84e31376zo,22,"While tens of thousands of people lost their jobs directly, hundreds of thousands more work in firms that either supply these key industries or those that rely on them for raw materials."
56,Iran sees mass redundancies from war with US and Israel,https://www.bbc.com/news/articles/ce84e31376zo,23,"One example is Iran's huge car manufacturing sector, which is estimated to directly or indirectly employ one million people, with multiple reports of layoffs across its supply chain."
56,Iran sees mass redundancies from war with US and Israel,https://www.bbc.com/news/articles/ce84e31376zo,24,"On top of losing domestic supplies, the disruption in the Strait of Hormuz has also forced some factories to shut and dismiss their workers."
56,Iran sees mass redundancies from war with US and Israel,https://www.bbc.com/news/articles/ce84e31376zo,25,"An executive in a manufacturing firm in the central province of Qom told the BBC that they had to stop production due to lack of materials: ""We were hoping that when the war stopped, things would go back to normal."
56,Iran sees mass redundancies from war with US and Israel,https://www.bbc.com/news/articles/ce84e31376zo,26,"But we cannot even get the material loaded on the ship, as our foreign suppliers are worried that the ship won't be permitted to enter the Iranian waters."""
56,Iran sees mass redundancies from war with US and Israel,https://www.bbc.com/news/articles/ce84e31376zo,27,"Another social media user has reported that the textile company where their sister-in-law worked has fired 600 out of their 650 personnel, as they cannot import raw material from Australia anymore."
56,Iran sees mass redundancies from war with US and Israel,https://www.bbc.com/news/articles/ce84e31376zo,28,"There are reports that some companies are making redundancies with the promise of rehiring people as soon as conditions improve, while others are forcing their employees into taking unpaid leave."
56,Iran sees mass redundancies from war with US and Israel,https://www.bbc.com/news/articles/ce84e31376zo,29,"The government has announced a loan scheme for small businesses of 440m rials (less than $300) per worker, which has to be paid back in six months with an interest rate of 18% to 35%, based on how many redundancies they make."
56,Iran sees mass redundancies from war with US and Israel,https://www.bbc.com/news/articles/ce84e31376zo,30,"This wave of unemployment across different sectors comes at a time when the official inflation rate passed 50% in March 2026, and many experts believe that it is likely to increase in the coming months."
56,Iran sees mass redundancies from war with US and Israel,https://www.bbc.com/news/articles/ce84e31376zo,31,"If the war resumes or Iran remains under strict international sanctions, life could get much harder still for tens of millions of Iranians."
56,Iran sees mass redundancies from war with US and Israel,https://www.bbc.com/news/articles/ce84e31376zo,32,"Air strikes alone will have devastating consequences, but economic downturn, heightened unemployment and runaway prices could deepen the crisis considerably."
57,Trump says US will not lift Hormuz blockade until deal made with Iran,https://www.bbc.com/news/articles/cdxd88r2wjzo,1,"The US will not lift its blockade on Iranian ports until a deal has been reached with Tehran, US President Donald Trump has said, amid continuing uncertainty over whether fresh talks to end the war will take place."
57,Trump says US will not lift Hormuz blockade until deal made with Iran,https://www.bbc.com/news/articles/cdxd88r2wjzo,2,"The blockade, which began a week ago, is ""absolutely destroying Iran"", Trump wrote on his social media platform Truth Social, adding his country was winning the conflict ""by a lot""."
57,Trump says US will not lift Hormuz blockade until deal made with Iran,https://www.bbc.com/news/articles/cdxd88r2wjzo,3,"His comments come with the temporary US-Iran ceasefire set to end on Wednesday, but with no certainty over whether a second round of peace talks will go ahead in Pakistan."
57,Trump says US will not lift Hormuz blockade until deal made with Iran,https://www.bbc.com/news/articles/cdxd88r2wjzo,4,There is tightened security in Pakistan's capital in anticipation of a meeting.
57,Trump says US will not lift Hormuz blockade until deal made with Iran,https://www.bbc.com/news/articles/cdxd88r2wjzo,5,"But US Vice President JD Vance - set to lead the US delegation - has not yet left Washington, while Iran says it has not decided whether to attend."
57,Trump says US will not lift Hormuz blockade until deal made with Iran,https://www.bbc.com/news/articles/cdxd88r2wjzo,6,"Since the blockade began, US forces have directed 27 vessels to turn around or return to an Iranian port, according to US Central Command (Centcom)."
57,Trump says US will not lift Hormuz blockade until deal made with Iran,https://www.bbc.com/news/articles/cdxd88r2wjzo,7,"The US also intercepted and seized an Iranian-flagged cargo ship for the first time in the conflict, after it tried to get through the blockade on Sunday."
57,Trump says US will not lift Hormuz blockade until deal made with Iran,https://www.bbc.com/news/articles/cdxd88r2wjzo,8,Videos shared by Centcom were said to show the ship being warned before troops abseiled onto the vessel.
57,Trump says US will not lift Hormuz blockade until deal made with Iran,https://www.bbc.com/news/articles/cdxd88r2wjzo,9,"Tehran deemed it an ""act of piracy"" and a violation of the fragile ceasefire between the two countries."
57,Trump says US will not lift Hormuz blockade until deal made with Iran,https://www.bbc.com/news/articles/cdxd88r2wjzo,10,"Iran has maintained its own blockade on the Strait of Hormuz, a key shipping route , for nearly two months - causing global energy prices to soar."
57,Trump says US will not lift Hormuz blockade until deal made with Iran,https://www.bbc.com/news/articles/cdxd88r2wjzo,11,"It was briefly re-opened on Saturday but quickly closed again , following reports of vessels in or near the strait, including a tanker, being targeted by Tehran."
57,Trump says US will not lift Hormuz blockade until deal made with Iran,https://www.bbc.com/news/articles/cdxd88r2wjzo,12,"Trump said Iran had ""decided to fire bullets"" and called it a ""total violation"" to the ceasefire agreement."
57,Trump says US will not lift Hormuz blockade until deal made with Iran,https://www.bbc.com/news/articles/cdxd88r2wjzo,13,Iran said it would keep the route shut until the US stopped the blockade of its ports.
57,Trump says US will not lift Hormuz blockade until deal made with Iran,https://www.bbc.com/news/articles/cdxd88r2wjzo,14,"There are indications a second round of peace talks between the US and Iran will go ahead, despite Tehran refusing to confirm whether it will send a delegation."
57,Trump says US will not lift Hormuz blockade until deal made with Iran,https://www.bbc.com/news/articles/cdxd88r2wjzo,15,"Following the first round of talks earlier this month US Vice-President J D Vance said the US ""could not get to a situation where the Iranians were willing to accept our terms"", and Iran's foreign ministry urged Washington to refrain from ""excessive demands and unlawful requests""."
57,Trump says US will not lift Hormuz blockade until deal made with Iran,https://www.bbc.com/news/articles/cdxd88r2wjzo,16,The potential second round comes at a crucial moment.
57,Trump says US will not lift Hormuz blockade until deal made with Iran,https://www.bbc.com/news/articles/cdxd88r2wjzo,17,"Sources told the BBC on Monday afternoon that the US delegation would be leaving ""soon"" but did not specify a time, while officials told the New York Times that they would depart on Tuesday."
57,Trump says US will not lift Hormuz blockade until deal made with Iran,https://www.bbc.com/news/articles/cdxd88r2wjzo,18,"Later on Monday, an Iranian foreign ministry spokesperson said that, ""so far"", Tehran had ""no plans"" to attend."
57,Trump says US will not lift Hormuz blockade until deal made with Iran,https://www.bbc.com/news/articles/cdxd88r2wjzo,19,"Vance is expected to be joined by special envoy Steve Witkoff and Trump's son-in-law and adviser, Jared Kushner, as in the previous round of talks."
57,Trump says US will not lift Hormuz blockade until deal made with Iran,https://www.bbc.com/news/articles/cdxd88r2wjzo,20,It is not clear who - if anyone - from Iran's side will be showing up.
57,Trump says US will not lift Hormuz blockade until deal made with Iran,https://www.bbc.com/news/articles/cdxd88r2wjzo,21,"However, in Islamabad, there are signs of preparation for the talks."
57,Trump says US will not lift Hormuz blockade until deal made with Iran,https://www.bbc.com/news/articles/cdxd88r2wjzo,22,"Guests at the city's Serena Hotel, where the previous round was held, have been told to leave in preparation for meetings, while police announced the closure of key roads due to the arrival of foreign delegations."
57,Trump says US will not lift Hormuz blockade until deal made with Iran,https://www.bbc.com/news/articles/cdxd88r2wjzo,23,A senior government official told Reuters news agency that Pakistan was confident it could get Iran to attend the talks.
57,Trump says US will not lift Hormuz blockade until deal made with Iran,https://www.bbc.com/news/articles/cdxd88r2wjzo,24,"Speaking to Radio 4's PM programme, the BBC's Chief International Correspondent Lyse Doucet, who is in Tehran, said that although the situation was unpredictable, there was a better chance the talks would happen."
57,Trump says US will not lift Hormuz blockade until deal made with Iran,https://www.bbc.com/news/articles/cdxd88r2wjzo,25,"""There is one rule in diplomacy [which] is, you don't want to be the one blamed for something breaking down."
57,Trump says US will not lift Hormuz blockade until deal made with Iran,https://www.bbc.com/news/articles/cdxd88r2wjzo,26,"""If JD Vance is going to be in Islamabad, it will be really hard for the Iranians to not show up."
57,Trump says US will not lift Hormuz blockade until deal made with Iran,https://www.bbc.com/news/articles/cdxd88r2wjzo,27,"""And I think the telephone lines are burning with the Pakistanis trying to ensure that both sides get there, because the venue is ready, the security is in place, they are just waiting for teams to arrive."""
58,What we know about the Iranian ship seized by the US,https://www.bbc.com/news/articles/c75kg0vdxyro,1,"The US has intercepted an Iranian ship entering the Gulf as part of its naval blockade, US President Donald Trump has said."
58,What we know about the Iranian ship seized by the US,https://www.bbc.com/news/articles/c75kg0vdxyro,2,Trump wrote on his Truth Social platform that the ship was seized by the US Navy after failing to respond to a warning to stop.
58,What we know about the Iranian ship seized by the US,https://www.bbc.com/news/articles/c75kg0vdxyro,3,"Iran said it was a violation of the ceasefire and it would retaliate soon for an ""act of armed piracy""."
58,What we know about the Iranian ship seized by the US,https://www.bbc.com/news/articles/c75kg0vdxyro,4,It's the first ship to be seized by the US since its blockade of Iranian ports began.
59,"US intercepts and seizes Iranian-flagged cargo ship, Trump says",https://www.bbc.com/news/articles/c239500dx8ro,1,"The US has intercepted an Iranian-flagged cargo ship in the Gulf as part of its naval blockade, Donald Trump has said."
59,"US intercepts and seizes Iranian-flagged cargo ship, Trump says",https://www.bbc.com/news/articles/c239500dx8ro,2,The US president wrote on his Truth Social platform that the Touska was seized by the US Navy after failing to respond to a warning to stop.
59,"US intercepts and seizes Iranian-flagged cargo ship, Trump says",https://www.bbc.com/news/articles/c239500dx8ro,3,"Iran said it was a violation of the ceasefire and it would retaliate soon for the ""act of armed piracy""."
59,"US intercepts and seizes Iranian-flagged cargo ship, Trump says",https://www.bbc.com/news/articles/c239500dx8ro,4,The announcement came after the White House confirmed US Vice-President JD Vance would lead another delegation for a second round of talks on ending the war with Iran in Pakistan.
59,"US intercepts and seizes Iranian-flagged cargo ship, Trump says",https://www.bbc.com/news/articles/c239500dx8ro,5,Tehran has not yet confirmed its attendance.
59,"US intercepts and seizes Iranian-flagged cargo ship, Trump says",https://www.bbc.com/news/articles/c239500dx8ro,6,Iranian state media has reported that officials will not participate while the US blockade remains in place.
59,"US intercepts and seizes Iranian-flagged cargo ship, Trump says",https://www.bbc.com/news/articles/c239500dx8ro,7,"""Today, an Iranian-flagged cargo ship named TOUSKA, nearly 900 feet long and weighing almost as much as an aircraft carrier, tried to get past our Naval Blockade, and it did not go well for them,"" Trump wrote."
59,"US intercepts and seizes Iranian-flagged cargo ship, Trump says",https://www.bbc.com/news/articles/c239500dx8ro,8,"He added that the US had given the vessel fair warning to stop, which was ignored, ""so our Navy ship stopped them right in their tracks by blowing a hole in the engineroom""."
59,"US intercepts and seizes Iranian-flagged cargo ship, Trump says",https://www.bbc.com/news/articles/c239500dx8ro,9,"""The TOUSKA is under US Treasury Sanctions because of their prior history of illegal activity."
59,"US intercepts and seizes Iranian-flagged cargo ship, Trump says",https://www.bbc.com/news/articles/c239500dx8ro,10,"We have full custody of the ship, and are seeing what's on board!"""
59,"US intercepts and seizes Iranian-flagged cargo ship, Trump says",https://www.bbc.com/news/articles/c239500dx8ro,11,US Central Command later released footage it said showed a naval vessel intercepting a cargo ship.
59,"US intercepts and seizes Iranian-flagged cargo ship, Trump says",https://www.bbc.com/news/articles/c239500dx8ro,12,"In the footage, a gun can be seen firing in the direction of the cargo ship."
59,"US intercepts and seizes Iranian-flagged cargo ship, Trump says",https://www.bbc.com/news/articles/c239500dx8ro,13,"According to a statement carried on state media outlets, a spokesperson for Iran's top military headquarters, Khatam al-Anbiya, said  the US in ""violation of the ceasefire opened fire on one of Iran's commercial vessels in the waters of the Sea of Oman, disabled its navigation system, and boarded it"" by ""deploying"" marines."
59,"US intercepts and seizes Iranian-flagged cargo ship, Trump says",https://www.bbc.com/news/articles/c239500dx8ro,14,"""Armed Forces of the Islamic Republic of Iran will soon respond to and retaliate for this act of armed piracy by the US Navy,"" reads the statement."
59,"US intercepts and seizes Iranian-flagged cargo ship, Trump says",https://www.bbc.com/news/articles/c239500dx8ro,15,Trump said on Friday that the naval blockade of Iranian ports would continue until a deal was agreed by the two countries.
59,"US intercepts and seizes Iranian-flagged cargo ship, Trump says",https://www.bbc.com/news/articles/c239500dx8ro,16,The conflict began with US and Israeli strikes across Iran on 28 February and continued with waves of attacks across the Middle East for five weeks until a two-week truce was declared.
59,"US intercepts and seizes Iranian-flagged cargo ship, Trump says",https://www.bbc.com/news/articles/c239500dx8ro,17,Trump announced the naval blockade after a first round of negotiations earlier this month ended without an agreement.
59,"US intercepts and seizes Iranian-flagged cargo ship, Trump says",https://www.bbc.com/news/articles/c239500dx8ro,18,"Key issues, including Iran's nuclear programme and control of the Strait of Hormuz - a key oil transport route - remain in contention."
59,"US intercepts and seizes Iranian-flagged cargo ship, Trump says",https://www.bbc.com/news/articles/c239500dx8ro,19,"Earlier on Sunday, Trump said his representatives would arrive in Pakistan, which has been mediating between the two, on Monday."
59,"US intercepts and seizes Iranian-flagged cargo ship, Trump says",https://www.bbc.com/news/articles/c239500dx8ro,20,The ceasefire is due to expire on Wednesday.
59,"US intercepts and seizes Iranian-flagged cargo ship, Trump says",https://www.bbc.com/news/articles/c239500dx8ro,21,"A White House official told the BBC that, as well as Vance, the delegation would include Trump advisers Steve Witkoff and Jared Kushner, who were both also present at the previous talks."
59,"US intercepts and seizes Iranian-flagged cargo ship, Trump says",https://www.bbc.com/news/articles/c239500dx8ro,22,"But Iran's state news agency IRNA said reports of a second round of talks with the US were ""not true""."
59,"US intercepts and seizes Iranian-flagged cargo ship, Trump says",https://www.bbc.com/news/articles/c239500dx8ro,23,"It added that the US blockade, along with ""excessive"" demands and threatening rhetoric from Washington, had ""so far hindered the progress of the negotiations""."
59,"US intercepts and seizes Iranian-flagged cargo ship, Trump says",https://www.bbc.com/news/articles/c239500dx8ro,24,"Nevertheless, preparations for further discussions have begun in the Pakistani capital, Islamabad."
59,"US intercepts and seizes Iranian-flagged cargo ship, Trump says",https://www.bbc.com/news/articles/c239500dx8ro,25,"Guests at the hotel where the talks took place between the US and Iranian delegations last weekend were told they needed to leave, the BBC's Pakistan correspondent reported."
59,"US intercepts and seizes Iranian-flagged cargo ship, Trump says",https://www.bbc.com/news/articles/c239500dx8ro,26,"Pakistan's Prime Minister Shehbaz Sharif spoke to Iran's President Masoud Pezeshkian on Sunday evening, according to a statement released by his office."
59,"US intercepts and seizes Iranian-flagged cargo ship, Trump says",https://www.bbc.com/news/articles/c239500dx8ro,27,It did not make any mention of further talks between Iran and the US.
59,"US intercepts and seizes Iranian-flagged cargo ship, Trump says",https://www.bbc.com/news/articles/c239500dx8ro,28,"The Strait of Hormuz remained closed on Sunday, a day after the Islamic Revolution Guard Corps (IRGC) said it was ending a temporary reopening over the US blockade, which it said violated the terms of their ceasefire agreement."
59,"US intercepts and seizes Iranian-flagged cargo ship, Trump says",https://www.bbc.com/news/articles/c239500dx8ro,29,Iran said it would stay closed until the US ended its naval blockade.
59,"US intercepts and seizes Iranian-flagged cargo ship, Trump says",https://www.bbc.com/news/articles/c239500dx8ro,30,About 20% of the world's oil and liquefied natural gas (LNG) is usually transported through the strait.
59,"US intercepts and seizes Iranian-flagged cargo ship, Trump says",https://www.bbc.com/news/articles/c239500dx8ro,31,"The number of ships making the journey has dramatically decreased during the recent conflict, which has caused global energy prices to soar."
59,"US intercepts and seizes Iranian-flagged cargo ship, Trump says",https://www.bbc.com/news/articles/c239500dx8ro,32,"Trump has said Iran cannot ""blackmail"" the US with threats regarding the waterway."
59,"US intercepts and seizes Iranian-flagged cargo ship, Trump says",https://www.bbc.com/news/articles/c239500dx8ro,33,He threatened to knock out every bridge and power plant in Iran if Tehran did not agree to a peace deal.
59,"US intercepts and seizes Iranian-flagged cargo ship, Trump says",https://www.bbc.com/news/articles/c239500dx8ro,34,"""If they don't take the DEAL, it will be my Honour to do what has to be done,"" Trump wrote in another Truth Social post on Sunday."
59,"US intercepts and seizes Iranian-flagged cargo ship, Trump says",https://www.bbc.com/news/articles/c239500dx8ro,35,The US president also accused Iran of violating the ceasefire by attacking ships in the Strait of Hormuz on Saturday.
59,"US intercepts and seizes Iranian-flagged cargo ship, Trump says",https://www.bbc.com/news/articles/c239500dx8ro,36,He said these included a French ship and a freighter from the UK.
59,"US intercepts and seizes Iranian-flagged cargo ship, Trump says",https://www.bbc.com/news/articles/c239500dx8ro,37,"French shipping company CMA CGM confirmed that one of its vessels was fired at, telling news agency AFP that it ""was the target of warning shots""."
59,"US intercepts and seizes Iranian-flagged cargo ship, Trump says",https://www.bbc.com/news/articles/c239500dx8ro,38,"There were no reports of attacks on UK-linked ships on Saturday, according to both the UK's defence and transport ministries."
59,"US intercepts and seizes Iranian-flagged cargo ship, Trump says",https://www.bbc.com/news/articles/c239500dx8ro,39,"There were two reports of ships - a tanker and cargo ship - being attacked in the strait on Saturday, according to the UK Maritime Trade Operations."
59,"US intercepts and seizes Iranian-flagged cargo ship, Trump says",https://www.bbc.com/news/articles/c239500dx8ro,40,The maritime security agency gave no further information on which nations the vessels were linked to.
59,"US intercepts and seizes Iranian-flagged cargo ship, Trump says",https://www.bbc.com/news/articles/c239500dx8ro,41,"Meanwhile, India said two Indian-flagged ships were involved in a shooting incident in the area."
59,"US intercepts and seizes Iranian-flagged cargo ship, Trump says",https://www.bbc.com/news/articles/c239500dx8ro,42,"Traffic in the Strait of Hormuz remained at a standstill on Sunday, according to data from tracking site MarineTraffic."
59,"US intercepts and seizes Iranian-flagged cargo ship, Trump says",https://www.bbc.com/news/articles/c239500dx8ro,43,"The IRGC-affiliated Tasnim news agency said two tankers ""sailing under the flags of Botswana and Angola"" wanted to travel through Hormuz but were ""forced to change course and retreat due to the timely action of the armed forces of Iran""."
60,"Tehran will never cede control of Strait of Hormuz, senior Iranian politician tells BBC",https://www.bbc.com/news/articles/cvg4jnn131qo,1,"""Never."""
60,"Tehran will never cede control of Strait of Hormuz, senior Iranian politician tells BBC",https://www.bbc.com/news/articles/cvg4jnn131qo,2,That's when a senior Iranian lawmaker says they'll be ready to give up their control of the Strait of Hormuz.
60,"Tehran will never cede control of Strait of Hormuz, senior Iranian politician tells BBC",https://www.bbc.com/news/articles/cvg4jnn131qo,3,"""It's our inalienable right,"" Ebrahim Azizi, a former commander in Iran's Islamic Revolutionary Guards Corps (IRGC), tells the BBC in Tehran."
60,"Tehran will never cede control of Strait of Hormuz, senior Iranian politician tells BBC",https://www.bbc.com/news/articles/cvg4jnn131qo,4,"""Iran will decide the right of passage, including permissions for vessels to pass through the Strait."""
60,"Tehran will never cede control of Strait of Hormuz, senior Iranian politician tells BBC",https://www.bbc.com/news/articles/cvg4jnn131qo,5,And he says that's about to become enshrined in law.
60,"Tehran will never cede control of Strait of Hormuz, senior Iranian politician tells BBC",https://www.bbc.com/news/articles/cvg4jnn131qo,6,"""We are introducing a bill in parliament, based on article 110 of the constitution, which includes the environment, maritime safety and national security - and the armed forces will implement the law,"" says this member of parliament who heads the Committee for National Security and Foreign Policy."
60,"Tehran will never cede control of Strait of Hormuz, senior Iranian politician tells BBC",https://www.bbc.com/news/articles/cvg4jnn131qo,7,"As worry mounts about the closure of this strategic waterway causing growing economic shocks worldwide, it's becoming clear this is not a short-term crisis to be resolved in a day."
60,"Tehran will never cede control of Strait of Hormuz, senior Iranian politician tells BBC",https://www.bbc.com/news/articles/cvg4jnn131qo,8,"War has handed Tehran what it sees as a new weapon - Azizi described this highly strategic strait Iran has managed to weaponise during this conflict as ""one of our assets to face the enemy""."
60,"Tehran will never cede control of Strait of Hormuz, senior Iranian politician tells BBC",https://www.bbc.com/news/articles/cvg4jnn131qo,9,He's a key player in a parliament dominated by hardliners.
60,"Tehran will never cede control of Strait of Hormuz, senior Iranian politician tells BBC",https://www.bbc.com/news/articles/cvg4jnn131qo,10,"Azizi also reflects the thinking among some of the senior decision-makers emerging in the new order born of this war, which has become increasingly militarised and also dominated by hardliners, most of all the Islamic Revolutionary Guard Corps (IRGC), after a series of high-level assassinations in Israeli strikes."
60,"Tehran will never cede control of Strait of Hormuz, senior Iranian politician tells BBC",https://www.bbc.com/news/articles/cvg4jnn131qo,11,"Tehran now sees its ability to control the passage of vital maritime traffic, including critical oil and gas tankers, not just as a bargaining chip in current negotiations, but as long-term leverage."
60,"Tehran will never cede control of Strait of Hormuz, senior Iranian politician tells BBC",https://www.bbc.com/news/articles/cvg4jnn131qo,12,"""The first priority for Iran after the war is to restore deterrence and the Strait of Hormuz is among Iran's principal strategic leverages,"" explains Mohammad Eslami, a research fellow at the University of Tehran."
60,"Tehran will never cede control of Strait of Hormuz, senior Iranian politician tells BBC",https://www.bbc.com/news/articles/cvg4jnn131qo,13,"""Tehran is open to discussing how other nations can benefit from Iran's new framework for the strait, but control is the bottom line."""
60,"Tehran will never cede control of Strait of Hormuz, senior Iranian politician tells BBC",https://www.bbc.com/news/articles/cvg4jnn131qo,14,"But that's a future rejected by some of Iran's neighbours already furious about its attacks on their countries during the five weeks of war, which is now on pause in a fragile temporary ceasefire."
60,"Tehran will never cede control of Strait of Hormuz, senior Iranian politician tells BBC",https://www.bbc.com/news/articles/cvg4jnn131qo,15,"""An act of hostile piracy"" is how Dr Anwar Gargash, diplomatic adviser to the president of the United Arab Emirates, described it to me in a recent interview."
60,"Tehran will never cede control of Strait of Hormuz, senior Iranian politician tells BBC",https://www.bbc.com/news/articles/cvg4jnn131qo,16,"He warned that if Iran refused to relinquish its control of these international waters it would set a ""dangerous precedent"" for other strategic waterways in the world."
60,"Tehran will never cede control of Strait of Hormuz, senior Iranian politician tells BBC",https://www.bbc.com/news/articles/cvg4jnn131qo,17,"""They are the pirates who sold our region to the Americans,"" was Azizi's retort in a reference to the US military bases across the Middle East which, along with other infrastructure, were repeatedly targeted by Iran's drones and missiles."
60,"Tehran will never cede control of Strait of Hormuz, senior Iranian politician tells BBC",https://www.bbc.com/news/articles/cvg4jnn131qo,18,"The US, he added, was ""the biggest pirate in the world""."
60,"Tehran will never cede control of Strait of Hormuz, senior Iranian politician tells BBC",https://www.bbc.com/news/articles/cvg4jnn131qo,19,"""We have always said we need to work together to secure our region,"" Azizi emphasised."
60,"Tehran will never cede control of Strait of Hormuz, senior Iranian politician tells BBC",https://www.bbc.com/news/articles/cvg4jnn131qo,20,"That's a vision that has been shattered for most Gulf states, except for Oman, one of Iran's closest allies in this region, which controls the southern coast of the strait."
60,"Tehran will never cede control of Strait of Hormuz, senior Iranian politician tells BBC",https://www.bbc.com/news/articles/cvg4jnn131qo,21,It had been involved in discussions with Tehran earlier this month to ensure the smooth and safe transit of vessels.
60,"Tehran will never cede control of Strait of Hormuz, senior Iranian politician tells BBC",https://www.bbc.com/news/articles/cvg4jnn131qo,22,There have also been signs of disagreements – it's unclear how strong – within Iran's military and political elite.
60,"Tehran will never cede control of Strait of Hormuz, senior Iranian politician tells BBC",https://www.bbc.com/news/articles/cvg4jnn131qo,23,"This was on display in recent rare and strongly worded criticism of Iran's Foreign Minister Abbas Araghchi when he posted a statement on social media on Friday saying the Strait of Hormuz was ""completely open""."
60,"Tehran will never cede control of Strait of Hormuz, senior Iranian politician tells BBC",https://www.bbc.com/news/articles/cvg4jnn131qo,24,"US President Donald Trump had immediately responded with a capitalised ""THANK YOU"" in a post on social media."
60,"Tehran will never cede control of Strait of Hormuz, senior Iranian politician tells BBC",https://www.bbc.com/news/articles/cvg4jnn131qo,25,"Within minutes, news outlets linked to the IRGC rebuked Araghchi."
60,"Tehran will never cede control of Strait of Hormuz, senior Iranian politician tells BBC",https://www.bbc.com/news/articles/cvg4jnn131qo,26,"The state-run Mehr news agency said the foreign minister's post had ""provided the best opportunity for Trump to go beyond reality, declare himself the winner of the war and celebrate victory""."
60,"Tehran will never cede control of Strait of Hormuz, senior Iranian politician tells BBC",https://www.bbc.com/news/articles/cvg4jnn131qo,27,"Another news agency, Tasnim, described it as a ""bad and incomplete tweet that created misleading ambiguity about the reopening of the Strait of Hormuz""."
60,"Tehran will never cede control of Strait of Hormuz, senior Iranian politician tells BBC",https://www.bbc.com/news/articles/cvg4jnn131qo,28,Araghchi stressed the waterway was only open to ships authorised by the IRGC navy and through designated routes that required the payment of tolls.
60,"Tehran will never cede control of Strait of Hormuz, senior Iranian politician tells BBC",https://www.bbc.com/news/articles/cvg4jnn131qo,29,Azizi dismissed any impressions of rifts within the regime.
60,"Tehran will never cede control of Strait of Hormuz, senior Iranian politician tells BBC",https://www.bbc.com/news/articles/cvg4jnn131qo,30,"""When it comes to national security, there are no moderate or hardline approaches."""
60,"Tehran will never cede control of Strait of Hormuz, senior Iranian politician tells BBC",https://www.bbc.com/news/articles/cvg4jnn131qo,31,The fate of this strait will be decided at the most senior echelons of the state.
60,"Tehran will never cede control of Strait of Hormuz, senior Iranian politician tells BBC",https://www.bbc.com/news/articles/cvg4jnn131qo,32,It's one of the core issues in the high-level talks reportedly set to resume in Islamabad on Tuesday after a first round of historic face-to-face negotiations took place in the Pakistani capital last weekend .
60,"Tehran will never cede control of Strait of Hormuz, senior Iranian politician tells BBC",https://www.bbc.com/news/articles/cvg4jnn131qo,33,Trump has said he was sending a delegation a White House official told the BBC will be headed again by US Vice-President JD Vance.
60,"Tehran will never cede control of Strait of Hormuz, senior Iranian politician tells BBC",https://www.bbc.com/news/articles/cvg4jnn131qo,34,"Iranian officials are so far silent on whether their own team, led by parliamentary speaker Mohammad Bagher Ghalibaf, will return to Pakistan."
60,"Tehran will never cede control of Strait of Hormuz, senior Iranian politician tells BBC",https://www.bbc.com/news/articles/cvg4jnn131qo,35,Local media are reporting that Iran won't attend as long as a US blockade of Iranian ports remains in force.
60,"Tehran will never cede control of Strait of Hormuz, senior Iranian politician tells BBC",https://www.bbc.com/news/articles/cvg4jnn131qo,36,"Trump has repeatedly ordered Iran to open this maritime corridor, including in an expletive-laden social media post on 5 April in which he warned Iran would be ""living in hell"" if it failed to comply with his command."
60,"Tehran will never cede control of Strait of Hormuz, senior Iranian politician tells BBC",https://www.bbc.com/news/articles/cvg4jnn131qo,37,"He's now accused Tehran of trying to ""blackmail"" the US."
60,"Tehran will never cede control of Strait of Hormuz, senior Iranian politician tells BBC",https://www.bbc.com/news/articles/cvg4jnn131qo,38,"""I don't expect much from a man who twists the truth,"" Azizi scoffs."
60,"Tehran will never cede control of Strait of Hormuz, senior Iranian politician tells BBC",https://www.bbc.com/news/articles/cvg4jnn131qo,39,"""We are just defending our rights in the face of American blackmail."""
60,"Tehran will never cede control of Strait of Hormuz, senior Iranian politician tells BBC",https://www.bbc.com/news/articles/cvg4jnn131qo,40,"Like many high-level Iranians, he often hits back at Trump with mocking social media posts on X."
60,"Tehran will never cede control of Strait of Hormuz, senior Iranian politician tells BBC",https://www.bbc.com/news/articles/cvg4jnn131qo,41,Their trolling underlies how they enjoy access to the international internet denied to the vast majority of Iranians in the near-total digital blackout in force for many weeks.
60,"Tehran will never cede control of Strait of Hormuz, senior Iranian politician tells BBC",https://www.bbc.com/news/articles/cvg4jnn131qo,42,"Azizi, whose parliamentary file also includes national security, wouldn't say when it would be lifted, only emphasising ""when it is safe and secure we will lift the ban so that the enemy will not take advantage""."
60,"Tehran will never cede control of Strait of Hormuz, senior Iranian politician tells BBC",https://www.bbc.com/news/articles/cvg4jnn131qo,43,"I also asked him about recent waves of arrests and what human rights groups, including Amnesty International, say are dozens of death sentences handed down to protesters detained during January's nationwide protests, which were crushed with lethal forces and killed many thousands."
60,"Tehran will never cede control of Strait of Hormuz, senior Iranian politician tells BBC",https://www.bbc.com/news/articles/cvg4jnn131qo,44,"Several executions, including of young people, have recently been carried out ."
60,"Tehran will never cede control of Strait of Hormuz, senior Iranian politician tells BBC",https://www.bbc.com/news/articles/cvg4jnn131qo,45,"Azizi repeated the government's claim that the US and Israeli spy agencies (the CIA and Mossad, respectively) had been involved in the unrest."
60,"Tehran will never cede control of Strait of Hormuz, senior Iranian politician tells BBC",https://www.bbc.com/news/articles/cvg4jnn131qo,46,He dismissed rising concern among some Iranians that internal security will tighten further.
60,"Tehran will never cede control of Strait of Hormuz, senior Iranian politician tells BBC",https://www.bbc.com/news/articles/cvg4jnn131qo,47,"""In war, even in a ceasefire, there are rules,"" he declared."
60,"Tehran will never cede control of Strait of Hormuz, senior Iranian politician tells BBC",https://www.bbc.com/news/articles/cvg4jnn131qo,48,The BBC's chief international correspondent Lyse Doucet is reporting from Tehran on condition that none of her material is used on the BBC's Persian Service.
60,"Tehran will never cede control of Strait of Hormuz, senior Iranian politician tells BBC",https://www.bbc.com/news/articles/cvg4jnn131qo,49,These restrictions apply to all international media organisations operating in Iran.
60,"Tehran will never cede control of Strait of Hormuz, senior Iranian politician tells BBC",https://www.bbc.com/news/articles/cvg4jnn131qo,50,Get our flagship newsletter with all the headlines you need to start the day.
60,"Tehran will never cede control of Strait of Hormuz, senior Iranian politician tells BBC",https://www.bbc.com/news/articles/cvg4jnn131qo,51,Sign up here.
61,"Strait of Hormuz closed again, Iran says, as ships attacked",https://www.bbc.com/news/articles/cx2631x6nelo,1,Iran says it is closing the Strait of Hormuz again to commercial vessels and that any ship that approaches it will be targeted.
61,"Strait of Hormuz closed again, Iran says, as ships attacked",https://www.bbc.com/news/articles/cx2631x6nelo,2,"The closure came as reports emerged of vessels in or near the strait, including a tanker, were targeted by Tehran on Saturday."
61,"Strait of Hormuz closed again, Iran says, as ships attacked",https://www.bbc.com/news/articles/cx2631x6nelo,3,"The Islamic Revolution Guard Corps (IRGC) blamed a continuing US blockade for its decision, which comes a day after Iran's foreign minister announced the key global shipping channel had been temporarily reopened."
61,"Strait of Hormuz closed again, Iran says, as ships attacked",https://www.bbc.com/news/articles/cx2631x6nelo,4,"US President Donald Trump said Iran cannot ""blackmail"" the US with threats regarding the waterway, which Tehran has effectively blocked for nearly two months - causing global energy prices to soar."
61,"Strait of Hormuz closed again, Iran says, as ships attacked",https://www.bbc.com/news/articles/cx2631x6nelo,5,"The Islamic Revolutionary Guard Corps (IRGC) Navy warned in a statement on Saturday that ""no vessel is to move from its anchorage in the Persian Gulf or the Sea of Oman""."
61,"Strait of Hormuz closed again, Iran says, as ships attacked",https://www.bbc.com/news/articles/cx2631x6nelo,6,"It said a number of vessels had passed through the strait under its management since Friday night, but that it would shut again until the US stopped its blockade of Iranian ports."
61,"Strait of Hormuz closed again, Iran says, as ships attacked",https://www.bbc.com/news/articles/cx2631x6nelo,7,"""Approaching the Strait of Hormuz will be considered co-operation with the enemy, and the offending vessel will be targeted,"" the IRGC added."
61,"Strait of Hormuz closed again, Iran says, as ships attacked",https://www.bbc.com/news/articles/cx2631x6nelo,8,Trump said on Friday that a naval blockade of Iranian ports would continue until a peace deal was agreed between the two countries.
61,"Strait of Hormuz closed again, Iran says, as ships attacked",https://www.bbc.com/news/articles/cx2631x6nelo,9,A two-week ceasefire currently in effect is due to expire on 22 April.
61,"Strait of Hormuz closed again, Iran says, as ships attacked",https://www.bbc.com/news/articles/cx2631x6nelo,10,The US said it had turned away 23 ships since it began enforcing the blockade on 13 April.
61,"Strait of Hormuz closed again, Iran says, as ships attacked",https://www.bbc.com/news/articles/cx2631x6nelo,11,Iran's Supreme National Security Council (SNSC) said this was a violation of the ceasefire agreement and that it would stop the reopening of the strait while it was still in place.
61,"Strait of Hormuz closed again, Iran says, as ships attacked",https://www.bbc.com/news/articles/cx2631x6nelo,12,"On negotiations to bring about an end to the war, the SNSC said new proposals had been put forward by the US, which Tehran was ""currently reviewing and has not yet responded to""."
61,"Strait of Hormuz closed again, Iran says, as ships attacked",https://www.bbc.com/news/articles/cx2631x6nelo,13,Peace talks held earlier this month ended without an agreement.
61,"Strait of Hormuz closed again, Iran says, as ships attacked",https://www.bbc.com/news/articles/cx2631x6nelo,14,"""We have very good conversations going on."
61,"Strait of Hormuz closed again, Iran says, as ships attacked",https://www.bbc.com/news/articles/cx2631x6nelo,15,"It's working out very well,"" Trump said about the state of negotiations with Tehran on Saturday."
61,"Strait of Hormuz closed again, Iran says, as ships attacked",https://www.bbc.com/news/articles/cx2631x6nelo,16,There have been several reports of vessels being attacked by Iran on Saturday.
61,"Strait of Hormuz closed again, Iran says, as ships attacked",https://www.bbc.com/news/articles/cx2631x6nelo,17,"Two Iranian gunboats opened fire on a tanker in the strait, the UK Maritime Trade Operations (UKMTO) said."
61,"Strait of Hormuz closed again, Iran says, as ships attacked",https://www.bbc.com/news/articles/cx2631x6nelo,18,"A container ship was also hit by ""an unknown projectile"" off the north-eastern coast of Oman, damaging some containers, according to the UKMTO."
61,"Strait of Hormuz closed again, Iran says, as ships attacked",https://www.bbc.com/news/articles/cx2631x6nelo,19,"Separately, at least two merchant vessels said they were hit by gunfire as they attempted to cross the strait, sources told news agency Reuters."
61,"Strait of Hormuz closed again, Iran says, as ships attacked",https://www.bbc.com/news/articles/cx2631x6nelo,20,"India's foreign ministry said it had summoned the Iranian ambassador to convey its ""deep concern at the shooting incident earlier today involving two Indian-flagged ships in the Strait of Hormuz""."
61,"Strait of Hormuz closed again, Iran says, as ships attacked",https://www.bbc.com/news/articles/cx2631x6nelo,21,Data from tracking site MarineTraffic showed some vessels were able to make it through the strait while it was briefly open.
61,"Strait of Hormuz closed again, Iran says, as ships attacked",https://www.bbc.com/news/articles/cx2631x6nelo,22,Others were forced to change their route after  the IRGC denied them access.
61,"Strait of Hormuz closed again, Iran says, as ships attacked",https://www.bbc.com/news/articles/cx2631x6nelo,23,"About 20% of the world's oil and liquefied natural gas (LNG) is usually transported through the strait, but the number of ships making the journey has dramatically decreased during the recent conflict, which began when the US and Israel attacked Iran on 28 February."
61,"Strait of Hormuz closed again, Iran says, as ships attacked",https://www.bbc.com/news/articles/cx2631x6nelo,24,The narrow chokepoint connects the Gulf to the Arabian Sea and is the only way to reach several oil-producing states by sea.
61,"Strait of Hormuz closed again, Iran says, as ships attacked",https://www.bbc.com/news/articles/cx2631x6nelo,25,The crisis has seen the price of a barrel of oil surge above $100 ($74) at points.
61,"Strait of Hormuz closed again, Iran says, as ships attacked",https://www.bbc.com/news/articles/cx2631x6nelo,26,"Iran has previously threatened to attack tankers and other ships, as well as warning it had laid mines."
62,What people in power think the impact of the Iran war will be,https://www.bbc.com/news/articles/c9vl37eev7ko,1,"The two centres of this crisis are the 24-mile Strait of Hormuz south of Iran and 7,000 miles away in the White House."
62,What people in power think the impact of the Iran war will be,https://www.bbc.com/news/articles/c9vl37eev7ko,2,This week was the unique opportunity for the rest of the world to make its economic case to US President Donald Trump's administration directly at the Spring meeting of the International Monetary Fund (IMF) and World Bank – taking place in Washington DC just down the road from the White House.
62,What people in power think the impact of the Iran war will be,https://www.bbc.com/news/articles/c9vl37eev7ko,3,"The sense I got speaking to the majority of G7 finance ministers, some central bankers, and some of the world's top financiers was unhappiness about the rest of the world picking up the inadvertent but predictable costs of the US's decision to go to war."
62,What people in power think the impact of the Iran war will be,https://www.bbc.com/news/articles/c9vl37eev7ko,4,"It was the Chancellor Rachel Reeves who was especially vocal on the ""folly"" and ""mistake"" of war ""which is not ours""."
62,What people in power think the impact of the Iran war will be,https://www.bbc.com/news/articles/c9vl37eev7ko,5,The meetings of finance ministers such as the G20 breakfast were sombre affairs.
62,What people in power think the impact of the Iran war will be,https://www.bbc.com/news/articles/c9vl37eev7ko,6,"According to participants, the United States was the only voice in the room projecting short-term confidence."
62,What people in power think the impact of the Iran war will be,https://www.bbc.com/news/articles/c9vl37eev7ko,7,"Asian financiers in particular displayed clear worry ""about real shortages of energy,"" according to those in the room."
62,What people in power think the impact of the Iran war will be,https://www.bbc.com/news/articles/c9vl37eev7ko,8,"Shortly after multiple concerns were expressed around the breakfast table, US Treasury Secretary Scott Bessent popped up on US financial TV to say there was nothing to worry about."
62,What people in power think the impact of the Iran war will be,https://www.bbc.com/news/articles/c9vl37eev7ko,9,"Markets and the economy would recover fast, he said."
62,What people in power think the impact of the Iran war will be,https://www.bbc.com/news/articles/c9vl37eev7ko,10,"However, the Canadian finance minister François-Philippe Champagne, who was present at all the key meetings and has been at the sharp end of dealing with Trump's tariff war, had a different take."
62,What people in power think the impact of the Iran war will be,https://www.bbc.com/news/articles/c9vl37eev7ko,11,"""Geography doesn't change."
62,What people in power think the impact of the Iran war will be,https://www.bbc.com/news/articles/c9vl37eev7ko,12,"People don't change that much either, so that is going to be a risk in terms of world energy that we'll have to manage for years to come, even when the conflict is over,"" he said."
62,What people in power think the impact of the Iran war will be,https://www.bbc.com/news/articles/c9vl37eev7ko,13,"Kristalina Georgieva, IMF managing director told me, the world faced a ""slower moving shock"" while the World Bank's president Ajay Banga told me about the impact on economically poorer countries."
62,What people in power think the impact of the Iran war will be,https://www.bbc.com/news/articles/c9vl37eev7ko,14,"Iraq is not shipping or producing oil, which is normally responsible for 85% of revenues."
62,What people in power think the impact of the Iran war will be,https://www.bbc.com/news/articles/c9vl37eev7ko,15,"Bangladesh, with significant household needs for gas for cooking, is cut off from Middle East suppliers."
62,What people in power think the impact of the Iran war will be,https://www.bbc.com/news/articles/c9vl37eev7ko,16,And Pacific Island nations with little energy storage are waiting for tankers and container ships at the end of very long shipping routes.
62,What people in power think the impact of the Iran war will be,https://www.bbc.com/news/articles/c9vl37eev7ko,17,These are just some real examples of extreme supply-chain fragility exposed by the stoppage in the Strait.
62,What people in power think the impact of the Iran war will be,https://www.bbc.com/news/articles/c9vl37eev7ko,18,"In response, the World Bank has readied support funds of up to $100bn (£74bn) – more than for the Covid lockdowns – to help economically poorer countries deal with rising energy and food costs."
62,What people in power think the impact of the Iran war will be,https://www.bbc.com/news/articles/c9vl37eev7ko,19,"Speaking before Iran said it would temporarily reopen the Strait, Georgieva warned: ""March was a tough month, but April is likely to be even tougher."""
62,What people in power think the impact of the Iran war will be,https://www.bbc.com/news/articles/c9vl37eev7ko,20,"""Why?"
62,What people in power think the impact of the Iran war will be,https://www.bbc.com/news/articles/c9vl37eev7ko,21,"Because the tankers that left by 28 February have reached their destinations, and there are no new deliveries coming… A tanker is a slow-moving vessel."
62,What people in power think the impact of the Iran war will be,https://www.bbc.com/news/articles/c9vl37eev7ko,22,"It would take 40 days to get all the way to Fiji."""
62,What people in power think the impact of the Iran war will be,https://www.bbc.com/news/articles/c9vl37eev7ko,23,"Despite the promising developments on Friday, the countdown clock for world food prices is very much ticking."
62,What people in power think the impact of the Iran war will be,https://www.bbc.com/news/articles/c9vl37eev7ko,24,"Urea, the key input for fertiliser, has doubled in price."
62,What people in power think the impact of the Iran war will be,https://www.bbc.com/news/articles/c9vl37eev7ko,25,"While countries in the north of the world are planting food now, the problem for global food availability could come in June to July."
62,What people in power think the impact of the Iran war will be,https://www.bbc.com/news/articles/c9vl37eev7ko,26,"Banga said: ""The real problem will be, if fertiliser is not available three months from today, and we reach the planting season of the non-northern countries, then we start getting into a difficult cycle on food availability."
62,What people in power think the impact of the Iran war will be,https://www.bbc.com/news/articles/c9vl37eev7ko,27,The Trump Administration's response to all of this was two fold: the war will be over soon and the gain is worth the pain.
62,What people in power think the impact of the Iran war will be,https://www.bbc.com/news/articles/c9vl37eev7ko,28,"At the Willard Hotel, just across from the US Treasury Building, the rest of the world gathered to exert some diplomatic pressure to avoid an economic disaster."
62,What people in power think the impact of the Iran war will be,https://www.bbc.com/news/articles/c9vl37eev7ko,29,"Bessent was holding court with a few members of the press, including myself."
62,What people in power think the impact of the Iran war will be,https://www.bbc.com/news/articles/c9vl37eev7ko,30,What did he make about the concerns in the IMF forecast about the Iran War causing a rare global recession?
62,What people in power think the impact of the Iran war will be,https://www.bbc.com/news/articles/c9vl37eev7ko,31,"""I wonder what the hit to global GDP would be if a nuclear weapon hit London,"" he told me."
62,What people in power think the impact of the Iran war will be,https://www.bbc.com/news/articles/c9vl37eev7ko,32,"""I am less concerned about short-term forecasts for long-term security… a small bit of economic pain for a few weeks is worth taking off the incalculable tail risk."""
62,What people in power think the impact of the Iran war will be,https://www.bbc.com/news/articles/c9vl37eev7ko,33,I asked him to clarify exactly what he meant and he pointed to the Iranian launch at Diego Garcia.
62,What people in power think the impact of the Iran war will be,https://www.bbc.com/news/articles/c9vl37eev7ko,34,"Bessent was also bullish about the US blockade on Iran whose ships ""shall not pass"" he said."
62,What people in power think the impact of the Iran war will be,https://www.bbc.com/news/articles/c9vl37eev7ko,35,At the same time he was bullish about negotiations with Iranians who could credibly speak for all arms of the Iranian leadership.
62,What people in power think the impact of the Iran war will be,https://www.bbc.com/news/articles/c9vl37eev7ko,36,The French finance minister Roland Lescure had just had a private meeting with Bessent when I met him.
62,What people in power think the impact of the Iran war will be,https://www.bbc.com/news/articles/c9vl37eev7ko,37,"""I'm not going to tell you everything I'm telling them, but the Strait is the knot of this crisis and it needs to be unknotted."
62,What people in power think the impact of the Iran war will be,https://www.bbc.com/news/articles/c9vl37eev7ko,38,"This is costing us all,"" he told me."
62,What people in power think the impact of the Iran war will be,https://www.bbc.com/news/articles/c9vl37eev7ko,39,"Pointedly, he said that the US was also feeling the pinch in terms of higher gasoline prices."
62,What people in power think the impact of the Iran war will be,https://www.bbc.com/news/articles/c9vl37eev7ko,40,"The Iranians, he said, were using the economic damage as leverage."
62,What people in power think the impact of the Iran war will be,https://www.bbc.com/news/articles/c9vl37eev7ko,41,"""This is their weapon of deterrence,"" he added."
62,What people in power think the impact of the Iran war will be,https://www.bbc.com/news/articles/c9vl37eev7ko,42,"By contrast, he believes that French domestic energy prices will not go up much."
62,What people in power think the impact of the Iran war will be,https://www.bbc.com/news/articles/c9vl37eev7ko,43,"""In the 70s when there were oil shocks, 90% of [French] energy was coming from hydrocarbons."
62,What people in power think the impact of the Iran war will be,https://www.bbc.com/news/articles/c9vl37eev7ko,44,It's now 60%.
62,What people in power think the impact of the Iran war will be,https://www.bbc.com/news/articles/c9vl37eev7ko,45,"We're using the crisis to double down and invest even more in nuclear and renewables."""
62,What people in power think the impact of the Iran war will be,https://www.bbc.com/news/articles/c9vl37eev7ko,46,For UK Chancellor Rachel Reeves there was also a change in energy policy.
62,What people in power think the impact of the Iran war will be,https://www.bbc.com/news/articles/c9vl37eev7ko,47,"She is now looking at trying to maximise production from existing North Sea fields through ""tie backs"" and enact a radical reform to break the link between electricity prices and rising gas prices."
62,What people in power think the impact of the Iran war will be,https://www.bbc.com/news/articles/c9vl37eev7ko,48,New proposals are expected in days.
62,What people in power think the impact of the Iran war will be,https://www.bbc.com/news/articles/c9vl37eev7ko,49,"Despite the issues the UK faces, the Governor of the Bank of England Andrew Bailey was pretty clear to me that the Bank shouldn't rush to raise interest rates to combat higher inflation from the war."
62,What people in power think the impact of the Iran war will be,https://www.bbc.com/news/articles/c9vl37eev7ko,50,"The way to deal with inflation was de-escalation, he said."
62,What people in power think the impact of the Iran war will be,https://www.bbc.com/news/articles/c9vl37eev7ko,51,The war was not the only talking point.
62,What people in power think the impact of the Iran war will be,https://www.bbc.com/news/articles/c9vl37eev7ko,52,There are other clouds on the horizon – from concerns about private credit to AI cybersecurity vulnerabilities created by Anthropic's Mythos model .
62,What people in power think the impact of the Iran war will be,https://www.bbc.com/news/articles/c9vl37eev7ko,53,"""The Strait of Hormuz, we know where it is, and we know how large it is."
62,What people in power think the impact of the Iran war will be,https://www.bbc.com/news/articles/c9vl37eev7ko,54,"The issue that we're facing with [Mythos] is the unknown, unknown,"" said Canada's finance minister Champagne."
62,What people in power think the impact of the Iran war will be,https://www.bbc.com/news/articles/c9vl37eev7ko,55,When I spoke to Barclays chief executive C.S.
62,What people in power think the impact of the Iran war will be,https://www.bbc.com/news/articles/c9vl37eev7ko,56,"Venkatakrishnan, the Gulf crisis was only number three in his list of concerns."
62,What people in power think the impact of the Iran war will be,https://www.bbc.com/news/articles/c9vl37eev7ko,57,"The first was ""whether there has been an overbuilding in technology and AI""."
62,What people in power think the impact of the Iran war will be,https://www.bbc.com/news/articles/c9vl37eev7ko,58,"""The second is what's going on in private credit and the liquidity issues."
62,What people in power think the impact of the Iran war will be,https://www.bbc.com/news/articles/c9vl37eev7ko,59,"And third, of course, is what's going on in the Middle East,"" he said."
62,What people in power think the impact of the Iran war will be,https://www.bbc.com/news/articles/c9vl37eev7ko,60,"While there is still much uncertainty from the Gulf, the clouds are less dark now, allowing some to focus on other concerns."
62,What people in power think the impact of the Iran war will be,https://www.bbc.com/news/articles/c9vl37eev7ko,61,Reeves could even be hopeful after growth figures showed the UK on course for 0.5% to 0.6% growth in the first quarter.
62,What people in power think the impact of the Iran war will be,https://www.bbc.com/news/articles/c9vl37eev7ko,62,"As news emerged yesterday of the reopening of the Strait, energy prices tumbled."
62,What people in power think the impact of the Iran war will be,https://www.bbc.com/news/articles/c9vl37eev7ko,63,"So too did borrowing costs, petrol prices, and mortgage rates."
62,What people in power think the impact of the Iran war will be,https://www.bbc.com/news/articles/c9vl37eev7ko,64,Everyone here in Washington DC is daring to believe the crisis has peaked.
62,What people in power think the impact of the Iran war will be,https://www.bbc.com/news/articles/c9vl37eev7ko,65,The consequences if it has not are dire.
63,Iran says Strait of Hormuz is 'open' but tracking shows few ships moving,https://www.bbc.com/news/articles/cwydexp39ddo,1,"Iran's foreign minister has said the Strait of Hormuz has reopened for commercial vessels, but added that ships should use designated safe lanes."
63,Iran says Strait of Hormuz is 'open' but tracking shows few ships moving,https://www.bbc.com/news/articles/cwydexp39ddo,2,Tehran has effectively blocked the key oil shipping channel since the US and Israel attacked the country on 28 February.
63,Iran says Strait of Hormuz is 'open' but tracking shows few ships moving,https://www.bbc.com/news/articles/cwydexp39ddo,3,A ceasefire between the US and Iran is due to expire on 22 April.
63,Iran says Strait of Hormuz is 'open' but tracking shows few ships moving,https://www.bbc.com/news/articles/cwydexp39ddo,4,"US President Donald Trump said a naval blockade of Iranian ports would continue until a peace deal was agreed between the two countries but that it was ""a great and brilliant day for the world""."
63,Iran says Strait of Hormuz is 'open' but tracking shows few ships moving,https://www.bbc.com/news/articles/cwydexp39ddo,5,"Maritime groups say they are still verifying whether it is safe for vessels to travel through the strait, and tracking shows minimal ship movement."
63,Iran says Strait of Hormuz is 'open' but tracking shows few ships moving,https://www.bbc.com/news/articles/cwydexp39ddo,6,"The announcement by Abbas Araghchi, Iran's foreign minister, came on Friday - the first full day of a 10-day ceasefire between Israel and Lebanon."
63,Iran says Strait of Hormuz is 'open' but tracking shows few ships moving,https://www.bbc.com/news/articles/cwydexp39ddo,7,"""In line with the ceasefire in Lebanon, the passage for all commercial vessels through Strait of Hormuz is declared completely open for the remaining period of ceasefire on the coordinated route as already announced by Ports and Maritime Organisation of the Islamic Rep of Iran,"" he wrote on X. Iranian state TV later quoted a ""senior military official"" as saying that the passage of these vessels would be through a ""designated route"" and that the passage of military vessels through the Strait would still be ""prohibited."""
63,Iran says Strait of Hormuz is 'open' but tracking shows few ships moving,https://www.bbc.com/news/articles/cwydexp39ddo,8,This is likely referring to a map and two routes designated by Iran's Islamic Revolutionary Guard Corps (IRGC) and widely reported by Iranian media last week.
63,Iran says Strait of Hormuz is 'open' but tracking shows few ships moving,https://www.bbc.com/news/articles/cwydexp39ddo,9,Some Iranian news outlets have criticised Araghchi's post.
63,Iran says Strait of Hormuz is 'open' but tracking shows few ships moving,https://www.bbc.com/news/articles/cwydexp39ddo,10,"Tasnim News Agency, affiliated with the IRGC, called it ""bad and incomplete"", saying such passage would be considered ""void"" should the US naval blockade continue."
63,Iran says Strait of Hormuz is 'open' but tracking shows few ships moving,https://www.bbc.com/news/articles/cwydexp39ddo,11,Others called for the Iranian authorities to clarify the matter.
63,Iran says Strait of Hormuz is 'open' but tracking shows few ships moving,https://www.bbc.com/news/articles/cwydexp39ddo,12,"Iranian Parliament Speaker Mohammad Bagher Ghalibaf, who headed Iran's delegation in the recent talks with the US in Islamabad, said on X that Donald Trump ""made seven claims in one hour, all seven of which were false""."
63,Iran says Strait of Hormuz is 'open' but tracking shows few ships moving,https://www.bbc.com/news/articles/cwydexp39ddo,13,"On the Strait of Hormuz, he said that, with the ""continuation of the [US] blockade"", the Strait ""will not remain open""."
63,Iran says Strait of Hormuz is 'open' but tracking shows few ships moving,https://www.bbc.com/news/articles/cwydexp39ddo,14,"Iran is an ally of Hezbollah, a Shia Muslim political and military group based in southern Lebanon."
63,Iran says Strait of Hormuz is 'open' but tracking shows few ships moving,https://www.bbc.com/news/articles/cwydexp39ddo,15,"Israel launched strikes on Lebanon on 2 March in response to those carried out by Hezbollah, which itself was retaliating against the US and Israel for its attacks on Iran."
63,Iran says Strait of Hormuz is 'open' but tracking shows few ships moving,https://www.bbc.com/news/articles/cwydexp39ddo,16,"Meanwhile, Trump said talks with Iran to end the war would continue over the course of the weekend, adding that he did not think there were too many significant differences between the two sides."
63,Iran says Strait of Hormuz is 'open' but tracking shows few ships moving,https://www.bbc.com/news/articles/cwydexp39ddo,17,"It comes after Iran's foreign ministry said the country's stockpile of enriched uranium would not be transferred ""anywhere under any circumstances"", denying Trump's claim on Friday that the regime had agreed to hand it over to the US."
63,Iran says Strait of Hormuz is 'open' but tracking shows few ships moving,https://www.bbc.com/news/articles/cwydexp39ddo,18,"Trump also told CBS News, the BBC's US partner, that no ground troops would be needed to remove the enriched uranium, saying that the US and Iran would ""work together to go get it""."
63,Iran says Strait of Hormuz is 'open' but tracking shows few ships moving,https://www.bbc.com/news/articles/cwydexp39ddo,19,"""And then we'll take it to the United States,"" he added."
63,Iran says Strait of Hormuz is 'open' but tracking shows few ships moving,https://www.bbc.com/news/articles/cwydexp39ddo,20,"About 20% of the world's oil and liquefied natural gas (LNG) usually passes through the strait, but the number of ships transporting this has dramatically decreased during the recent hostilities."
63,Iran says Strait of Hormuz is 'open' but tracking shows few ships moving,https://www.bbc.com/news/articles/cwydexp39ddo,21,"Iran has threatened to attack tankers and other ships, as well as warning that it has laid mines."
63,Iran says Strait of Hormuz is 'open' but tracking shows few ships moving,https://www.bbc.com/news/articles/cwydexp39ddo,22,"This has sent shock waves across the global economy, causing fuel prices to soar."
63,Iran says Strait of Hormuz is 'open' but tracking shows few ships moving,https://www.bbc.com/news/articles/cwydexp39ddo,23,"While the cost of oil plummeted on Friday following Araghchi's announcement, questions remain about the validity of it and whether a temporary reopening would allow ships to transit through."
63,Iran says Strait of Hormuz is 'open' but tracking shows few ships moving,https://www.bbc.com/news/articles/cwydexp39ddo,24,"""I need further clarification for the shipping industry that there will be no risks for the ships to navigate and it will be in accordance with international law,"" Arsenio Dominguez, the head of the International Maritime Organisation (IMO), told BBC World Business report."
63,Iran says Strait of Hormuz is 'open' but tracking shows few ships moving,https://www.bbc.com/news/articles/cwydexp39ddo,25,"The IMO has information that some ships have started to sail but that it still needed to verify this as ""some ships turn off their identification systems in order not to be targeted"", he said."
63,Iran says Strait of Hormuz is 'open' but tracking shows few ships moving,https://www.bbc.com/news/articles/cwydexp39ddo,26,"Cormac McGarry, director for maritime security at the consultancy firm Control Risks, said he was ""no more optimistic than he was yesterday"" about the strait reopening, despite Araghchi's announcement."
63,Iran says Strait of Hormuz is 'open' but tracking shows few ships moving,https://www.bbc.com/news/articles/cwydexp39ddo,27,"He told BBC's 5 Live Drive that the statement ""basically changes nothing"" as the implicit threat of mines remain."
63,Iran says Strait of Hormuz is 'open' but tracking shows few ships moving,https://www.bbc.com/news/articles/cwydexp39ddo,28,"""Right now, the scenarios are looking pretty bleak for shipping over the next few weeks,"" McGarry added."
63,Iran says Strait of Hormuz is 'open' but tracking shows few ships moving,https://www.bbc.com/news/articles/cwydexp39ddo,29,UK Prime Minister Sir Keir Starmer said on Friday that his country and France would lead a multinational mission to protect commercial shipping routes in the Strait of Hormuz.
63,Iran says Strait of Hormuz is 'open' but tracking shows few ships moving,https://www.bbc.com/news/articles/cwydexp39ddo,30,"Speaking after a meeting of 49 countries, Starmer underlined the work would be ""strictly peaceful and defensive"" and would only be put in place once fighting in the region ends."
64,UK and France to lead defensive mission in Strait of Hormuz,https://www.bbc.com/news/articles/c5yjz819vmgo,1,"The UK and France will lead a multinational mission to protect commercial shipping routes in the Strait of Hormuz, Sir Keir Starmer has said."
64,UK and France to lead defensive mission in Strait of Hormuz,https://www.bbc.com/news/articles/c5yjz819vmgo,2,"Speaking after a meeting of 51 countries, the prime minister underlined the work would be ""strictly peaceful and defensive"" and would only be put in place once fighting in the region ends."
64,UK and France to lead defensive mission in Strait of Hormuz,https://www.bbc.com/news/articles/c5yjz819vmgo,3,"Iran effectively blocked the waterway since the US and Israel attacked the country in late February, driving up global energy and fuel prices."
64,UK and France to lead defensive mission in Strait of Hormuz,https://www.bbc.com/news/articles/c5yjz819vmgo,4,"On Friday, Iran's foreign minister said the route was now ""completely open"" and US President Donald Trump made a similar announcement and criticised Nato for being ""useless when needed""."
64,UK and France to lead defensive mission in Strait of Hormuz,https://www.bbc.com/news/articles/c5yjz819vmgo,5,"Trump said he received a call from Nato offering help on Friday but, in a post on Truth Social, he wrote that he ""TOLD THEM TO STAY AWAY, UNLESS THEY JUST WANT TO LOAD UP THEIR SHIPS WITH OIL""."
64,UK and France to lead defensive mission in Strait of Hormuz,https://www.bbc.com/news/articles/c5yjz819vmgo,6,"The US president has repeatedly criticised Nato, and more specifically the UK , during the Iran war."
64,UK and France to lead defensive mission in Strait of Hormuz,https://www.bbc.com/news/articles/c5yjz819vmgo,7,"Sir Keir's position has been that the UK would not be ""dragged"" into the conflict and he previously said the UK would not support the blockade."
64,UK and France to lead defensive mission in Strait of Hormuz,https://www.bbc.com/news/articles/c5yjz819vmgo,8,"Meanwhile, the UK prime minister said dozens of countries had offered to ""contribute assets"" to the joint mission with France."
64,UK and France to lead defensive mission in Strait of Hormuz,https://www.bbc.com/news/articles/c5yjz819vmgo,9,"""This will be strictly peaceful and defensive, as a mission to reassure commercial shipping and support mine clearance,"" he said alongside French President Emmanuel Macron."
64,UK and France to lead defensive mission in Strait of Hormuz,https://www.bbc.com/news/articles/c5yjz819vmgo,10,"""We invite all nations with an interest in the free flow of global trade to join us."
64,UK and France to lead defensive mission in Strait of Hormuz,https://www.bbc.com/news/articles/c5yjz819vmgo,11,"Some have already indicated their readiness to contribute."""
64,UK and France to lead defensive mission in Strait of Hormuz,https://www.bbc.com/news/articles/c5yjz819vmgo,12,"Sir Keir confirmed more details of the mission will be announced next week, following a military planning conference in London."
64,UK and France to lead defensive mission in Strait of Hormuz,https://www.bbc.com/news/articles/c5yjz819vmgo,13,"Tehran promised the Strait of Hormuz will be completely open to commercial vessels until the middle of next week, when a temporary ceasefire between the US and Iran will end."
64,UK and France to lead defensive mission in Strait of Hormuz,https://www.bbc.com/news/articles/c5yjz819vmgo,14,Trump said his own naval blockade of vessels moving in and out of Iranian ports would remain in force.
64,UK and France to lead defensive mission in Strait of Hormuz,https://www.bbc.com/news/articles/c5yjz819vmgo,15,"While there was a flurry of shipping activity in the Gulf throughout Friday, maritime tracking services showed very few vessels transiting through the strait."
64,UK and France to lead defensive mission in Strait of Hormuz,https://www.bbc.com/news/articles/c5yjz819vmgo,16,"Macron said that the closure of the strait has had ""very severe consequences"" on ""the whole of the planet and the global economy""."
64,UK and France to lead defensive mission in Strait of Hormuz,https://www.bbc.com/news/articles/c5yjz819vmgo,17,"""Recent events are encouraging, even if we have to remain prudent,"" he said."
64,UK and France to lead defensive mission in Strait of Hormuz,https://www.bbc.com/news/articles/c5yjz819vmgo,18,"German Chancellor Friedrich Merz said that Germany ""stands ready to play its part in ensuring freedom of navigation""."
64,UK and France to lead defensive mission in Strait of Hormuz,https://www.bbc.com/news/articles/c5yjz819vmgo,19,"Speaking after the multilateral meeting, he also said that it would be ""desirable"" for the US to be involved."
65,A moment of risk and opportunity: How two ceasefires could boost US-Iran talks,https://www.bbc.com/news/articles/c0mjynzvw94o,1,"With not one, but two ceasefires in place across the Middle East, is the scene now set for a pair of historic breakthroughs?"
65,A moment of risk and opportunity: How two ceasefires could boost US-Iran talks,https://www.bbc.com/news/articles/c0mjynzvw94o,2,"The ceasefires - in Iran and Lebanon - are both described as ""shaky"" (ceasefires generally are), but as the din of war fades away once more, this is a moment pregnant with opportunity."
65,A moment of risk and opportunity: How two ceasefires could boost US-Iran talks,https://www.bbc.com/news/articles/c0mjynzvw94o,3,And risk.
65,A moment of risk and opportunity: How two ceasefires could boost US-Iran talks,https://www.bbc.com/news/articles/c0mjynzvw94o,4,"On the face of it, Thursday night's announcement of a 10-day pause in the fighting between Israel and the Iranian-backed militia Hezbollah, is a win for Iran."
65,A moment of risk and opportunity: How two ceasefires could boost US-Iran talks,https://www.bbc.com/news/articles/c0mjynzvw94o,5,"The regime in Tehran had demanded a ceasefire in Lebanon, saying talks with the US could not be expected to progress without it."
65,A moment of risk and opportunity: How two ceasefires could boost US-Iran talks,https://www.bbc.com/news/articles/c0mjynzvw94o,6,"With the pause now in place, Iran has responded, declaring the Strait of Hormuz ""completely open""."
65,A moment of risk and opportunity: How two ceasefires could boost US-Iran talks,https://www.bbc.com/news/articles/c0mjynzvw94o,7,"As last weekend's marathon negotiating session in Islamabad showed, progress was in fact possible, even as the fighting in Lebanon continued (with Israel merely avoiding further attacks on Beirut)."
65,A moment of risk and opportunity: How two ceasefires could boost US-Iran talks,https://www.bbc.com/news/articles/c0mjynzvw94o,8,But Iran and Pakistan both insisted that Lebanon must be included.
65,A moment of risk and opportunity: How two ceasefires could boost US-Iran talks,https://www.bbc.com/news/articles/c0mjynzvw94o,9,"That has now happened, much to the fury of Israelis living close to the northern border who believe that their Prime Minister Benjamin Netanyahu has caved in to American pressure, rather than making sure Hezbollah never fires another rocket at their country."
65,A moment of risk and opportunity: How two ceasefires could boost US-Iran talks,https://www.bbc.com/news/articles/c0mjynzvw94o,10,"For some in Israel, the ceasefire plays right into Iran's hand, allowing Israel's mortal enemy to dictate the course of events."
65,A moment of risk and opportunity: How two ceasefires could boost US-Iran talks,https://www.bbc.com/news/articles/c0mjynzvw94o,11,"""The ceasefire effectively puts Israel's stamp of approval on the very situation the country had been trying to avoid: legitimising the link between Iran and the Lebanese theatre of operations,"" Shirit Avitan Cohen of the popular right-wing daily Israel Hayom wrote this morning."
65,A moment of risk and opportunity: How two ceasefires could boost US-Iran talks,https://www.bbc.com/news/articles/c0mjynzvw94o,12,"""Yesterday, Hezbollah also received final confirmation that its master, and Lebanon's, still has its hands on the wheel and continues to dictate what happens in the region."""
65,A moment of risk and opportunity: How two ceasefires could boost US-Iran talks,https://www.bbc.com/news/articles/c0mjynzvw94o,13,"In fact, all the players involved in these overlapping conflicts get something out of the latest deal."
65,A moment of risk and opportunity: How two ceasefires could boost US-Iran talks,https://www.bbc.com/news/articles/c0mjynzvw94o,14,"For US President Donald Trump and the leadership in Iran, it's a chance to take credit for bringing about a ceasefire."
65,A moment of risk and opportunity: How two ceasefires could boost US-Iran talks,https://www.bbc.com/news/articles/c0mjynzvw94o,15,"Netanyahu can point to the fact that Israeli troops remain on the ground in southern Lebanon, while the Lebanese government, after months of trying, now has direct negotiations with Israel."
65,A moment of risk and opportunity: How two ceasefires could boost US-Iran talks,https://www.bbc.com/news/articles/c0mjynzvw94o,16,"Hezbollah, which says it will abide by the ceasefire (while insisting that it still has its ""finger on the trigger"") has not been defeated and insists it will not be disarmed."
65,A moment of risk and opportunity: How two ceasefires could boost US-Iran talks,https://www.bbc.com/news/articles/c0mjynzvw94o,17,"""Not until a proper ceasefire, a real one."
65,A moment of risk and opportunity: How two ceasefires could boost US-Iran talks,https://www.bbc.com/news/articles/c0mjynzvw94o,18,Not until Israeli withdrawal.
65,A moment of risk and opportunity: How two ceasefires could boost US-Iran talks,https://www.bbc.com/news/articles/c0mjynzvw94o,19,"Before the return of prisoners, before the return of displaced people and before the reconstruction."
65,A moment of risk and opportunity: How two ceasefires could boost US-Iran talks,https://www.bbc.com/news/articles/c0mjynzvw94o,20,"Until then, it is not possible to talk about Hezbollah's weapons,"" senior Hezbollah leader Wafiq Safa told the BBC on Thursday."
65,A moment of risk and opportunity: How two ceasefires could boost US-Iran talks,https://www.bbc.com/news/articles/c0mjynzvw94o,21,"Lina Khatib, of the London-based think tank Chatham House, says the ceasefire paves the way for Israel and Lebanon to continue their face-to-face talks but that the obstacles to a peace agreement between the two are enormous."
65,A moment of risk and opportunity: How two ceasefires could boost US-Iran talks,https://www.bbc.com/news/articles/c0mjynzvw94o,22,"""The issue is very complicated,"" she says."
65,A moment of risk and opportunity: How two ceasefires could boost US-Iran talks,https://www.bbc.com/news/articles/c0mjynzvw94o,23,"""It has to do with border demarcation, the disarmament of Hezbollah and the withdrawal of Israel from Lebanese territory."""
65,A moment of risk and opportunity: How two ceasefires could boost US-Iran talks,https://www.bbc.com/news/articles/c0mjynzvw94o,24,Israel and Lebanon have technically been in a state of war since 1948 and the two countries do not have diplomatic relations.
65,A moment of risk and opportunity: How two ceasefires could boost US-Iran talks,https://www.bbc.com/news/articles/c0mjynzvw94o,25,"But far from strengthening Iran's position across the region, Khatib argues that this week's direct talks in Washington between the Israeli and Lebanese ambassadors have started the process of removing Lebanon from Iran's hands."
65,A moment of risk and opportunity: How two ceasefires could boost US-Iran talks,https://www.bbc.com/news/articles/c0mjynzvw94o,26,"""The regional balance of power is shifting away from Iran,"" she says."
65,A moment of risk and opportunity: How two ceasefires could boost US-Iran talks,https://www.bbc.com/news/articles/c0mjynzvw94o,27,"""Now it's no longer going to be able to use Lebanon as a bargaining chip."""
65,A moment of risk and opportunity: How two ceasefires could boost US-Iran talks,https://www.bbc.com/news/articles/c0mjynzvw94o,28,"But much still depends on what happens in the other diplomatic process, between the US and Iran."
65,A moment of risk and opportunity: How two ceasefires could boost US-Iran talks,https://www.bbc.com/news/articles/c0mjynzvw94o,29,"Reducing what America and Israel see as Iran's malign behaviour across the Middle East will be on Washington's agenda, if and when a second widely anticipated round of talks in Islamabad goes ahead."
65,A moment of risk and opportunity: How two ceasefires could boost US-Iran talks,https://www.bbc.com/news/articles/c0mjynzvw94o,30,"For Israel in particular, it is vital that Iran's support for Hezbollah, Hamas and the Houthis in Yemen is curtailed, ending decades in which Iran's ""Axis of Resistance"" has been able to threaten and harass the Jewish state."
65,A moment of risk and opportunity: How two ceasefires could boost US-Iran talks,https://www.bbc.com/news/articles/c0mjynzvw94o,31,Iran will not give up what it regards as a vital tool of regional influence lightly.
65,A moment of risk and opportunity: How two ceasefires could boost US-Iran talks,https://www.bbc.com/news/articles/c0mjynzvw94o,32,But that's just one of the formidable challenges that lies ahead.
65,A moment of risk and opportunity: How two ceasefires could boost US-Iran talks,https://www.bbc.com/news/articles/c0mjynzvw94o,33,The others - the fate of Iran's nuclear programme and the future of the Strait of Hormuz - are going to take some negotiating.
65,A moment of risk and opportunity: How two ceasefires could boost US-Iran talks,https://www.bbc.com/news/articles/c0mjynzvw94o,34,"Trump, as always, is doing his best to sound like he's in control, saying a deal with Iran is ""very close"", that the war is going ""swimmingly"", telling reporters that Iran has already agreed to hand over around 440kg (970lb) of highly enriched uranium (the president is fond of calling it ""nuclear dust"") thought to be buried under the rubble of a facility in Isfahan bombed last year."
65,A moment of risk and opportunity: How two ceasefires could boost US-Iran talks,https://www.bbc.com/news/articles/c0mjynzvw94o,35,"Iran's foreign ministry spokesman Esmail Baghaei denied that claim, telling state TV: ""The transfer of uranium to the US has not been presented as an option."
65,A moment of risk and opportunity: How two ceasefires could boost US-Iran talks,https://www.bbc.com/news/articles/c0mjynzvw94o,36,"Iran's enriched uranium is as sacred to us as the soil of Iran and will under no circumstances be transferred anywhere."""
65,A moment of risk and opportunity: How two ceasefires could boost US-Iran talks,https://www.bbc.com/news/articles/c0mjynzvw94o,37,"Any deal on the nuclear file would also need a pledge from Iran never to build a nuclear weapon, as well as agreement on how long it would be willing to suspend enrichment."
65,A moment of risk and opportunity: How two ceasefires could boost US-Iran talks,https://www.bbc.com/news/articles/c0mjynzvw94o,38,"Then there's Iran's other weapon, always in the country's armoury but only recently deployed: its closure of the Strait of Hormuz."
65,A moment of risk and opportunity: How two ceasefires could boost US-Iran talks,https://www.bbc.com/news/articles/c0mjynzvw94o,39,"Iran says it wants a new set of protocols to govern maritime traffic through the narrow waterway, replacing its current chokehold with a legal framework that would recognise what it regards as its sovereign right, along with Oman, to control what moves in and out of the Gulf."
65,A moment of risk and opportunity: How two ceasefires could boost US-Iran talks,https://www.bbc.com/news/articles/c0mjynzvw94o,40,"In the meantime, Iranian Foreign Minister Abbas Aragchi, welcoming the ceasefire in Lebanon, says the Strait is ""completely open for the remaining period of the ceasefire"" – in other words, for the next week."
65,A moment of risk and opportunity: How two ceasefires could boost US-Iran talks,https://www.bbc.com/news/articles/c0mjynzvw94o,41,"There is a caveat: vessels will be expected to use what Aragchi called ""the co-ordinated route as already announced by the Ports and Maritime Organisation of the Islamic Republic of Iran""."
65,A moment of risk and opportunity: How two ceasefires could boost US-Iran talks,https://www.bbc.com/news/articles/c0mjynzvw94o,42,"This appears to refer to new routes, running much closer to the Iranian mainland, north of the two traffic separation lanes in use before the war."
65,A moment of risk and opportunity: How two ceasefires could boost US-Iran talks,https://www.bbc.com/news/articles/c0mjynzvw94o,43,How quickly this eases the bottleneck of vessels trapped inside the Gulf remains to be seen.
65,A moment of risk and opportunity: How two ceasefires could boost US-Iran talks,https://www.bbc.com/news/articles/c0mjynzvw94o,44,"Trump says, in his typically full-throated way, that the strait is ""FULLY OPEN AND READY FOR FULL PASSAGE,"" and the markets appear to have responded positively."
65,A moment of risk and opportunity: How two ceasefires could boost US-Iran talks,https://www.bbc.com/news/articles/c0mjynzvw94o,45,"But captains may well be looking over their shoulders, and Trump says the US blockade of Iranian ports remains in place for now."
65,A moment of risk and opportunity: How two ceasefires could boost US-Iran talks,https://www.bbc.com/news/articles/c0mjynzvw94o,46,"Despite these positive developments, it's safe to say that there's a lot of ground for negotiators to cover."
65,A moment of risk and opportunity: How two ceasefires could boost US-Iran talks,https://www.bbc.com/news/articles/c0mjynzvw94o,47,"The last major deal with Iran, 2015's Joint Comprehensive Plan of Action (JCPOA), took around 20 months to negotiate and only addressed the nuclear issue."
65,A moment of risk and opportunity: How two ceasefires could boost US-Iran talks,https://www.bbc.com/news/articles/c0mjynzvw94o,48,"Trump pulled America out of the deal in 2018, leading it to crumble."
65,A moment of risk and opportunity: How two ceasefires could boost US-Iran talks,https://www.bbc.com/news/articles/c0mjynzvw94o,49,"Trump loves to project the image of a rapid deal-maker, rarely looking back to see what, if anything, his deals actually achieved."
65,A moment of risk and opportunity: How two ceasefires could boost US-Iran talks,https://www.bbc.com/news/articles/c0mjynzvw94o,50,"For all the hoopla surrounding his two summits with North Korea's leader Kim Jong Un, in 2018-19, the meetings in fact achieved very little."
65,A moment of risk and opportunity: How two ceasefires could boost US-Iran talks,https://www.bbc.com/news/articles/c0mjynzvw94o,51,Pyongyang continues to develop its nuclear programme.
65,A moment of risk and opportunity: How two ceasefires could boost US-Iran talks,https://www.bbc.com/news/articles/c0mjynzvw94o,52,"But after the tumultuous events of the past six weeks, some kind of diplomatic process is now well under way and will have received a boost following the ceasefire in Lebanon."
65,A moment of risk and opportunity: How two ceasefires could boost US-Iran talks,https://www.bbc.com/news/articles/c0mjynzvw94o,53,Is it enough to prevent an eventual return to war?
65,A moment of risk and opportunity: How two ceasefires could boost US-Iran talks,https://www.bbc.com/news/articles/c0mjynzvw94o,54,Not even Trump knows that.
66,US lawmakers reject measure to block Trump from striking Iran,https://www.bbc.com/news/articles/c5yve8dmvn5o,1,"A Democratic-led measure to constrain US President Donald Trump's ability to wage war with Iran has once again failed in the House of Representatives, just a day after another resolution was blocked in the Senate."
66,US lawmakers reject measure to block Trump from striking Iran,https://www.bbc.com/news/articles/c5yve8dmvn5o,2,The House resolution failed in a tight vote of 213-214.
66,US lawmakers reject measure to block Trump from striking Iran,https://www.bbc.com/news/articles/c5yve8dmvn5o,3,"Democrats have vowed to maintain their efforts, saying they are an opportunity to get lawmakers' views on the record."
66,US lawmakers reject measure to block Trump from striking Iran,https://www.bbc.com/news/articles/c5yve8dmvn5o,4,Most Republicans in both chambers opposed the recent resolutions - though some have signalled they could reconsider their positions if the war continues.
66,US lawmakers reject measure to block Trump from striking Iran,https://www.bbc.com/news/articles/c5yve8dmvn5o,5,"Trump has offered shifting timelines on the conflict's duration, most recently saying the war was ""close to over""."
66,US lawmakers reject measure to block Trump from striking Iran,https://www.bbc.com/news/articles/c5yve8dmvn5o,6,"On Thursday, he said fresh talks could resume as early as this weekend - and that Washington and Tehran were ""very close"" to making a deal."
66,US lawmakers reject measure to block Trump from striking Iran,https://www.bbc.com/news/articles/c5yve8dmvn5o,7,"Apparently confident that a fresh round of face-to-face talks was imminent, Trump said he was not sure an extension to the current ceasefire with Iran would be necessary."
66,US lawmakers reject measure to block Trump from striking Iran,https://www.bbc.com/news/articles/c5yve8dmvn5o,8,Thursday's vote in the House considered a measure known as a concurrent resolution.
66,US lawmakers reject measure to block Trump from striking Iran,https://www.bbc.com/news/articles/c5yve8dmvn5o,9,"If it had passed the lower chamber, it would have also required approval from the upper chamber, the Senate."
66,US lawmakers reject measure to block Trump from striking Iran,https://www.bbc.com/news/articles/c5yve8dmvn5o,10,"It would not have been subject to presidential veto, but could have been challenged in the courts."
66,US lawmakers reject measure to block Trump from striking Iran,https://www.bbc.com/news/articles/c5yve8dmvn5o,11,"The US Supreme Court has previously found such measures to be ""effectively... unconstitutional"", according to a report last year by the Congressional Research Service."
66,US lawmakers reject measure to block Trump from striking Iran,https://www.bbc.com/news/articles/c5yve8dmvn5o,12,"In the House vote on Thursday, Representative Thomas Massie of Kentucky was the only Republican to side with Democrats in support of the measure, while Jared Golden of Maine was the lone Democrat to oppose it."
66,US lawmakers reject measure to block Trump from striking Iran,https://www.bbc.com/news/articles/c5yve8dmvn5o,13,"Warren Davidson of Ohio, who previously supported Democrats' effort in March, voted present, a form of abstention."
66,US lawmakers reject measure to block Trump from striking Iran,https://www.bbc.com/news/articles/c5yve8dmvn5o,14,"Democrat Gregory Meeks, of New York, who introduced the House resolution, told reporters after the vote that he would lobby Golden and others to support the legislation."
66,US lawmakers reject measure to block Trump from striking Iran,https://www.bbc.com/news/articles/c5yve8dmvn5o,15,"Meeks also indicated he would introduce another war powers resolution, continuing Democratic efforts to reassert congressional authority over military action."
66,US lawmakers reject measure to block Trump from striking Iran,https://www.bbc.com/news/articles/c5yve8dmvn5o,16,Earlier attempts to pass two different types of resolution - each with a common aim of constraining Trump's powers - have failed in both chambers.
66,US lawmakers reject measure to block Trump from striking Iran,https://www.bbc.com/news/articles/c5yve8dmvn5o,17,"For example, on Wednesday, the Senate rejected what is known as a joint resolution, which would have been subject to a presidential veto, and was therefore seen largely as a symbolic vote."
66,US lawmakers reject measure to block Trump from striking Iran,https://www.bbc.com/news/articles/c5yve8dmvn5o,18,Some Republicans have suggested their opposition to the resolution could shift if the conflict widens or persists.
66,US lawmakers reject measure to block Trump from striking Iran,https://www.bbc.com/news/articles/c5yve8dmvn5o,19,Federal law requires congressional approval to continue military actions for more than 60 days.
66,US lawmakers reject measure to block Trump from striking Iran,https://www.bbc.com/news/articles/c5yve8dmvn5o,20,The US-Israel strikes began on 28 February.
66,US lawmakers reject measure to block Trump from striking Iran,https://www.bbc.com/news/articles/c5yve8dmvn5o,21,"The law setting the timelines for congressional approval, the War Powers Resolution in 1973, was passed by Congress to constrain the ability of then-President Richard Nixon to continue waging war in Vietnam."
66,US lawmakers reject measure to block Trump from striking Iran,https://www.bbc.com/news/articles/c5yve8dmvn5o,22,Correction 17 April: A previous version of this story said the House resolution was not expected to overcome a presidential veto.
66,US lawmakers reject measure to block Trump from striking Iran,https://www.bbc.com/news/articles/c5yve8dmvn5o,23,"It has been updated to clarify that, as a concurrent resolution, this particular measure would not have been subject to a veto"
67,"Lebanon seeks peace, but Hezbollah needs to be convinced first",https://www.bbc.com/news/articles/cr51l794mlyo,1,"With Lebanon, again, engulfed by war, I remember a meeting I had with President Joseph Aoun at the Baabda Palace, a modernist building at the top of a hill overlooking Beirut last August."
67,"Lebanon seeks peace, but Hezbollah needs to be convinced first",https://www.bbc.com/news/articles/cr51l794mlyo,2,"Aoun, a former army chief, took office after a devastating war between Israel and Hezbollah, a Lebanese militia and political party that is backed by Iran."
67,"Lebanon seeks peace, but Hezbollah needs to be convinced first",https://www.bbc.com/news/articles/cr51l794mlyo,3,"At that point, Hezbollah had been weakened and was isolated at home and Aoun had vowed to disarm it."
67,"Lebanon seeks peace, but Hezbollah needs to be convinced first",https://www.bbc.com/news/articles/cr51l794mlyo,4,"The seemingly intractable issue over Hezbollah's weapons has long divided Lebanon, but Aoun appeared to believe he could solve it."
67,"Lebanon seeks peace, but Hezbollah needs to be convinced first",https://www.bbc.com/news/articles/cr51l794mlyo,5,"""I was born an optimist,"" he told me."
67,"Lebanon seeks peace, but Hezbollah needs to be convinced first",https://www.bbc.com/news/articles/cr51l794mlyo,6,"At the time we met, a fragile ceasefire was in place in Lebanon."
67,"Lebanon seeks peace, but Hezbollah needs to be convinced first",https://www.bbc.com/news/articles/cr51l794mlyo,7,"This deal had ended the war between Israel and Hezbollah in November 2024, but Israel was carrying out near-daily attacks on what it described as people and targets linked to the group."
67,"Lebanon seeks peace, but Hezbollah needs to be convinced first",https://www.bbc.com/news/articles/cr51l794mlyo,8,"In some parts of the country, the conflict had never stopped."
67,"Lebanon seeks peace, but Hezbollah needs to be convinced first",https://www.bbc.com/news/articles/cr51l794mlyo,9,Even from my home in east Beirut I could occasionally hear the buzz of Israeli drones circling overhead.
67,"Lebanon seeks peace, but Hezbollah needs to be convinced first",https://www.bbc.com/news/articles/cr51l794mlyo,10,"For Hezbollah's supporters, the group is their only protection against Israel, which they see as an enemy intent on capturing Lebanese land."
67,"Lebanon seeks peace, but Hezbollah needs to be convinced first",https://www.bbc.com/news/articles/cr51l794mlyo,11,"Opponents accuse Hezbollah, which is a Shia Muslim group, of defending the interests of its Iranian patron, dragging the country into unwanted and unnecessary wars."
67,"Lebanon seeks peace, but Hezbollah needs to be convinced first",https://www.bbc.com/news/articles/cr51l794mlyo,12,"When Ayatollah Ali Khamenei, the Iranian supreme leader, was killed in a strike on the first day of the US-Israeli bombardment of Tehran in February, Hezbollah fired rockets into Israel."
67,"Lebanon seeks peace, but Hezbollah needs to be convinced first",https://www.bbc.com/news/articles/cr51l794mlyo,13,The group said this was in retaliation for his death and the constant Israeli bombing during the ceasefire; Israel responded with air strikes and another ground invasion of southern Lebanon.
67,"Lebanon seeks peace, but Hezbollah needs to be convinced first",https://www.bbc.com/news/articles/cr51l794mlyo,14,"President Aoun, hoping to stop the bloodshed, proposed to negotiate directly with Israel, a significant step for two countries that do not have diplomatic relations."
67,"Lebanon seeks peace, but Hezbollah needs to be convinced first",https://www.bbc.com/news/articles/cr51l794mlyo,15,"Israel ignored the offer until last week, after the US agreed a ceasefire with Iran and Israel carried out widespread air strikes that killed more than 300 people in just one day in Lebanon."
67,"Lebanon seeks peace, but Hezbollah needs to be convinced first",https://www.bbc.com/news/articles/cr51l794mlyo,16,"A meeting between ambassadors from both countries, expected to focus on a ceasefire here, is scheduled to take place later on Tuesday in Washington."
67,"Lebanon seeks peace, but Hezbollah needs to be convinced first",https://www.bbc.com/news/articles/cr51l794mlyo,17,"With very limited influence over Hezbollah, what can the Lebanese government do?"
67,"Lebanon seeks peace, but Hezbollah needs to be convinced first",https://www.bbc.com/news/articles/cr51l794mlyo,18,And what are the chances of finding lasting peace?
67,"Lebanon seeks peace, but Hezbollah needs to be convinced first",https://www.bbc.com/news/articles/cr51l794mlyo,19,"Hezbollah, or Party of God in Arabic, was created in the 1980s during Israel's occupation of Lebanon in the Lebanese Civil War."
67,"Lebanon seeks peace, but Hezbollah needs to be convinced first",https://www.bbc.com/news/articles/cr51l794mlyo,20,"From its beginning, the group has been financed, trained and armed by Iran, and the destruction of Israel remains one of its official goals."
67,"Lebanon seeks peace, but Hezbollah needs to be convinced first",https://www.bbc.com/news/articles/cr51l794mlyo,21,"In 1989, the Taif Agreement that ended Lebanon's conflict mandated the disarmament of all militias and introduced a power-sharing deal between sects in a country that is multi-cultural and multi-faith."
67,"Lebanon seeks peace, but Hezbollah needs to be convinced first",https://www.bbc.com/news/articles/cr51l794mlyo,22,"However, Hezbollah, branding itself as a resistance movement fighting the Israeli occupation, managed to keep its weapons."
67,"Lebanon seeks peace, but Hezbollah needs to be convinced first",https://www.bbc.com/news/articles/cr51l794mlyo,23,"Israel withdrew its troops in 2000 after an 18-year occupation of southern Lebanon, but territorial disputes remained."
67,"Lebanon seeks peace, but Hezbollah needs to be convinced first",https://www.bbc.com/news/articles/cr51l794mlyo,24,"And the United Nations Resolution 1701, that ended the war with Israel in 2006 and demanded Hezbollah's disarmament, has never been fully implemented."
67,"Lebanon seeks peace, but Hezbollah needs to be convinced first",https://www.bbc.com/news/articles/cr51l794mlyo,25,The group is designated as a terrorist organisation by countries including the UK and the US.
67,"Lebanon seeks peace, but Hezbollah needs to be convinced first",https://www.bbc.com/news/articles/cr51l794mlyo,26,"But, in Lebanon, Hezbollah is more than a militia."
67,"Lebanon seeks peace, but Hezbollah needs to be convinced first",https://www.bbc.com/news/articles/cr51l794mlyo,27,"It is a political party represented in parliament and in the government, and a social movement that runs services including schools and hospitals in areas where the state has been absent."
67,"Lebanon seeks peace, but Hezbollah needs to be convinced first",https://www.bbc.com/news/articles/cr51l794mlyo,28,It is the country's most powerful group.
67,"Lebanon seeks peace, but Hezbollah needs to be convinced first",https://www.bbc.com/news/articles/cr51l794mlyo,29,"Since coming to power, President Aoun has defended a policy he calls the ""state monopoly on arms""."
67,"Lebanon seeks peace, but Hezbollah needs to be convinced first",https://www.bbc.com/news/articles/cr51l794mlyo,30,"As part of the ceasefire deal in 2024, Hezbollah had agreed to remove its fighters and weapons from southern Lebanon which, for decades, had effectively been under the group's control."
67,"Lebanon seeks peace, but Hezbollah needs to be convinced first",https://www.bbc.com/news/articles/cr51l794mlyo,31,"Hezbollah also holds sway over Beirut's southern suburbs, known as Dahieh, and the eastern Bekaa Valley, where part of its arsenal is located, but Naim Qassem, its secretary-general, has rejected discussing a full, nationwide disarmament."
67,"Lebanon seeks peace, but Hezbollah needs to be convinced first",https://www.bbc.com/news/articles/cr51l794mlyo,32,"Aoun, however, has warned that action to remove Hezbollah's weapons without its consent could lead to violence."
67,"Lebanon seeks peace, but Hezbollah needs to be convinced first",https://www.bbc.com/news/articles/cr51l794mlyo,33,"""We can't let the country descend into another civil war,"" he said when we met in August."
67,"Lebanon seeks peace, but Hezbollah needs to be convinced first",https://www.bbc.com/news/articles/cr51l794mlyo,34,"Amid continued Israeli attacks and Hezbollah's refusal to negotiate, I asked Aoun what his plan was."
67,"Lebanon seeks peace, but Hezbollah needs to be convinced first",https://www.bbc.com/news/articles/cr51l794mlyo,35,He said there was almost nothing else he could do.
67,"Lebanon seeks peace, but Hezbollah needs to be convinced first",https://www.bbc.com/news/articles/cr51l794mlyo,36,"Lebanon, a tiny country measuring just 4,000 square miles on the eastern Mediterranean, has a population of around 5.8 million and officially recognises 18 religious sects."
67,"Lebanon seeks peace, but Hezbollah needs to be convinced first",https://www.bbc.com/news/articles/cr51l794mlyo,37,Two thirds of its people are thought to be Muslim – Sunni and Shia populations are relatively equal in size – and a third is Christian.
67,"Lebanon seeks peace, but Hezbollah needs to be convinced first",https://www.bbc.com/news/articles/cr51l794mlyo,38,"In December, a Gallup poll suggested that nearly four in five Lebanese were in favour of only the country's army being allowed to maintain weapons – in other words, that factions including Hezbollah should be disarmed."
67,"Lebanon seeks peace, but Hezbollah needs to be convinced first",https://www.bbc.com/news/articles/cr51l794mlyo,39,"Responses to the poll, unsurprisingly, followed default lines."
67,"Lebanon seeks peace, but Hezbollah needs to be convinced first",https://www.bbc.com/news/articles/cr51l794mlyo,40,"There was overwhelming support among Christians, Druze and Sunnis; more than two thirds of Lebanese Shias disagreed."
67,"Lebanon seeks peace, but Hezbollah needs to be convinced first",https://www.bbc.com/news/articles/cr51l794mlyo,41,"Michael Young, senior editor at the Carnegie Center think tank in Beirut, told me that some people ""were naïve to think that the army"", chronically underequipped and underfunded, had not disarmed Hezbollah ""because of a lack of will""."
67,"Lebanon seeks peace, but Hezbollah needs to be convinced first",https://www.bbc.com/news/articles/cr51l794mlyo,42,"""You can't come to the Shia community and impose this by force."
67,"Lebanon seeks peace, but Hezbollah needs to be convinced first",https://www.bbc.com/news/articles/cr51l794mlyo,43,"You'll fail, and this will be a disaster."
67,"Lebanon seeks peace, but Hezbollah needs to be convinced first",https://www.bbc.com/news/articles/cr51l794mlyo,44,"Armies are not made to enter military confrontations with their own population,"" he said."
67,"Lebanon seeks peace, but Hezbollah needs to be convinced first",https://www.bbc.com/news/articles/cr51l794mlyo,45,"""What does it mean to disarm a group like Hezbollah?"
67,"Lebanon seeks peace, but Hezbollah needs to be convinced first",https://www.bbc.com/news/articles/cr51l794mlyo,46,Does the army have the capacity to go into every Shia home and disarm it?
67,"Lebanon seeks peace, but Hezbollah needs to be convinced first",https://www.bbc.com/news/articles/cr51l794mlyo,47,"No, it doesn't."
67,"Lebanon seeks peace, but Hezbollah needs to be convinced first",https://www.bbc.com/news/articles/cr51l794mlyo,48,Can they go into areas where Hezbollah has missiles and heavy weapons and disarm those areas?
67,"Lebanon seeks peace, but Hezbollah needs to be convinced first",https://www.bbc.com/news/articles/cr51l794mlyo,49,"They can't."""
67,"Lebanon seeks peace, but Hezbollah needs to be convinced first",https://www.bbc.com/news/articles/cr51l794mlyo,50,"When I asked him about the expected negotiations with Israel, he told me, ""Lebanon has nothing to offer"" as it cannot deliver Hezbollah's disarmament."
67,"Lebanon seeks peace, but Hezbollah needs to be convinced first",https://www.bbc.com/news/articles/cr51l794mlyo,51,"""The government is without any cards,"" he said, ""and this is a reality we need to accept""."
67,"Lebanon seeks peace, but Hezbollah needs to be convinced first",https://www.bbc.com/news/articles/cr51l794mlyo,52,"In a televised address last month, Qassem said Hezbollah had not responded to Israel's attacks during the ceasefire to ""not be accused of impeding diplomacy"" but that Israel ""had not abided by a single term"" of the deal."
67,"Lebanon seeks peace, but Hezbollah needs to be convinced first",https://www.bbc.com/news/articles/cr51l794mlyo,53,"Israeli troops had also remained in five positions in the south occupied during the war, in another violation of the agreement, measures Israeli officials said were needed to protect the country's northern communities."
67,"Lebanon seeks peace, but Hezbollah needs to be convinced first",https://www.bbc.com/news/articles/cr51l794mlyo,54,"""Our patience has limits,"" Qassem said, and Hezbollah ""would not debate… its weapons with anyone""."
67,"Lebanon seeks peace, but Hezbollah needs to be convinced first",https://www.bbc.com/news/articles/cr51l794mlyo,55,"So, can it ever disarm?"
67,"Lebanon seeks peace, but Hezbollah needs to be convinced first",https://www.bbc.com/news/articles/cr51l794mlyo,56,Armed resistance is key in Hezbollah's raison d'etre – its flag features a hand carrying an assault rifle.
67,"Lebanon seeks peace, but Hezbollah needs to be convinced first",https://www.bbc.com/news/articles/cr51l794mlyo,57,"The group is part of what Iran calls the ""Axis of Resistance"", an alliance of armed factions that include Hamas in Gaza and the West Bank, and the Houthis in Yemen."
67,"Lebanon seeks peace, but Hezbollah needs to be convinced first",https://www.bbc.com/news/articles/cr51l794mlyo,58,They have been severely downgraded by Israel and the US in the conflicts that followed the Hamas-led attacks on Israel on 7 October 2023 but not defeated.
67,"Lebanon seeks peace, but Hezbollah needs to be convinced first",https://www.bbc.com/news/articles/cr51l794mlyo,59,"Nicholas Blanford, the author of Warriors of God: Inside Hezbollah's Thirty-Year Struggle Against Israel, told me that, given Iran's role, any decision about the group's path would likely be made not in Beirut, but in Tehran."
67,"Lebanon seeks peace, but Hezbollah needs to be convinced first",https://www.bbc.com/news/articles/cr51l794mlyo,60,"Last year, I reported from southern Lebanon on how communities were living under fear from the constant Israeli attacks, and some appeared to question Hezbollah's strategy."
67,"Lebanon seeks peace, but Hezbollah needs to be convinced first",https://www.bbc.com/news/articles/cr51l794mlyo,61,"In this conflict, the group has demonstrated, by attacking Israel and fighting invading forces, that it managed to rebuild some of its military capabilities, degraded in the previous war – as Israel had warned – which had reignited part of its base."
67,"Lebanon seeks peace, but Hezbollah needs to be convinced first",https://www.bbc.com/news/articles/cr51l794mlyo,62,"A Western diplomat told me the recovery was led by officials from Iran's elite Islamic Revolutionary Guard Corps, who were sent to Lebanon following the 2024 war."
67,"Lebanon seeks peace, but Hezbollah needs to be convinced first",https://www.bbc.com/news/articles/cr51l794mlyo,63,"Amid its current invasion of Lebanon, Israeli officials say they aim to create a so-called security buffer zone in southern Lebanon, along the border with northern Israel, which has raised concerns within Lebanon that parts of the country will remain occupied even after the conflict."
67,"Lebanon seeks peace, but Hezbollah needs to be convinced first",https://www.bbc.com/news/articles/cr51l794mlyo,64,This means that thousands of people displaced from their homes in the south may never be able to return.
67,"Lebanon seeks peace, but Hezbollah needs to be convinced first",https://www.bbc.com/news/articles/cr51l794mlyo,65,This is likely to boost Hezbollah's narrative that their weapons are needed in a state that is unable to defend its territory.
67,"Lebanon seeks peace, but Hezbollah needs to be convinced first",https://www.bbc.com/news/articles/cr51l794mlyo,66,Blanford says this is another reason Hezbollah is unlikely to disarm.
67,"Lebanon seeks peace, but Hezbollah needs to be convinced first",https://www.bbc.com/news/articles/cr51l794mlyo,67,"""Hezbollah is all about what it calls its 'resistance priority'."
67,"Lebanon seeks peace, but Hezbollah needs to be convinced first",https://www.bbc.com/news/articles/cr51l794mlyo,68,All the other elements of the party… are there to protect and sustain it.
67,"Lebanon seeks peace, but Hezbollah needs to be convinced first",https://www.bbc.com/news/articles/cr51l794mlyo,69,This is its beating heart.
67,"Lebanon seeks peace, but Hezbollah needs to be convinced first",https://www.bbc.com/news/articles/cr51l794mlyo,70,"If you remove the military component, the organisation becomes something else entirely,"" he said."
67,"Lebanon seeks peace, but Hezbollah needs to be convinced first",https://www.bbc.com/news/articles/cr51l794mlyo,71,"Over 1.2 million people have been displaced in Lebanon since the start of the conflict, most of them from Shia communities."
67,"Lebanon seeks peace, but Hezbollah needs to be convinced first",https://www.bbc.com/news/articles/cr51l794mlyo,72,This has exacerbated sectarian tensions.
67,"Lebanon seeks peace, but Hezbollah needs to be convinced first",https://www.bbc.com/news/articles/cr51l794mlyo,73,"With Israeli air strikes targeting people allegedly linked to the group outside areas where Hezbollah is strong, residents are suspicious of new arrivals."
67,"Lebanon seeks peace, but Hezbollah needs to be convinced first",https://www.bbc.com/news/articles/cr51l794mlyo,74,Clashes have erupted in some areas.
67,"Lebanon seeks peace, but Hezbollah needs to be convinced first",https://www.bbc.com/news/articles/cr51l794mlyo,75,"Kim Ghattas, a journalist and former BBC correspondent who wrote the book Black Wave, told me Hezbollah was an essential part of the lives of many in the Shia community."
67,"Lebanon seeks peace, but Hezbollah needs to be convinced first",https://www.bbc.com/news/articles/cr51l794mlyo,76,"""Shia Muslims have historically been the downtrodden of Lebanon,"" she said."
67,"Lebanon seeks peace, but Hezbollah needs to be convinced first",https://www.bbc.com/news/articles/cr51l794mlyo,77,"""For many, this is an issue about belief and ideology, and the sense of fear and vulnerability."
67,"Lebanon seeks peace, but Hezbollah needs to be convinced first",https://www.bbc.com/news/articles/cr51l794mlyo,78,"If they were to give up their weapons, what would happen to them?"
67,"Lebanon seeks peace, but Hezbollah needs to be convinced first",https://www.bbc.com/news/articles/cr51l794mlyo,79,Will they be downtrodden again or outcasts?
67,"Lebanon seeks peace, but Hezbollah needs to be convinced first",https://www.bbc.com/news/articles/cr51l794mlyo,80,"It's very difficult to argue with these deep-seated fears."""
67,"Lebanon seeks peace, but Hezbollah needs to be convinced first",https://www.bbc.com/news/articles/cr51l794mlyo,81,"Last week, Israel launched a wave of air strikes that brought horror and destruction to Lebanon."
67,"Lebanon seeks peace, but Hezbollah needs to be convinced first",https://www.bbc.com/news/articles/cr51l794mlyo,82,Some are calling it Black Wednesday.
67,"Lebanon seeks peace, but Hezbollah needs to be convinced first",https://www.bbc.com/news/articles/cr51l794mlyo,83,"In Beirut, the intense bombing, which came in the middle of the day without warning, hit some busy, densely populated areas that had never been attacked before, and where people felt safe."
67,"Lebanon seeks peace, but Hezbollah needs to be convinced first",https://www.bbc.com/news/articles/cr51l794mlyo,84,"Even for people who have become used to violence, that day felt different."
67,"Lebanon seeks peace, but Hezbollah needs to be convinced first",https://www.bbc.com/news/articles/cr51l794mlyo,85,"Since the start of the war six weeks ago, more than 2,000 people have been killed in Lebanon, Lebanon's health ministry says, without distinguishing combatants from civilians."
67,"Lebanon seeks peace, but Hezbollah needs to be convinced first",https://www.bbc.com/news/articles/cr51l794mlyo,86,Many Lebanese feel stuck in a state of permanent crisis.
67,"Lebanon seeks peace, but Hezbollah needs to be convinced first",https://www.bbc.com/news/articles/cr51l794mlyo,87,"In the Ain Mreisseh neighbourhood near the Beirut Corniche, I met a man called Mohammed Hamoud."
67,"Lebanon seeks peace, but Hezbollah needs to be convinced first",https://www.bbc.com/news/articles/cr51l794mlyo,88,"In disbelief, he looked at a residential building that had partially collapsed."
67,"Lebanon seeks peace, but Hezbollah needs to be convinced first",https://www.bbc.com/news/articles/cr51l794mlyo,89,"""You don't get rest."
67,"Lebanon seeks peace, but Hezbollah needs to be convinced first",https://www.bbc.com/news/articles/cr51l794mlyo,90,"All my life, I've had the feeling that we're in a continuous war,"" he told me."
67,"Lebanon seeks peace, but Hezbollah needs to be convinced first",https://www.bbc.com/news/articles/cr51l794mlyo,91,"""Let's hope it'll be the last one, and things get better."""
67,"Lebanon seeks peace, but Hezbollah needs to be convinced first",https://www.bbc.com/news/articles/cr51l794mlyo,92,Top picture credit: AFP via Getty Images Correction 17 April: This article was amended after we incorrectly stated in an earlier version that Israel and Lebanon do not recognise each other.
67,"Lebanon seeks peace, but Hezbollah needs to be convinced first",https://www.bbc.com/news/articles/cr51l794mlyo,93,Israel does recognise Lebanon as a sovereign state whereas Lebanon does not recognise the state of Israel.
67,"Lebanon seeks peace, but Hezbollah needs to be convinced first",https://www.bbc.com/news/articles/cr51l794mlyo,94,"Neither has diplomatic relations with each other, as we have now made clear."
67,"Lebanon seeks peace, but Hezbollah needs to be convinced first",https://www.bbc.com/news/articles/cr51l794mlyo,95,"BBC InDepth is the home on the website and app for the best analysis, with fresh perspectives that challenge assumptions and deep reporting on the biggest issues of the day."
67,"Lebanon seeks peace, but Hezbollah needs to be convinced first",https://www.bbc.com/news/articles/cr51l794mlyo,96,"Emma Barnett and John Simpson bring their pick of the most thought-provoking deep reads and analysis, every Saturday."
67,"Lebanon seeks peace, but Hezbollah needs to be convinced first",https://www.bbc.com/news/articles/cr51l794mlyo,97,Sign up for the newsletter here
68,Iranian footballers say Australia has given them 'hope' for safe future,https://www.bbc.com/news/articles/c624x4xgw6xo,1,"Two Iranian footballers who were granted asylum in Australia have said the country has given them ""hope for a future where we can live and compete in safety""."
68,Iranian footballers say Australia has given them 'hope' for safe future,https://www.bbc.com/news/articles/c624x4xgw6xo,2,Atefeh Ramezanisadeh and Fatemeh Pasandideh were among seven members of the Iranian team who were originally granted humanitarian visas while in Australia for the Women's Asian Cup - but the other five changed their minds and returned home.
68,Iranian footballers say Australia has given them 'hope' for safe future,https://www.bbc.com/news/articles/c624x4xgw6xo,3,"It was feared the team would face repercussions for declining to sing the Iranian national anthem at their opening match, days after the war began."
68,Iranian footballers say Australia has given them 'hope' for safe future,https://www.bbc.com/news/articles/c624x4xgw6xo,4,"In their first public statement, Ramezanisadeh and Pasandideh thanked supporters for their compassion and asked for privacy."
68,Iranian footballers say Australia has given them 'hope' for safe future,https://www.bbc.com/news/articles/c624x4xgw6xo,5,"""At this stage, our primary focus is on our safety, our health and beginning the process of rebuilding our lives,"" the statement read."
68,Iranian footballers say Australia has given them 'hope' for safe future,https://www.bbc.com/news/articles/c624x4xgw6xo,6,"""We are overwhelmed by the warmth and generosity of the Iranian diaspora community in Australia."
68,Iranian footballers say Australia has given them 'hope' for safe future,https://www.bbc.com/news/articles/c624x4xgw6xo,7,"Your support has made us feel welcome and less alone as we navigate this transition,"" they added."
68,Iranian footballers say Australia has given them 'hope' for safe future,https://www.bbc.com/news/articles/c624x4xgw6xo,8,"The pair also thanked the Australian government for providing them ""a safe haven in this beautiful country"" and officials from the Home Affairs staff for their ""dedicated"" assistance."
68,Iranian footballers say Australia has given them 'hope' for safe future,https://www.bbc.com/news/articles/c624x4xgw6xo,9,Ramezanisadeh and Pasandideh - who have been pictured training with A-League Women's team Brisbane Roar - said they hope to continue their elite sporting careers in Australia.
68,Iranian footballers say Australia has given them 'hope' for safe future,https://www.bbc.com/news/articles/c624x4xgw6xo,10,The drama around the Iranian team unfolded against the background of the war back in their home country which erupted on 28 February when Israel and the US launched joint air strikes.
68,Iranian footballers say Australia has given them 'hope' for safe future,https://www.bbc.com/news/articles/c624x4xgw6xo,11,"Concerns grew about the team's safety after footage emerged of a host on state TV calling them ""traitors"" who ought to be punished for their silence during the anthem on 2 March."
68,Iranian footballers say Australia has given them 'hope' for safe future,https://www.bbc.com/news/articles/c624x4xgw6xo,12,"The players were moved to Brisbane, about an hour's drive north from the Gold Coast where they had been staying with their teammates before giving minders the slip and going into the protection of Australian Federal Police."
68,Iranian footballers say Australia has given them 'hope' for safe future,https://www.bbc.com/news/articles/c624x4xgw6xo,13,Human rights activists have said the women who returned to Iran may have been pressured to reverse their decisions through threats against their families.
68,Iranian footballers say Australia has given them 'hope' for safe future,https://www.bbc.com/news/articles/c624x4xgw6xo,14,"Home Affairs Minister Tony Burke at the time said the Australian government could not ""remove the context in which the players are making these incredibly difficult decisions""."
68,Iranian footballers say Australia has given them 'hope' for safe future,https://www.bbc.com/news/articles/c624x4xgw6xo,15,"Iran's sports ministry said that they had ""defeated the enemy's plans"" against them through their ""national spirit and patriotism"", and accused Australia's government of ""playing in Trump's field""."
68,Iranian footballers say Australia has given them 'hope' for safe future,https://www.bbc.com/news/articles/c624x4xgw6xo,16,"News agency Tasnim - which is affiliated with the Islamic Revolutionary Guard Corps - meanwhile reported the players had faced ""psychological warfare, extensive propaganda and seductive offers"" in Australia."
69,Trump's Lebanon ceasefire takes Israel by surprise,https://www.bbc.com/news/articles/cje4pn575jgo,1,"As news of the ceasefire spread through Israel's northern communities, sirens blared three times this evening warning of incoming rockets from Lebanon."
69,Trump's Lebanon ceasefire takes Israel by surprise,https://www.bbc.com/news/articles/cje4pn575jgo,2,"In the sky above the northern city of Nahariya, Israel's air defence interceptors shot up to block them, triggering loud explosions."
69,Trump's Lebanon ceasefire takes Israel by surprise,https://www.bbc.com/news/articles/cje4pn575jgo,3,"Ambulance crews said at least three people were wounded by shrapnel in the hours before the ceasefire took effect, including two seriously."
69,Trump's Lebanon ceasefire takes Israel by surprise,https://www.bbc.com/news/articles/cje4pn575jgo,4,On the ground here – and across the country – there's scepticism about why Israel's leader has signed up to the truce.
69,Trump's Lebanon ceasefire takes Israel by surprise,https://www.bbc.com/news/articles/cje4pn575jgo,5,"""I feel like the government lied to us,"" said Gal, a student in Nahariya."
69,Trump's Lebanon ceasefire takes Israel by surprise,https://www.bbc.com/news/articles/cje4pn575jgo,6,"""They promised that this time it would end differently, but it seems like we're once again heading toward a ceasefire agreement that solves nothing."""
69,Trump's Lebanon ceasefire takes Israel by surprise,https://www.bbc.com/news/articles/cje4pn575jgo,7,"""We gave the Lebanese government a chance and they failed to uphold the agreement; they didn't disarm Hezbollah,"" said Maor, a 32-year-old truck driver whose house was hit by a rocket last year."
69,Trump's Lebanon ceasefire takes Israel by surprise,https://www.bbc.com/news/articles/cje4pn575jgo,8,"""If we don't do it, no one will."
69,Trump's Lebanon ceasefire takes Israel by surprise,https://www.bbc.com/news/articles/cje4pn575jgo,9,It's a shame they stopped.
69,Trump's Lebanon ceasefire takes Israel by surprise,https://www.bbc.com/news/articles/cje4pn575jgo,10,"It seemed like there were significant achievements this time."""
69,Trump's Lebanon ceasefire takes Israel by surprise,https://www.bbc.com/news/articles/cje4pn575jgo,11,"Israel has five army divisions in southern Lebanon, and only yesterday its chief army spokesman said they would continue advancing."
69,Trump's Lebanon ceasefire takes Israel by surprise,https://www.bbc.com/news/articles/cje4pn575jgo,12,This ceasefire announcement has taken Israel by surprise – reportedly even within the government's own security cabinet.
69,Trump's Lebanon ceasefire takes Israel by surprise,https://www.bbc.com/news/articles/cje4pn575jgo,13,"A widely respected Israeli news outlet tonight described Israeli Prime Minister Benjamin Netanyahu convening a security cabinet meeting with just five minutes' notice, shortly before the ceasefire announcement was made."
69,Trump's Lebanon ceasefire takes Israel by surprise,https://www.bbc.com/news/articles/cje4pn575jgo,14,Leaks from that meeting say ministers were not given a vote on the ceasefire.
69,Trump's Lebanon ceasefire takes Israel by surprise,https://www.bbc.com/news/articles/cje4pn575jgo,15,"To many, this is another example of Netanyahu bowing to US President Donald Trump's demands to halt fighting, even when the terms or the timing are not what Israel wants."
69,Trump's Lebanon ceasefire takes Israel by surprise,https://www.bbc.com/news/articles/cje4pn575jgo,16,"""A ceasefire must come from a position of strength in order to service the national interests of Israel,"" said the former IDF Chief of staff and Yashar party chief, Gadi Eisenkot."
69,Trump's Lebanon ceasefire takes Israel by surprise,https://www.bbc.com/news/articles/cje4pn575jgo,17,"""A pattern has developed in which ceasefires are imposed upon us – in Gaza, in Iran, and now in Lebanon."
69,Trump's Lebanon ceasefire takes Israel by surprise,https://www.bbc.com/news/articles/cje4pn575jgo,18,"Netanyahu does not know how to convert military achievements into diplomatic gains."""
69,Trump's Lebanon ceasefire takes Israel by surprise,https://www.bbc.com/news/articles/cje4pn575jgo,19,"Netanyahu – while framing the ceasefire as ""an opportunity to make a historic peace agreement with Lebanon"" – also made clear that he was making few concessions on the ground."
69,Trump's Lebanon ceasefire takes Israel by surprise,https://www.bbc.com/news/articles/cje4pn575jgo,20,"He said Hezbollah had insisted on two conditions: the withdrawal of Israeli forces from Lebanon, and a principle of ""quiet for quiet""."
69,Trump's Lebanon ceasefire takes Israel by surprise,https://www.bbc.com/news/articles/cje4pn575jgo,21,"""I agreed to neither the former, nor the latter,"" he said."
69,Trump's Lebanon ceasefire takes Israel by surprise,https://www.bbc.com/news/articles/cje4pn575jgo,22,"""These two conditions are not being met."
69,Trump's Lebanon ceasefire takes Israel by surprise,https://www.bbc.com/news/articles/cje4pn575jgo,23,"We are remaining in Lebanon in a thickened security zone […] We are there, and we are not leaving."""
69,Trump's Lebanon ceasefire takes Israel by surprise,https://www.bbc.com/news/articles/cje4pn575jgo,24,Iran has been demanding an end to Israeli operations against its proxy group Hezbollah in Lebanon since agreeing to a two-week ceasefire with the US earlier this month.
69,Trump's Lebanon ceasefire takes Israel by surprise,https://www.bbc.com/news/articles/cje4pn575jgo,25,"And after initially saying Israel's military campaign against Hezbollah in Lebanon was ""a separate skirmish"", Trump said this week he was trying to create what he called ""a little breathing room between Israel and Lebanon"", as US negotiations with Iran falter, and the end of the truce period approaches next week."
69,Trump's Lebanon ceasefire takes Israel by surprise,https://www.bbc.com/news/articles/cje4pn575jgo,26,Both Netanyahu and Israel's military leaders have been keen to emphasise in recent days that the ceasefire Trump agreed with Tehran did not mean a ceasefire in Lebanon.
69,Trump's Lebanon ceasefire takes Israel by surprise,https://www.bbc.com/news/articles/cje4pn575jgo,27,A poll by Israel's Channel 12 news network last week found that almost 80% of respondents supported continued strikes on Hezbollah.
69,Trump's Lebanon ceasefire takes Israel by surprise,https://www.bbc.com/news/articles/cje4pn575jgo,28,And three separate surveys suggested a majority of Israelis also opposed the two-week ceasefire Trump agreed with Iran.
69,Trump's Lebanon ceasefire takes Israel by surprise,https://www.bbc.com/news/articles/cje4pn575jgo,29,"""Agreements may be signed with a tie in Washington, but the price is paid in blood and destroyed homes"" in northern Israel, the head of the Mateh Asher Regional council, Moshe Davidovich, told Israeli media."
69,Trump's Lebanon ceasefire takes Israel by surprise,https://www.bbc.com/news/articles/cje4pn575jgo,30,"""Residents of the north are not extras in an international public relations show,"" he added."
69,Trump's Lebanon ceasefire takes Israel by surprise,https://www.bbc.com/news/articles/cje4pn575jgo,31,"The truce Israel has agreed to in Lebanon states clearly that Israel ""preserves its right to take all necessary measures in self-defence, at any time, against planned, imminent or ongoing attacks"" – much as it did during the last ceasefire agreed in November 2024, when Israel continued regular strikes against targets it deemed a threat."
69,Trump's Lebanon ceasefire takes Israel by surprise,https://www.bbc.com/news/articles/cje4pn575jgo,32,Few Israelis see this truce as a way out of the conflict with Hezbollah.
69,Trump's Lebanon ceasefire takes Israel by surprise,https://www.bbc.com/news/articles/cje4pn575jgo,33,But many see it as further proof that their leader is again under pressure to align with Washington's interests – and that the war goals of their key US ally are not always the same as their own.
70,"Lyse Doucet: Under fragile ceasefire, Iranians wonder if US deal can be done",https://www.bbc.com/news/articles/c4g44gj7rgno,1,"On the plains of northwestern Iran, edged by snow-ribboned ridges, spring nudges almond trees into frothy bloom and a fragile ceasefire brings more traffic onto highways, and more Iranians back to their homeland."
70,"Lyse Doucet: Under fragile ceasefire, Iranians wonder if US deal can be done",https://www.bbc.com/news/articles/c4g44gj7rgno,2,"""I stayed with my son in Turkey for a month,"" a grey-haired banker says as we stand waiting in the departures hall at a Turkish crossing where a late winter's snow has sent temperatures plunging on that side of the border."
70,"Lyse Doucet: Under fragile ceasefire, Iranians wonder if US deal can be done",https://www.bbc.com/news/articles/c4g44gj7rgno,3,"""In my city in the north the Israeli and American airstrikes mainly hit military targets, not homes and civilian infrastructure,"" was his personal summary of five weeks of grievous war, paused by a two-week truce whose end falls in a week's time."
70,"Lyse Doucet: Under fragile ceasefire, Iranians wonder if US deal can be done",https://www.bbc.com/news/articles/c4g44gj7rgno,4,"""I'm a bit scared,"" an elderly woman in a headscarf confessed, her face wrinkling into worry."
70,"Lyse Doucet: Under fragile ceasefire, Iranians wonder if US deal can be done",https://www.bbc.com/news/articles/c4g44gj7rgno,5,"She spoke mournfully of the suffering of young Iranians – from the shells which crashed into crowded residential neighbourhoods, to the threats from Iran's Basij paramilitary forces who prowl the streets."
70,"Lyse Doucet: Under fragile ceasefire, Iranians wonder if US deal can be done",https://www.bbc.com/news/articles/c4g44gj7rgno,6,"""It's all in God's hands,"" she murmured, lifting her eyes upward."
70,"Lyse Doucet: Under fragile ceasefire, Iranians wonder if US deal can be done",https://www.bbc.com/news/articles/c4g44gj7rgno,7,Others focused on more temporal pressure.
70,"Lyse Doucet: Under fragile ceasefire, Iranians wonder if US deal can be done",https://www.bbc.com/news/articles/c4g44gj7rgno,8,"""Of course, the ceasefire won't hold,"" declared a young woman in a bright red puffer jacket and a knitted hat."
70,"Lyse Doucet: Under fragile ceasefire, Iranians wonder if US deal can be done",https://www.bbc.com/news/articles/c4g44gj7rgno,9,"""Iran will never give up its control of the Strait of Hormuz.''"
70,"Lyse Doucet: Under fragile ceasefire, Iranians wonder if US deal can be done",https://www.bbc.com/news/articles/c4g44gj7rgno,10,"Later, as we clear Turkish customs and enter the Islamic Republic of Iran, one man next to us exclaims when I ask about this current calm, ""Trump will never leave Iran alone; he wants to swallow us!"""
70,"Lyse Doucet: Under fragile ceasefire, Iranians wonder if US deal can be done",https://www.bbc.com/news/articles/c4g44gj7rgno,11,"It's hard not to think about the US president and commander-in-chief on the long drive to Tehran - the only way to reach the capital since airports are still shut – because it's hard not to stare at every bridge that still spans the road, glinting in the spring sun."
70,"Lyse Doucet: Under fragile ceasefire, Iranians wonder if US deal can be done",https://www.bbc.com/news/articles/c4g44gj7rgno,12,"On Wednesday Trump doubled down on his warning he could destroy every last bridge in Iran, telling Fox Business News: ""We could take out every one of their bridges in one hour"" along with every power plant."
70,"Lyse Doucet: Under fragile ceasefire, Iranians wonder if US deal can be done",https://www.bbc.com/news/articles/c4g44gj7rgno,13,"But, he added, ""we don't want to do that""."
70,"Lyse Doucet: Under fragile ceasefire, Iranians wonder if US deal can be done",https://www.bbc.com/news/articles/c4g44gj7rgno,14,"On this 12-hour journey to the capital, vehicles are now forced to take a detour down winding rural roads because the main bridge linking the northern city of Tabriz with Tehran, via Zanjan, collapsed under missile fire last week."
70,"Lyse Doucet: Under fragile ceasefire, Iranians wonder if US deal can be done",https://www.bbc.com/news/articles/c4g44gj7rgno,15,The targeting of civilian infrastructure has been met by a growing chorus of criticism from legal scholars who warn of violations of international humanitarian law and possible war crimes.
70,"Lyse Doucet: Under fragile ceasefire, Iranians wonder if US deal can be done",https://www.bbc.com/news/articles/c4g44gj7rgno,16,The US and Israel insist they're only striking military targets.
70,"Lyse Doucet: Under fragile ceasefire, Iranians wonder if US deal can be done",https://www.bbc.com/news/articles/c4g44gj7rgno,17,"We spot those targets too, including a flattened barracks of the Islamic Revolutionary Guard Corps, the IRGC, on the outskirts of Tabriz."
70,"Lyse Doucet: Under fragile ceasefire, Iranians wonder if US deal can be done",https://www.bbc.com/news/articles/c4g44gj7rgno,18,A huge flag is draped across the rutted pillars protruding from the ruins like concrete teeth.
70,"Lyse Doucet: Under fragile ceasefire, Iranians wonder if US deal can be done",https://www.bbc.com/news/articles/c4g44gj7rgno,19,"Other military and police bases, as well as factories, were also hit in this region."
70,"Lyse Doucet: Under fragile ceasefire, Iranians wonder if US deal can be done",https://www.bbc.com/news/articles/c4g44gj7rgno,20,"Trump's apocalyptic threat on 7 April that ""a whole civilisation will die tonight"" comes to mind when we stop at a roadside restaurant - a hundreds-year-old caravanserai, a travellers' inn of old - with vaulted stone ceilings and stained-glass windows – just a hint of Iran's rich thousands-years-old civilisation."
70,"Lyse Doucet: Under fragile ceasefire, Iranians wonder if US deal can be done",https://www.bbc.com/news/articles/c4g44gj7rgno,21,"The Iran of today is also visible everywhere we stop, with some women wearing veils and scarves and others, of all ages, bare-headed."
70,"Lyse Doucet: Under fragile ceasefire, Iranians wonder if US deal can be done",https://www.bbc.com/news/articles/c4g44gj7rgno,22,It's a legacy of the 2022-2023 Woman Life Freedom protests.
70,"Lyse Doucet: Under fragile ceasefire, Iranians wonder if US deal can be done",https://www.bbc.com/news/articles/c4g44gj7rgno,23,"Women now refuse to turn the clock back even though strict rules on ""modesty"" and severe punishments are still the law of this land."
70,"Lyse Doucet: Under fragile ceasefire, Iranians wonder if US deal can be done",https://www.bbc.com/news/articles/c4g44gj7rgno,24,But there are more pressing priorities for Iran's theocracy in this moment.
70,"Lyse Doucet: Under fragile ceasefire, Iranians wonder if US deal can be done",https://www.bbc.com/news/articles/c4g44gj7rgno,25,"New banners stretch over highways with portraits of the three supreme leaders since the 1979 revolution: Ayatollah Ruhollah Khomeini; Ayatollah Ali Khamenei, who was assassinated in this war's first salvos on 28 February; and his successor, his son Mojtaba Khamenei, reported to have been seriously injured in that attack and who has not been seen or heard in public since then."
70,"Lyse Doucet: Under fragile ceasefire, Iranians wonder if US deal can be done",https://www.bbc.com/news/articles/c4g44gj7rgno,26,"He's however said to be playing a role in trying to forge a new political and security doctrine in the wake of this devastating war and the historic high-level efforts to resolve age-old rifts with its arch enemy over Iran's nuclear programme, and new red button issues such as Iran's control of the key Strait of Hormuz shipping lane."
70,"Lyse Doucet: Under fragile ceasefire, Iranians wonder if US deal can be done",https://www.bbc.com/news/articles/c4g44gj7rgno,27,"On Wednesday more details emerged about what transpired behind closed doors over 21 hours, when a US delegation headed by Vice-President JD Vance met face-to-face in Islamabad with a large contingent of Iranian officials led by Parliamentary Speaker Mohammad Bagher Ghalibaf, a hardliner linked to the now all-powerful IRGC, who is seen as a possible pragmatist – even if he is not the only, or the main, decisionmaker."
70,"Lyse Doucet: Under fragile ceasefire, Iranians wonder if US deal can be done",https://www.bbc.com/news/articles/c4g44gj7rgno,28,"Since that Sunday morning when Vance boarded his plane at dawn, saying he had put the US's ""final and best offer"" on the table - suggesting a take-it-or-leave-it approach - both he and Trump have given a series of interviews which present a more nuanced picture and highlight that diplomacy is not dead."
70,"Lyse Doucet: Under fragile ceasefire, Iranians wonder if US deal can be done",https://www.bbc.com/news/articles/c4g44gj7rgno,29,"On Wednesday Iran's foreign ministry spokesman Esmail Baghaei ended Tehran's relative silence and spoke of what had been discussed in Islamabad, reflecting some of what Tehran wants to gain: a ""full end to war, lifting sanctions, and retribution of damages of US-Israeli attacks on Iran""."
70,"Lyse Doucet: Under fragile ceasefire, Iranians wonder if US deal can be done",https://www.bbc.com/news/articles/c4g44gj7rgno,30,"Reports from Washington have meanwhile highlighted American red lines – no nuclear enrichment for Iran, which must dismantle enrichment facilities; remove all highly enriched uranium; open the Strait of Hormuz; and end funding for its partners and proxies in the region including Hamas and Hezbollah."
70,"Lyse Doucet: Under fragile ceasefire, Iranians wonder if US deal can be done",https://www.bbc.com/news/articles/c4g44gj7rgno,31,Sources say Tehran has rejected a demand for a 20-year moratorium on nuclear enrichment and proposed the five-year pause it had presented before hostilities erupted.
70,"Lyse Doucet: Under fragile ceasefire, Iranians wonder if US deal can be done",https://www.bbc.com/news/articles/c4g44gj7rgno,32,"It has also pushed back against the demand to hand over its 440kg stockpile of highly-enriched uranium, sticking to its earlier concession to dilute the 60% enriched uranium, which is dangerously close to weapons grade."
70,"Lyse Doucet: Under fragile ceasefire, Iranians wonder if US deal can be done",https://www.bbc.com/news/articles/c4g44gj7rgno,33,"And despite Trump's blockade of Iran's vital oil tankers and other vessels through the strategic chokepoint of the Strait of Hormuz, Tehran shows no sign of buckling – although Trump's statements continue to indicate his mistaken belief that Iran will soon capitulate under this mounting military and economic pressure."
70,"Lyse Doucet: Under fragile ceasefire, Iranians wonder if US deal can be done",https://www.bbc.com/news/articles/c4g44gj7rgno,34,"On Wednesday the powerful commander of Iran's highest operational command, Ali Abdollahi, upped the ante by threatening to stop ""any exports or imports to continue in the Persian Gulf, the Sea of Oman, and the Red Sea""."
70,"Lyse Doucet: Under fragile ceasefire, Iranians wonder if US deal can be done",https://www.bbc.com/news/articles/c4g44gj7rgno,35,"As we made haste to Tehran, Pakistan's Army Chief, Field Marshall Asim Munir, landed in the capital to try to accelerate mediation efforts and narrow the gaps on these and other issues."
70,"Lyse Doucet: Under fragile ceasefire, Iranians wonder if US deal can be done",https://www.bbc.com/news/articles/c4g44gj7rgno,36,"White House press secretary Karoline Leavitt has confirmed discussions are under way about a second round of talks between the US and Iran, expected to take place again in Islamabad, with Pakistan mediating."
70,"Lyse Doucet: Under fragile ceasefire, Iranians wonder if US deal can be done",https://www.bbc.com/news/articles/c4g44gj7rgno,37,Reports swirl of an extension to the two-week truce.
70,"Lyse Doucet: Under fragile ceasefire, Iranians wonder if US deal can be done",https://www.bbc.com/news/articles/c4g44gj7rgno,38,From Washington come assessments that America's shooting war – or at least the worst of it – could be over for now.
70,"Lyse Doucet: Under fragile ceasefire, Iranians wonder if US deal can be done",https://www.bbc.com/news/articles/c4g44gj7rgno,39,"Inside Iran there's a sense that people are taking things one day at a time, whatever their many different views on their country's future."
70,"Lyse Doucet: Under fragile ceasefire, Iranians wonder if US deal can be done",https://www.bbc.com/news/articles/c4g44gj7rgno,40,It's only mid-April.
70,"Lyse Doucet: Under fragile ceasefire, Iranians wonder if US deal can be done",https://www.bbc.com/news/articles/c4g44gj7rgno,41,"Iranians have already lived through extraordinary nationwide protests crushed with lethal force, which killed many thousands, an unfinished external war, and restrictions including a widespread internet blackout at home."
70,"Lyse Doucet: Under fragile ceasefire, Iranians wonder if US deal can be done",https://www.bbc.com/news/articles/c4g44gj7rgno,42,"It has left many wondering if a deal, if it's ever done, will finally lift crippling sanctions and bring the change they want to see."
70,"Lyse Doucet: Under fragile ceasefire, Iranians wonder if US deal can be done",https://www.bbc.com/news/articles/c4g44gj7rgno,43,The BBC's chief international correspondent Lyse Doucet is reporting from Tehran on condition that none of her material is used on the BBC's Persian Service.
70,"Lyse Doucet: Under fragile ceasefire, Iranians wonder if US deal can be done",https://www.bbc.com/news/articles/c4g44gj7rgno,44,These restrictions apply to all international media organisations operating in Iran.
71,How many ships are crossing the Strait of Hormuz?,https://www.bbc.com/news/articles/c3w39lg84w2o,1,"Since the start of the US blockade on Monday, 15 vessels have crossed the Strait of Hormuz, nine of which have links to Iran, BBC Verify analysis of ship-tracking data suggests."
71,How many ships are crossing the Strait of Hormuz?,https://www.bbc.com/news/articles/c3w39lg84w2o,2,US Central Command (Centcom) has said its blockade applies to all ships entering and exiting Iranian ports.
71,How many ships are crossing the Strait of Hormuz?,https://www.bbc.com/news/articles/c3w39lg84w2o,3,"In an update on Tuesday, Centcom said in the first 36 hours no vessels made it past the blockade and six obeyed instructions to turn around."
71,How many ships are crossing the Strait of Hormuz?,https://www.bbc.com/news/articles/c3w39lg84w2o,4,Ship-tracking data suggests six of the ships which passed through the strait had previously visited an Iranian port.
71,How many ships are crossing the Strait of Hormuz?,https://www.bbc.com/news/articles/c3w39lg84w2o,5,We have identified two more that left the vicinity of an Iranian port far to the east of the strait.
71,How many ships are crossing the Strait of Hormuz?,https://www.bbc.com/news/articles/c3w39lg84w2o,6,"President Donald Trump has said the US blockade is in response to Iran ""knowingly failing"" to reopen the strait."
71,How many ships are crossing the Strait of Hormuz?,https://www.bbc.com/news/articles/c3w39lg84w2o,7,"BBC Verify has not seen evidence from the available tracking data of any tankers carrying full loads of oil or gas heading out from the Gulf into open sea during this period, whether linked to Iran or not."
71,How many ships are crossing the Strait of Hormuz?,https://www.bbc.com/news/articles/c3w39lg84w2o,8,Tracking vessels relies on them transmitting their locations accurately.
71,How many ships are crossing the Strait of Hormuz?,https://www.bbc.com/news/articles/c3w39lg84w2o,9,"However, some ships may be turning their trackers off or be transmitting a false position, a practice known as ""spoofing""."
71,How many ships are crossing the Strait of Hormuz?,https://www.bbc.com/news/articles/c3w39lg84w2o,10,Experts have told BBC Verify this is common for sanctioned tankers linked to Iran.
71,How many ships are crossing the Strait of Hormuz?,https://www.bbc.com/news/articles/c3w39lg84w2o,11,"We've not been able to verify the US claim about the number of ships that have been turned round, but tracking data indicates that at least one vessel which passed through the strait has reversed course."
71,How many ships are crossing the Strait of Hormuz?,https://www.bbc.com/news/articles/c3w39lg84w2o,12,The US-sanctioned tanker Rich Starry sailed east from Sharjah in the UAE through the strait but turned round and crossed back into the Gulf on Wednesday.
71,How many ships are crossing the Strait of Hormuz?,https://www.bbc.com/news/articles/c3w39lg84w2o,13,"In addition, two Iranian-flagged ships have been tracked leaving the vicinity of Iran's Chahbahar port, east of the Strait of Hormuz on Iran's southern coast, after the start of the blockade."
71,How many ships are crossing the Strait of Hormuz?,https://www.bbc.com/news/articles/c3w39lg84w2o,14,The Strait of Hormuz has become a focal point of the US-Israel war with Iran after Tehran effectively choked off one of the world's most important shipping lanes.
71,How many ships are crossing the Strait of Hormuz?,https://www.bbc.com/news/articles/c3w39lg84w2o,15,"An average of 138 ships passed through the strait each day before the conflict started on 28 February, according to the Joint Maritime Information Centre."
71,How many ships are crossing the Strait of Hormuz?,https://www.bbc.com/news/articles/c3w39lg84w2o,16,"Trump has warned the US Navy will ""blow to hell"" any Iranians that attack them and will take action against any ship found to be paying transit tolls to Iran."
71,How many ships are crossing the Strait of Hormuz?,https://www.bbc.com/news/articles/c3w39lg84w2o,17,"The disruption to shipping since the conflict began six weeks ago has sent shock waves across the global economy, destabilising energy prices and exposing just how reliant international supply chains are on the channel that connects the Gulf with the Indian Ocean."
71,How many ships are crossing the Strait of Hormuz?,https://www.bbc.com/news/articles/c3w39lg84w2o,18,"Jakob Larsen from the Baltic and International Maritime Council, which represents shipowners, told BBC Verify that he is concerned about the ""risk of further escalation to involve direct attacks on ships"" with the introduction of the US blockade."
71,How many ships are crossing the Strait of Hormuz?,https://www.bbc.com/news/articles/c3w39lg84w2o,19,"If crossings for ships not linked to Iran do resume at a greater pace, experts say stranded tankers that are fully loaded with cargo will be the priority."
71,How many ships are crossing the Strait of Hormuz?,https://www.bbc.com/news/articles/c3w39lg84w2o,20,"""You've had nearly 800 ships stuck in there for several weeks."
71,How many ships are crossing the Strait of Hormuz?,https://www.bbc.com/news/articles/c3w39lg84w2o,21,"Most of them are now loaded with cargo so the priority is going to be to get them out,"" said Richard Meade, editor-in-chief of Lloyd's List BBC Verify's analysis shows ships that have passed the strait have taken a northerly route close to Iran's coastline and within its territorial waters."
71,How many ships are crossing the Strait of Hormuz?,https://www.bbc.com/news/articles/c3w39lg84w2o,22,"Prior to the conflict, vessels usually took a more southerly route through the middle of the waterway."
71,How many ships are crossing the Strait of Hormuz?,https://www.bbc.com/news/articles/c3w39lg84w2o,23,"Another uncertainty is the possibility of sea mines, says Thomas Kazakos, secretary general of the International Chamber of Shipping."
71,How many ships are crossing the Strait of Hormuz?,https://www.bbc.com/news/articles/c3w39lg84w2o,24,"""We need to make sure that we have clear confirmation that the safety of navigation for the ships and the seafarers are being agreed,"" he told BBC Verify."
71,How many ships are crossing the Strait of Hormuz?,https://www.bbc.com/news/articles/c3w39lg84w2o,25,"Iran's Islamic Revolutionary Guard Corps (IRGC) Navy published what it states are the permitted routes to be followed when passing through the strait ""to avoid possible collision with sea mines""."
71,How many ships are crossing the Strait of Hormuz?,https://www.bbc.com/news/articles/c3w39lg84w2o,26,"It has marked a region in the middle of the channel as a ""dangerous area"" to be avoided."
71,How many ships are crossing the Strait of Hormuz?,https://www.bbc.com/news/articles/c3w39lg84w2o,27,"Centcom has previously announced that two destroyers - the USS Frank E Petersen and USS Michael Murphy - are in the area as part of a mission to clear ""sea mines previously laid by Iran's Islamic Revolutionary Guards Corps""."
71,How many ships are crossing the Strait of Hormuz?,https://www.bbc.com/news/articles/c3w39lg84w2o,28,Additional reporting by Kayleen Devlin and Alex Murray 15 April: This piece is being updated to reflect the latest number of vessels crossing the strait since the ceasefire.
71,How many ships are crossing the Strait of Hormuz?,https://www.bbc.com/news/articles/c3w39lg84w2o,29,What claims do you want BBC Verify to investigate?
72,Sri Lanka repatriates 238 Iranian sailors stranded after US torpedo attack,https://www.bbc.com/news/articles/c9qdd318qd9o,1,More than 200 Iranian sailors left stranded in Sri Lanka after a US torpedo attack are returning home after being stuck in the country for more than a month.
72,Sri Lanka repatriates 238 Iranian sailors stranded after US torpedo attack,https://www.bbc.com/news/articles/c9qdd318qd9o,2,"On Wednesday, Sri Lanka's Deputy Defence Minister, Aruna ⁠Jayasekara, confirmed 32 sailors rescued from the Iris Dena and 206 from Irins Bushehr, had left the country."
72,Sri Lanka repatriates 238 Iranian sailors stranded after US torpedo attack,https://www.bbc.com/news/articles/c9qdd318qd9o,3,"The Iranian warship, Iris Dena, sank on 4 March about 40km (25 miles) from Sri Lanka's southern coastline after it was hit by a torpedo from a US submarine, killing 104 sailors."
72,Sri Lanka repatriates 238 Iranian sailors stranded after US torpedo attack,https://www.bbc.com/news/articles/c9qdd318qd9o,4,"On March 5, Sri Lanka took control of the Iranian naval vessel, Irins Bushehr, after it had requested to dock at one of country's ports after one of its engines malfunctioned."
72,Sri Lanka repatriates 238 Iranian sailors stranded after US torpedo attack,https://www.bbc.com/news/articles/c9qdd318qd9o,5,"Speaking to Reuters, ⁠Jayasekara confirmed the crew of both ships were flown out on Tuesday night."
72,Sri Lanka repatriates 238 Iranian sailors stranded after US torpedo attack,https://www.bbc.com/news/articles/c9qdd318qd9o,6,The stranded sailors were granted 30-day entry visas by the Sri Lankan government and were housed in navy and air force camps.
72,Sri Lanka repatriates 238 Iranian sailors stranded after US torpedo attack,https://www.bbc.com/news/articles/c9qdd318qd9o,7,The Iris Dena had been returning from a military exercise hosted by India when it was attacked.
72,Sri Lanka repatriates 238 Iranian sailors stranded after US torpedo attack,https://www.bbc.com/news/articles/c9qdd318qd9o,8,"Video released by the US Department of Defense after the incident showed a ship being struck, causing the stern to rise up before exploding."
72,Sri Lanka repatriates 238 Iranian sailors stranded after US torpedo attack,https://www.bbc.com/news/articles/c9qdd318qd9o,9,The bodies of 84 Iranian sailors killed in the attack were recovered and later repatriated in a chartered plane arranged by Iran.
72,Sri Lanka repatriates 238 Iranian sailors stranded after US torpedo attack,https://www.bbc.com/news/articles/c9qdd318qd9o,10,Its sinking in international waters came just a few days into the current US-Israeli war with Iran and marked a dramatic widening of the conflict.
72,Sri Lanka repatriates 238 Iranian sailors stranded after US torpedo attack,https://www.bbc.com/news/articles/c9qdd318qd9o,11,Iran has since launched retaliatory strikes across the Middle East - targeting Gulf countries allied with the US.
72,Sri Lanka repatriates 238 Iranian sailors stranded after US torpedo attack,https://www.bbc.com/news/articles/c9qdd318qd9o,12,"About 15 Iranian sailors will remain in Sri Lanka to operate the Irins Bushehr, which is anchored off Trincomalee in the northeast of the island."
72,Sri Lanka repatriates 238 Iranian sailors stranded after US torpedo attack,https://www.bbc.com/news/articles/c9qdd318qd9o,13,"Sri Lanka had allowed the Iranian vessel to dock at a north-eastern port on 5 March after hours of discussion, with its president saying they would ""never hesitate to protect humanity""."
72,Sri Lanka repatriates 238 Iranian sailors stranded after US torpedo attack,https://www.bbc.com/news/articles/c9qdd318qd9o,14,"""Our position has been to safeguard our neutrality while demonstrating our humanitarian values,"" President Anura Kumara Dissanayake said in a statement at the time."
72,Sri Lanka repatriates 238 Iranian sailors stranded after US torpedo attack,https://www.bbc.com/news/articles/c9qdd318qd9o,15,"""[Sri Lanka] intervened in a way that demonstrated our commitment to international conventions, protecting the reputation and dignity of our country, and protecting human lives,"" he said."
72,Sri Lanka repatriates 238 Iranian sailors stranded after US torpedo attack,https://www.bbc.com/news/articles/c9qdd318qd9o,16,Sri Lanka has maintained a long-standing policy of non-alignment since it became independent in 1948.
72,Sri Lanka repatriates 238 Iranian sailors stranded after US torpedo attack,https://www.bbc.com/news/articles/c9qdd318qd9o,17,It has strong economic and diplomatic ties with both Iran and the US.
73,Chris Mason: Iran war has trapped Labour in a vicious circle,https://www.bbc.com/news/articles/ce8ll6pyvdzo,1,"The government is simultaneously confronting the economic consequences of the war in Iran, as spelt out starkly by the International Monetary Fund and the sharpening of arguments from some, including former Nato secretary general Lord Robertson, that the war is evidence defence spending needs to go up more and more quickly."
73,Chris Mason: Iran war has trapped Labour in a vicious circle,https://www.bbc.com/news/articles/ce8ll6pyvdzo,2,"The thing is, spending more on defence is harder when the economy is continuing to struggle – as it has done for years and years already."
73,Chris Mason: Iran war has trapped Labour in a vicious circle,https://www.bbc.com/news/articles/ce8ll6pyvdzo,3,"The chancellor's exasperation is palpable in an interview with The Mirror , saying it was ""folly"" to start the conflict without being clear about the objectives."
73,Chris Mason: Iran war has trapped Labour in a vicious circle,https://www.bbc.com/news/articles/ce8ll6pyvdzo,4,"""This is a war that we did not start."
73,Chris Mason: Iran war has trapped Labour in a vicious circle,https://www.bbc.com/news/articles/ce8ll6pyvdzo,5,It was a war that we did not want.
73,Chris Mason: Iran war has trapped Labour in a vicious circle,https://www.bbc.com/news/articles/ce8ll6pyvdzo,6,"I feel very frustrated and angry that the US went into this war without a clear exit plan, without a clear idea of what they were trying to achieve,"" Rachel Reeves said."
73,Chris Mason: Iran war has trapped Labour in a vicious circle,https://www.bbc.com/news/articles/ce8ll6pyvdzo,7,Little wonder she is angry.
73,Chris Mason: Iran war has trapped Labour in a vicious circle,https://www.bbc.com/news/articles/ce8ll6pyvdzo,8,Reeves was already confronted by towering challenges and now this.
73,Chris Mason: Iran war has trapped Labour in a vicious circle,https://www.bbc.com/news/articles/ce8ll6pyvdzo,9,"And just at the moment she and other senior ministers, from Prime Minister Sir Keir Starmer down, were beginning to tentatively make the case that things were slowly improving."
73,Chris Mason: Iran war has trapped Labour in a vicious circle,https://www.bbc.com/news/articles/ce8ll6pyvdzo,10,"At the turn of the year, the prime minister said ""we are turning a corner""."
73,Chris Mason: Iran war has trapped Labour in a vicious circle,https://www.bbc.com/news/articles/ce8ll6pyvdzo,11,Ministers privately and publicly would point to at least some economic indicators that were looking more promising.
73,Chris Mason: Iran war has trapped Labour in a vicious circle,https://www.bbc.com/news/articles/ce8ll6pyvdzo,12,Then the missiles and fighter jets took to the skies and everything changed.
73,Chris Mason: Iran war has trapped Labour in a vicious circle,https://www.bbc.com/news/articles/ce8ll6pyvdzo,13,It means the vicious circle tightens and darkens.
73,Chris Mason: Iran war has trapped Labour in a vicious circle,https://www.bbc.com/news/articles/ce8ll6pyvdzo,14,"A subdued economy leads to a subdued, restless, perhaps cantankerous electorate."
73,Chris Mason: Iran war has trapped Labour in a vicious circle,https://www.bbc.com/news/articles/ce8ll6pyvdzo,15,A subdued economy makes the trade-offs and choices over public spending more difficult.
73,Chris Mason: Iran war has trapped Labour in a vicious circle,https://www.bbc.com/news/articles/ce8ll6pyvdzo,16,"And the wars – as well as Iran there is Ukraine – led Lord Robertson to lash out at the chancellor, accusing ""non military experts in the Treasury"", as he put it, of ""vandalism""."
73,Chris Mason: Iran war has trapped Labour in a vicious circle,https://www.bbc.com/news/articles/ce8ll6pyvdzo,17,But the Treasury's job is to keep a keen eye on public spending and you don't have to talk to many folk in Westminster before accusations are made of wastage by the Ministry of Defence over the years.
73,Chris Mason: Iran war has trapped Labour in a vicious circle,https://www.bbc.com/news/articles/ce8ll6pyvdzo,18,"Lord Robertson also chose to punch a Labour bruise when he claimed that the ""cold reality of today's dangerous world is that we can't defend Britain with our ever-expanding welfare Budget""."
73,Chris Mason: Iran war has trapped Labour in a vicious circle,https://www.bbc.com/news/articles/ce8ll6pyvdzo,19,"Last summer, the prime minister lost a battle with his own backbenchers to slow the rate of increase in the benefits bill."
73,Chris Mason: Iran war has trapped Labour in a vicious circle,https://www.bbc.com/news/articles/ce8ll6pyvdzo,20,"There is talk from people in government that they will, in time, have another go at shaking up the system."
73,Chris Mason: Iran war has trapped Labour in a vicious circle,https://www.bbc.com/news/articles/ce8ll6pyvdzo,21,"But it is politically very difficult, for the Labour Party in particular."
73,Chris Mason: Iran war has trapped Labour in a vicious circle,https://www.bbc.com/news/articles/ce8ll6pyvdzo,22,"The long promised Defence Investment Plan, which is meant to spell out how the Ministry of Defence will pay for what it needs, was due in the autumn of last year."
73,Chris Mason: Iran war has trapped Labour in a vicious circle,https://www.bbc.com/news/articles/ce8ll6pyvdzo,23,"Winter has since come and gone and the clocks have changed again, and there is still no sign of it."
73,Chris Mason: Iran war has trapped Labour in a vicious circle,https://www.bbc.com/news/articles/ce8ll6pyvdzo,24,"Perhaps little wonder with all the political, fiscal and international strains the government is attempting to absorb."
73,Chris Mason: Iran war has trapped Labour in a vicious circle,https://www.bbc.com/news/articles/ce8ll6pyvdzo,25,"As and when the plan does see the light of day, the debate will then widen."
73,Chris Mason: Iran war has trapped Labour in a vicious circle,https://www.bbc.com/news/articles/ce8ll6pyvdzo,26,"How will this government and its successors, and society at large, confront the choices a more muscular defence posture will demand?"
73,Chris Mason: Iran war has trapped Labour in a vicious circle,https://www.bbc.com/news/articles/ce8ll6pyvdzo,27,"Can health, benefits and defence budgets continue to all go up at the same time, when the tax burden, the proportion of the country's income going to the government, is already set to rise to a historic high of 38% by 2031?"
73,Chris Mason: Iran war has trapped Labour in a vicious circle,https://www.bbc.com/news/articles/ce8ll6pyvdzo,28,What can give and when?
73,Chris Mason: Iran war has trapped Labour in a vicious circle,https://www.bbc.com/news/articles/ce8ll6pyvdzo,29,These will be recurring questions in the years and perhaps decades to come.
73,Chris Mason: Iran war has trapped Labour in a vicious circle,https://www.bbc.com/news/articles/ce8ll6pyvdzo,30,Sign up for our Politics Essential newsletter to keep up with the inner workings of Westminster and beyond.
74,Trump hints Iran talks could resume this week as US port blockade continues,https://www.bbc.com/news/articles/c20ddnz4w5lo,1,"President Donald Trump has suggested talks aimed at ending the war in Iran could resume this week, after negotiations collapsed at the weekend, prompting the US to blockade Iranian ports."
74,Trump hints Iran talks could resume this week as US port blockade continues,https://www.bbc.com/news/articles/c20ddnz4w5lo,2,"""You should stay there [Islamabad], really, because something could be happening over the next two days, and we're more inclined to go there,"" Trump was quoted as saying in an interview with the New York Post."
74,Trump hints Iran talks could resume this week as US port blockade continues,https://www.bbc.com/news/articles/c20ddnz4w5lo,3,"His remarks came as the American military said US forces had ""completely halted economic trade going into and out of Iran by sea"" in the first 36 hours of the operation."
74,Trump hints Iran talks could resume this week as US port blockade continues,https://www.bbc.com/news/articles/c20ddnz4w5lo,4,The stand-off has raised doubts over the prospects for a two-week ceasefire that is due to expire next week.
74,Trump hints Iran talks could resume this week as US port blockade continues,https://www.bbc.com/news/articles/c20ddnz4w5lo,5,"The Iranian side has not yet responded to Trump's remarks, but United Nations Secretary General António Guterres said it was ""highly probable"" that talks would restart."
74,Trump hints Iran talks could resume this week as US port blockade continues,https://www.bbc.com/news/articles/c20ddnz4w5lo,6,"Gulf, Pakistani and Iranian officials also said negotiating teams from Washington and Tehran could return to Pakistan later this week, with no date yet agreed, Reuters news agency reports."
74,Trump hints Iran talks could resume this week as US port blockade continues,https://www.bbc.com/news/articles/c20ddnz4w5lo,7,"Hopes that diplomacy might continue helped soothe oil markets, pushing benchmark prices below $100 on Tuesday."
74,Trump hints Iran talks could resume this week as US port blockade continues,https://www.bbc.com/news/articles/c20ddnz4w5lo,8,"Iran has effectively shut the Strait of Hormuz, a crucial global waterway for oil and gas transport, since it came under attack from US and Israeli air strikes on 28 February."
74,Trump hints Iran talks could resume this week as US port blockade continues,https://www.bbc.com/news/articles/c20ddnz4w5lo,9,"More than a dozen US warships and some 10,000 US military personnel are now enforcing the blockade against vessels of any country entering or leaving Iranian ports, starving Iran of a vital economic lifeline."
74,Trump hints Iran talks could resume this week as US port blockade continues,https://www.bbc.com/news/articles/c20ddnz4w5lo,10,It is aimed at putting pressure on Tehran by targeting two of the country's major money sources: oil revenue and the significant tolls Iran demanded from ships for passage through the critical waterway.
74,Trump hints Iran talks could resume this week as US port blockade continues,https://www.bbc.com/news/articles/c20ddnz4w5lo,11,"US Central Command (Centcom),  which has responsibility for US military activity in the Middle East and parts of Central Asia, said on Tuesday that six merchant vessels had ""complied with direction"" from American forces to turn around and return to Iranian ports."
74,Trump hints Iran talks could resume this week as US port blockade continues,https://www.bbc.com/news/articles/c20ddnz4w5lo,12,"In a statement on Wednesday, Adm Brad Cooper, Centcom commander, said: ""A blockade of Iranian ports has been fully implemented as US forces maintain maritime superiority in the Middle East."
74,Trump hints Iran talks could resume this week as US port blockade continues,https://www.bbc.com/news/articles/c20ddnz4w5lo,13,"""An estimated 90% of Iran's economy is fueled by international trade by sea."
74,Trump hints Iran talks could resume this week as US port blockade continues,https://www.bbc.com/news/articles/c20ddnz4w5lo,14,"In less than 36 hours since the blockade was implemented, US forces have completely halted economic trade going into and out of Iran by sea."""
74,Trump hints Iran talks could resume this week as US port blockade continues,https://www.bbc.com/news/articles/c20ddnz4w5lo,15,Ship-tracking data analysed by BBC Verify showed that at least four Iran-linked shipping vessels had crossed the Strait of Hormuz despite the blockade.
74,Trump hints Iran talks could resume this week as US port blockade continues,https://www.bbc.com/news/articles/c20ddnz4w5lo,16,At least two of the ships had previously been at Iranian ports.
74,Trump hints Iran talks could resume this week as US port blockade continues,https://www.bbc.com/news/articles/c20ddnz4w5lo,17,"A further three ships that were not linked to Iran were seen to have crossed the strait after the blockade started on Monday, BBC Verify found."
74,Trump hints Iran talks could resume this week as US port blockade continues,https://www.bbc.com/news/articles/c20ddnz4w5lo,18,"Initial high-level negotiations that took place in the Pakistani capital of Islamabad over the weekend failed to produce any deal, with the US saying that Iran hadn't agreed to its terms."
74,Trump hints Iran talks could resume this week as US port blockade continues,https://www.bbc.com/news/articles/c20ddnz4w5lo,19,Iran's nuclear ambitions were a key sticking point.
74,Trump hints Iran talks could resume this week as US port blockade continues,https://www.bbc.com/news/articles/c20ddnz4w5lo,20,"The US had proposed a 20-year suspension of all uranium enrichment by Iran, a US official told the BBC's US partner CBS News."
74,Trump hints Iran talks could resume this week as US port blockade continues,https://www.bbc.com/news/articles/c20ddnz4w5lo,21,"But Tehran had suggested a halt of five years, sources told other US media."
74,Trump hints Iran talks could resume this week as US port blockade continues,https://www.bbc.com/news/articles/c20ddnz4w5lo,22,"Vice-President JD Vance, who led the US negotiations in Islamabad, told a conservative political event on Tuesday that he believed Iran wanted a deal."
74,Trump hints Iran talks could resume this week as US port blockade continues,https://www.bbc.com/news/articles/c20ddnz4w5lo,23,"""There is a lot of, of course, mistrust between Iran and the United States of America,"" Vance told a Turning Point USA event in Georgia."
74,Trump hints Iran talks could resume this week as US port blockade continues,https://www.bbc.com/news/articles/c20ddnz4w5lo,24,"""You are not going to solve that problem overnight."""
74,Trump hints Iran talks could resume this week as US port blockade continues,https://www.bbc.com/news/articles/c20ddnz4w5lo,25,"As the International Monetary Fund (IMF) warned the war could plunge the global economy into recession, US Treasury Secretary Scott Bessent told the BBC that a ""small bit of economic pain"" is worthwhile for long-term international security."
74,Trump hints Iran talks could resume this week as US port blockade continues,https://www.bbc.com/news/articles/c20ddnz4w5lo,26,"But China described the blockade as ""dangerous and irresponsible"" and warned that it would only ""exacerbate tensions and undermine the already fragile ceasefire agreement""."
74,Trump hints Iran talks could resume this week as US port blockade continues,https://www.bbc.com/news/articles/c20ddnz4w5lo,27,"Meanwhile, Israel and Lebanon have agreed to launch direct negotiations after talks in Washington on Tuesday, stemming from Israeli airstrikes on its northern neighbour targeting the Iran-backed militant group Hezbollah."
74,Trump hints Iran talks could resume this week as US port blockade continues,https://www.bbc.com/news/articles/c20ddnz4w5lo,28,The meeting at the US state department marked the first direct talks between the two countries' officials since 1993.
74,Trump hints Iran talks could resume this week as US port blockade continues,https://www.bbc.com/news/articles/c20ddnz4w5lo,29,A US official stressed to the BBC that there was no link between the negotiations between the US and Iran in Islamabad and the Israel-Lebanon talks in Washington.
75,Air show faces concern over fuel price turbulence,https://www.bbc.com/news/articles/czx99d7yjw4o,1,The organiser of Jersey's international air show said it is facing turbulence over rising aircraft fuel costs caused by the conflict in the Middle East and uncertainty over the size of the government grant.
75,Air show faces concern over fuel price turbulence,https://www.bbc.com/news/articles/czx99d7yjw4o,2,"Mike Higgins said half of the planes have already been booked for the free show at the seafront at St Aubin's Bay but is waiting to see how big the ""essential"" government grant will be."
75,Air show faces concern over fuel price turbulence,https://www.bbc.com/news/articles/czx99d7yjw4o,3,"He said the show on Thursday 10 September costs £250,000 to put on and generates between £1.5m and £2m to the economy and is one of the busiest weeks for hotels."
75,Air show faces concern over fuel price turbulence,https://www.bbc.com/news/articles/czx99d7yjw4o,4,"Higgins said the Royal Air Force's aerobatic display Red Arrows want to come to Jersey and he hopes to ""be able to announce that shortly""."
75,Air show faces concern over fuel price turbulence,https://www.bbc.com/news/articles/czx99d7yjw4o,5,"""We are hoping for another meeting with the government,"" said Higgins."
75,Air show faces concern over fuel price turbulence,https://www.bbc.com/news/articles/czx99d7yjw4o,6,"He told BBC Jersey that fuel that the US war with Iran ""is having an impact"" with fuel costs between 20% and 25% higher than last year and aviation fuel ""is at a premium at the moment""."
75,Air show faces concern over fuel price turbulence,https://www.bbc.com/news/articles/czx99d7yjw4o,7,"""We are juggling constantly to see what we can put on,"" he added."
75,Air show faces concern over fuel price turbulence,https://www.bbc.com/news/articles/czx99d7yjw4o,8,"Higgins said: ""We are constantly looking at new ways of doing things like the lottery we used last year."""
75,Air show faces concern over fuel price turbulence,https://www.bbc.com/news/articles/czx99d7yjw4o,9,"Without government funding he said ""it would be smaller and it may not happen."
75,Air show faces concern over fuel price turbulence,https://www.bbc.com/news/articles/czx99d7yjw4o,10,"""I've booked half the aeroplanes for display, because I don't know what's happening next."
75,Air show faces concern over fuel price turbulence,https://www.bbc.com/news/articles/czx99d7yjw4o,11,"He added without government money ""we will have a display"" as he has secured sponsorship."
75,Air show faces concern over fuel price turbulence,https://www.bbc.com/news/articles/czx99d7yjw4o,12,"""I believe we can put on a basic air show, it may not be as exciting as some people wish."""
75,Air show faces concern over fuel price turbulence,https://www.bbc.com/news/articles/czx99d7yjw4o,13,"Higgins added: ""The event helps wellbeing, it's good for families, we've got a very high cost base in the island and a lot of people are suffering."
75,Air show faces concern over fuel price turbulence,https://www.bbc.com/news/articles/czx99d7yjw4o,14,"""It's one of those events that whole families can go and see, it's good from that point of view."""
75,Air show faces concern over fuel price turbulence,https://www.bbc.com/news/articles/czx99d7yjw4o,15,"In 2024 the public and additional sponsors donated £30,700 to help with costs."
75,Air show faces concern over fuel price turbulence,https://www.bbc.com/news/articles/czx99d7yjw4o,16,The government has been approached for comment.
75,Air show faces concern over fuel price turbulence,https://www.bbc.com/news/articles/czx99d7yjw4o,17,Follow BBC Jersey on X and Facebook .
75,Air show faces concern over fuel price turbulence,https://www.bbc.com/news/articles/czx99d7yjw4o,18,Send your story ideas to channel.islands@bbc.co.uk .
76,"US blockade of Iran ports irresponsible and dangerous, China says",https://www.bbc.com/news/articles/c78lleelxj4o,1,"China has called the US naval blockade of Iranian ports ""irresponsible and dangerous""."
76,"US blockade of Iran ports irresponsible and dangerous, China says",https://www.bbc.com/news/articles/c78lleelxj4o,2,"Beijing's foreign ministry said the move would ""undermine the already fragile ceasefire agreement"" and further jeopardise the safety of ships passing through the Strait of Hormuz, a critical waterway Iran effectively closed in response to US-Israeli strikes."
76,"US blockade of Iran ports irresponsible and dangerous, China says",https://www.bbc.com/news/articles/c78lleelxj4o,3,"The blockade came into force on Monday, a day after peace talks between the US and Iran broke down in Pakistan."
76,"US blockade of Iran ports irresponsible and dangerous, China says",https://www.bbc.com/news/articles/c78lleelxj4o,4,US President Donald Trump has said the measure is intended to force Iran to give up its nuclear ambitions.
76,"US blockade of Iran ports irresponsible and dangerous, China says",https://www.bbc.com/news/articles/c78lleelxj4o,5,Analysts say the move is also designed to pressure China - the biggest buyer of Iranian oil - to encourage Tehran to open the strait.
76,"US blockade of Iran ports irresponsible and dangerous, China says",https://www.bbc.com/news/articles/c78lleelxj4o,6,"Iran's ambassador to the UN has described the US blockade as a ""grave violation"" of Tehran's sovereignty."
76,"US blockade of Iran ports irresponsible and dangerous, China says",https://www.bbc.com/news/articles/c78lleelxj4o,7,"Up until now, Chinese vessels have been among the few managing to make their way through the strait."
76,"US blockade of Iran ports irresponsible and dangerous, China says",https://www.bbc.com/news/articles/c78lleelxj4o,8,It is not clear whether they had to pay a toll to Iran in order to do so.
76,"US blockade of Iran ports irresponsible and dangerous, China says",https://www.bbc.com/news/articles/c78lleelxj4o,9,The US blockade could potentially cut off China's supply and have far-reaching consequences for its economy.
76,"US blockade of Iran ports irresponsible and dangerous, China says",https://www.bbc.com/news/articles/c78lleelxj4o,10,"""China believes that only by achieving a comprehensive ceasefire and ending the war can we fundamentally create conditions for easing the situation in the strait,"" China's foreign ministry spokesman Guo Jiakun said."
76,"US blockade of Iran ports irresponsible and dangerous, China says",https://www.bbc.com/news/articles/c78lleelxj4o,11,"""China urges all parties to abide by the ceasefire arrangements, focus on the general direction of dialogue and peace talks, take practical actions to promote the easing of the regional situation, and restore normal traffic in the strait as soon as possible."""
76,"US blockade of Iran ports irresponsible and dangerous, China says",https://www.bbc.com/news/articles/c78lleelxj4o,12,"Guo also told a news conference on Tuesday that reports China was preparing to deliver new air defence systems to Iran were ""completely fabricated""."
76,"US blockade of Iran ports irresponsible and dangerous, China says",https://www.bbc.com/news/articles/c78lleelxj4o,13,Trump has threatened to impose a 50% tariff on China's goods if military assistance was provided to Tehran.
76,"US blockade of Iran ports irresponsible and dangerous, China says",https://www.bbc.com/news/articles/c78lleelxj4o,14,"""If the US insists on using this as an excuse to impose additional tariffs on China, China will definitely take resolute countermeasures,"" Guo said."
76,"US blockade of Iran ports irresponsible and dangerous, China says",https://www.bbc.com/news/articles/c78lleelxj4o,15,"It comes after US Vice-President JD Vance accused Iran of ""economic terrorism"" over its own blockade of the Strait of Hormuz - having attacked, and threatened to attack, vessels passing through since last month."
76,"US blockade of Iran ports irresponsible and dangerous, China says",https://www.bbc.com/news/articles/c78lleelxj4o,16,"""Well, as the president of the United States showed, two can play at that game,"" he told Fox News."
76,"US blockade of Iran ports irresponsible and dangerous, China says",https://www.bbc.com/news/articles/c78lleelxj4o,17,"""If the Iranians are going to try to engage in economic terrorism, we're going to abide by the simple principle that no Iranian ships are getting out, either."""
76,"US blockade of Iran ports irresponsible and dangerous, China says",https://www.bbc.com/news/articles/c78lleelxj4o,18,The US has said its military would not impede ships using the strait to go to and from non-Iranian ports.
76,"US blockade of Iran ports irresponsible and dangerous, China says",https://www.bbc.com/news/articles/c78lleelxj4o,19,"It is instead aiming to blockade Iran's Gulf ports by operating its navy in the Gulf of Oman and the Indian Ocean, rather than risk its vessels close to Iran's coast."
76,"US blockade of Iran ports irresponsible and dangerous, China says",https://www.bbc.com/news/articles/c78lleelxj4o,20,But shipping data analysed by BBC Verify shows that at least four Iran-linked ships crossed the strait on Tuesday.
76,"US blockade of Iran ports irresponsible and dangerous, China says",https://www.bbc.com/news/articles/c78lleelxj4o,21,"Meanwhile, oil prices fell back below $100 per barrel on Tuesday."
76,"US blockade of Iran ports irresponsible and dangerous, China says",https://www.bbc.com/news/articles/c78lleelxj4o,22,"A delicate and fragile ceasefire between the US and Iran remains in place, having been implemented on 8 April."
76,"US blockade of Iran ports irresponsible and dangerous, China says",https://www.bbc.com/news/articles/c78lleelxj4o,23,"Major points of contention between the two sides include the status of the Strait of Hormuz, and whether Lebanon is included in the agreement."
76,"US blockade of Iran ports irresponsible and dangerous, China says",https://www.bbc.com/news/articles/c78lleelxj4o,24,"Israel maintains that the truce applies only to Iran and has continued heavy strikes against Hezbollah, killing hundreds."
76,"US blockade of Iran ports irresponsible and dangerous, China says",https://www.bbc.com/news/articles/c78lleelxj4o,25,Direct talks between Lebanese and Israeli officials are set to be held in the US later - the first such negotiations in decades.
77,"Israelis war-weary but most oppose Iran ceasefire, poll suggests",https://www.bbc.com/news/articles/clyxgxyeqpgo,1,"Standing next to the blown-out windows and cracked walls of her apartment in Tel Aviv, Liat Zvi voices an exasperation many Israelis say they feel."
77,"Israelis war-weary but most oppose Iran ceasefire, poll suggests",https://www.bbc.com/news/articles/clyxgxyeqpgo,2,"""It's depressing… we've been in war for two and a half years and this just feels like another round,"" she sighs."
77,"Israelis war-weary but most oppose Iran ceasefire, poll suggests",https://www.bbc.com/news/articles/clyxgxyeqpgo,3,"Six weeks ago, her central neighbourhood was among the many locations where Tehran delivered its response to US-Israeli attacks."
77,"Israelis war-weary but most oppose Iran ceasefire, poll suggests",https://www.bbc.com/news/articles/clyxgxyeqpgo,4,"An Iranian missile evaded Israel's multi-tiered air defence and smashed into a residential building, killing 32-year-old carer Mary Anne Velasquez de Vera from the Philippines."
77,"Israelis war-weary but most oppose Iran ceasefire, poll suggests",https://www.bbc.com/news/articles/clyxgxyeqpgo,5,This was the first fatality in Israel during the war with Iran – a conflict that's currently on a precarious pause.
77,"Israelis war-weary but most oppose Iran ceasefire, poll suggests",https://www.bbc.com/news/articles/clyxgxyeqpgo,6,"Now, like many of her fellow Israelis, Zvi is asking herself what this conflict actually achieved for her country and is finding it hard to contemplate what happens next."
77,"Israelis war-weary but most oppose Iran ceasefire, poll suggests",https://www.bbc.com/news/articles/clyxgxyeqpgo,7,"""It's too much for me to look ahead - it's really hard."""
77,"Israelis war-weary but most oppose Iran ceasefire, poll suggests",https://www.bbc.com/news/articles/clyxgxyeqpgo,8,New polling by the Hebrew University of Jerusalem points to a war-weariness among Israelis.
77,"Israelis war-weary but most oppose Iran ceasefire, poll suggests",https://www.bbc.com/news/articles/clyxgxyeqpgo,9,But it also suggests two thirds oppose the current tentative truce between Washington and Tehran.
77,"Israelis war-weary but most oppose Iran ceasefire, poll suggests",https://www.bbc.com/news/articles/clyxgxyeqpgo,10,The vast majority surveyed said they believed neither Iran nor Hezbollah in Lebanon had been severely weakened by the recent US and Israeli bombardment.
77,"Israelis war-weary but most oppose Iran ceasefire, poll suggests",https://www.bbc.com/news/articles/clyxgxyeqpgo,11,"""Despair"" was the word a third of respondents chose when asked to describe their current emotion, followed by ""confusion"" and ""anger""."
77,"Israelis war-weary but most oppose Iran ceasefire, poll suggests",https://www.bbc.com/news/articles/clyxgxyeqpgo,12,"Removing Iran's ability to develop a nuclear weapon, destroying its ballistic missile capability, and securing regime change were three aims Prime Minister Benjamin Netanyahu cited at the start of the campaign."
77,"Israelis war-weary but most oppose Iran ceasefire, poll suggests",https://www.bbc.com/news/articles/clyxgxyeqpgo,13,"He has since spoken of ""huge achievements"" and insisted Israel continues to change the face of the Middle East."
77,"Israelis war-weary but most oppose Iran ceasefire, poll suggests",https://www.bbc.com/news/articles/clyxgxyeqpgo,14,But his opponents say he's failed to realise any of his war goals.
77,"Israelis war-weary but most oppose Iran ceasefire, poll suggests",https://www.bbc.com/news/articles/clyxgxyeqpgo,15,"Despite deep scepticism of the success of the military action, polling suggests the public is divided on whether Israel should continue to strike Iran."
77,"Israelis war-weary but most oppose Iran ceasefire, poll suggests",https://www.bbc.com/news/articles/clyxgxyeqpgo,16,Some 39.5% said attacks on Tehran must continue and 41.4% said the ceasefire should be respected.
77,"Israelis war-weary but most oppose Iran ceasefire, poll suggests",https://www.bbc.com/news/articles/clyxgxyeqpgo,17,"The pollsters say they spoke to 1,312 Israelis (1,084 Jews, 228 Arabs) on 9 and 10 April who are representative of the public."
77,"Israelis war-weary but most oppose Iran ceasefire, poll suggests",https://www.bbc.com/news/articles/clyxgxyeqpgo,18,"On the specific question of the ceasefire, less than a fifth of Arab respondents said Israel should resume striking Iran."
77,"Israelis war-weary but most oppose Iran ceasefire, poll suggests",https://www.bbc.com/news/articles/clyxgxyeqpgo,19,Polling throughout the war with Iran has reflected a split between Israel's Jewish majority and Arab minority.
77,"Israelis war-weary but most oppose Iran ceasefire, poll suggests",https://www.bbc.com/news/articles/clyxgxyeqpgo,20,"In a poll published at the start of the conflict by the Institute of National Security Studies (INSS), a majority of the Arab public (61%) said they wanted a ceasefire as soon as possible."
77,"Israelis war-weary but most oppose Iran ceasefire, poll suggests",https://www.bbc.com/news/articles/clyxgxyeqpgo,21,Another survey published mid-March by the Jewish People Policy Institute (JPPI)  showed 93% of Jews supporting the war on Iran compared to 26% of Arabs.
77,"Israelis war-weary but most oppose Iran ceasefire, poll suggests",https://www.bbc.com/news/articles/clyxgxyeqpgo,22,"""If we're not going to break sponsoring Iran's proxies [armed groups backed by Iran] around here then it's [the ceasefire] not worth anything,"" says Liat Zvi in her Tel Aviv home."
77,"Israelis war-weary but most oppose Iran ceasefire, poll suggests",https://www.bbc.com/news/articles/clyxgxyeqpgo,23,"""You need to come as strong to the table as you can."""
77,"Israelis war-weary but most oppose Iran ceasefire, poll suggests",https://www.bbc.com/news/articles/clyxgxyeqpgo,24,It's a message at odds with the hand-written sign on the clear plastic sheet taped across the empty doorframe of Zvi's blast-damaged balcony.
77,"Israelis war-weary but most oppose Iran ceasefire, poll suggests",https://www.bbc.com/news/articles/clyxgxyeqpgo,25,But when it comes to destroying the threat from Hezbollah it's a different matter.
77,"Israelis war-weary but most oppose Iran ceasefire, poll suggests",https://www.bbc.com/news/articles/clyxgxyeqpgo,26,Peace must wait.
77,"Israelis war-weary but most oppose Iran ceasefire, poll suggests",https://www.bbc.com/news/articles/clyxgxyeqpgo,27,"""I think the majority of Israelis don't want the Lebanon fighting to be over unless Hezbollah give up their arms,"" she says."
77,"Israelis war-weary but most oppose Iran ceasefire, poll suggests",https://www.bbc.com/news/articles/clyxgxyeqpgo,28,The Hebrew University of Jerusalem's poll suggests most Israelis agree that Lebanon should not be included in an Iran ceasefire.
77,"Israelis war-weary but most oppose Iran ceasefire, poll suggests",https://www.bbc.com/news/articles/clyxgxyeqpgo,29,"Israel, backed by the United States, has argued the fight with Hezbollah is a totally separate battle and the threat on the northern border must be eradicated."
77,"Israelis war-weary but most oppose Iran ceasefire, poll suggests",https://www.bbc.com/news/articles/clyxgxyeqpgo,30,"Pakistan, which brokered the deal, said Lebanon was included in it, as did Iran which has threatened to resume its own attacks if the Israeli military strikes continue there."
77,"Israelis war-weary but most oppose Iran ceasefire, poll suggests",https://www.bbc.com/news/articles/clyxgxyeqpgo,31,On Tuesday in Washington DC there are set to be direct talks at an ambassadorial level between Lebanon and Israel.
77,"Israelis war-weary but most oppose Iran ceasefire, poll suggests",https://www.bbc.com/news/articles/clyxgxyeqpgo,32,"Negotiations between these countries, which don't have formal diplomatic relations, is an achievement in itself, but few believe they will herald any sudden or significant breakthrough."
77,"Israelis war-weary but most oppose Iran ceasefire, poll suggests",https://www.bbc.com/news/articles/clyxgxyeqpgo,33,Netanyahu only agreed to the talks after reportedly being told by President Trump to dial down attacks on Lebanon following Israel's bombardment in the hours after the Iran ceasefire kicked in.
77,"Israelis war-weary but most oppose Iran ceasefire, poll suggests",https://www.bbc.com/news/articles/clyxgxyeqpgo,34,The Lebanese health ministry said more than 350 people - a third of them women and children - were killed in the air strikes last Wednesday.
77,"Israelis war-weary but most oppose Iran ceasefire, poll suggests",https://www.bbc.com/news/articles/clyxgxyeqpgo,35,"It says more than 2,000 people have been killed by Israeli air strikes since fighting renewed on 2 March after a Hezbollah attack on Israel."
77,"Israelis war-weary but most oppose Iran ceasefire, poll suggests",https://www.bbc.com/news/articles/clyxgxyeqpgo,36,"Twelve Israeli soldiers and two civilians have been killed by Hezbollah in the same period, Israeli authorities say."
77,"Israelis war-weary but most oppose Iran ceasefire, poll suggests",https://www.bbc.com/news/articles/clyxgxyeqpgo,37,Israelis vote in parliamentary elections later this year and some polls suggest Netanyahu's popularity has taken a hit because of the way the conflict with Tehran played out.
77,"Israelis war-weary but most oppose Iran ceasefire, poll suggests",https://www.bbc.com/news/articles/clyxgxyeqpgo,38,"The popularity of his rival, former prime minister Naftali Bennett, appears to have slightly increased."
77,"Israelis war-weary but most oppose Iran ceasefire, poll suggests",https://www.bbc.com/news/articles/clyxgxyeqpgo,39,"Polls have shown around 40% of voters saying they will stick with Netanyahu's coalition of nationalist and religious parties, while 40% are backing opposition parties."
77,"Israelis war-weary but most oppose Iran ceasefire, poll suggests",https://www.bbc.com/news/articles/clyxgxyeqpgo,40,"As for the composition of the 120 member Knesset (parliament), it's suggested Netanyahu's Likud party would remain the largest, but his coalition would fall short of a majority."
77,"Israelis war-weary but most oppose Iran ceasefire, poll suggests",https://www.bbc.com/news/articles/clyxgxyeqpgo,41,"If the government completes its full term, elections are likely to happen in September or October."
77,"Israelis war-weary but most oppose Iran ceasefire, poll suggests",https://www.bbc.com/news/articles/clyxgxyeqpgo,42,"But an event six months from now is hard to compute, bearing in mind how these recent tumultuous weeks have so rapidly destabilised the region and the even greater unpredictability they've ushered in."
78,The US blockade of Iran is a gamble. Will it work?,https://www.bbc.com/news/articles/ckgw8w7mzxgo,1,There's no doubt the US military has the capability to mount a blockade of vessels moving in and out of the Gulf.
78,The US blockade of Iran is a gamble. Will it work?,https://www.bbc.com/news/articles/ckgw8w7mzxgo,2,The question is: to what end?
78,The US blockade of Iran is a gamble. Will it work?,https://www.bbc.com/news/articles/ckgw8w7mzxgo,3,"""I do think it's doable,"" retired US Rear Admiral Mark Montgomery told the BBC this morning."
78,The US blockade of Iran is a gamble. Will it work?,https://www.bbc.com/news/articles/ckgw8w7mzxgo,4,"""And it's certainly less risky than the alternative, which would have been to forcibly push back the Iranians and create the conditions for a convoy."""
78,The US blockade of Iran is a gamble. Will it work?,https://www.bbc.com/news/articles/ckgw8w7mzxgo,5,Some of the options floated by President Trump in recent weeks – the seizure of Kharg Island or militarily escorting convoys through the Strait of Hormuz – would have proved hazardous and potentially costly.
78,The US blockade of Iran is a gamble. Will it work?,https://www.bbc.com/news/articles/ckgw8w7mzxgo,6,"US forces involved would have exposed themselves to attack from Iranian missiles, drones and fast boats."
78,The US blockade of Iran is a gamble. Will it work?,https://www.bbc.com/news/articles/ckgw8w7mzxgo,7,The possible presence of mines in the water would have added another layer of danger.
78,The US blockade of Iran is a gamble. Will it work?,https://www.bbc.com/news/articles/ckgw8w7mzxgo,8,"By contrast, a blockade allows US warships to loiter safely, far offshore in the waters of the Gulf of Oman, track vessels emerging from Iranian ports and interdict them at will."
78,The US blockade of Iran is a gamble. Will it work?,https://www.bbc.com/news/articles/ckgw8w7mzxgo,9,"""There's less risk in this than there is in the very confined area of the Strait,"" Admiral Montgomery said."
78,The US blockade of Iran is a gamble. Will it work?,https://www.bbc.com/news/articles/ckgw8w7mzxgo,10,"With special forces, helicopters and its own fast boats all available, the US navy has all the assets it needs for such an operation."
78,The US blockade of Iran is a gamble. Will it work?,https://www.bbc.com/news/articles/ckgw8w7mzxgo,11,Recent blockades of Venezuela and Cuba have demonstrated the capability.
78,The US blockade of Iran is a gamble. Will it work?,https://www.bbc.com/news/articles/ckgw8w7mzxgo,12,"In early January, the seizure of the Russian oil tanker, the Marinera, far out in the northern Atlantic, showed that such operations can be carried out almost anywhere."
78,The US blockade of Iran is a gamble. Will it work?,https://www.bbc.com/news/articles/ckgw8w7mzxgo,13,"US Central Command (Centcom) says the latest blockade ""will be enforced impartially against vessels of all nations entering or departing Iranian ports and coastal areas,"" but that vessels using non-Iranian ports will not be stopped."
78,The US blockade of Iran is a gamble. Will it work?,https://www.bbc.com/news/articles/ckgw8w7mzxgo,14,"Ships carrying humanitarian supplies, Centcom says, will be permitted, but ""subject to inspection."""
78,The US blockade of Iran is a gamble. Will it work?,https://www.bbc.com/news/articles/ckgw8w7mzxgo,15,The logic seems clear.
78,The US blockade of Iran is a gamble. Will it work?,https://www.bbc.com/news/articles/ckgw8w7mzxgo,16,"Since the war began, Iran has successfully continued to export its own petrochemicals through the Gulf, earning billions of dollars while preventing other Gulf countries from exporting their own hydrocarbons."
78,The US blockade of Iran is a gamble. Will it work?,https://www.bbc.com/news/articles/ckgw8w7mzxgo,17,"A successful US blockade could halt that flow, robbing the Iranian regime of badly needed revenue and weakening its economy still further."
78,The US blockade of Iran is a gamble. Will it work?,https://www.bbc.com/news/articles/ckgw8w7mzxgo,18,"But Iran, which has already shown enormous resilience in the face of more than a month of attacks by the US and Israel, may well feel that it can weather yet another storm."
78,The US blockade of Iran is a gamble. Will it work?,https://www.bbc.com/news/articles/ckgw8w7mzxgo,19,Especially as any fresh blockade is likely to push up oil prices still further.
78,The US blockade of Iran is a gamble. Will it work?,https://www.bbc.com/news/articles/ckgw8w7mzxgo,20,"""They believe they can outweigh this,"" David Satterfield, a former US special envoy for Middle East humanitarian affairs, told the BBC, ""that the US will feel pain from oil prices and that the Gulf states will pressure the US, ultimately, to get the Strait open again."""
78,The US blockade of Iran is a gamble. Will it work?,https://www.bbc.com/news/articles/ckgw8w7mzxgo,21,"Washington, he says, has failed to take account of Iran's steely determination."
78,The US blockade of Iran is a gamble. Will it work?,https://www.bbc.com/news/articles/ckgw8w7mzxgo,22,"""They think they've won,"" he said."
78,The US blockade of Iran is a gamble. Will it work?,https://www.bbc.com/news/articles/ckgw8w7mzxgo,23,"""The Iranians believe…that they can absorb more pain for a longer period than their opponents can."""
78,The US blockade of Iran is a gamble. Will it work?,https://www.bbc.com/news/articles/ckgw8w7mzxgo,24,Shipping experts are watching the trickle of vessels emerging from Iranian ports and passing through the Strait of Hormuz to see what impact the US blockade will have.
78,The US blockade of Iran is a gamble. Will it work?,https://www.bbc.com/news/articles/ckgw8w7mzxgo,25,"""I'm literally looking at ships that are going through now,"" says maritime intelligence analyst Michelle Wiese Bockmann."
78,The US blockade of Iran is a gamble. Will it work?,https://www.bbc.com/news/articles/ckgw8w7mzxgo,26,"""If I was a seafarer, I'd be very worried."""
78,The US blockade of Iran is a gamble. Will it work?,https://www.bbc.com/news/articles/ckgw8w7mzxgo,27,"""We saw a few U turns in the wake of Trump's original announcement last night,"" says Richard Meade, editor-in-chief of Lloyd's list."
78,The US blockade of Iran is a gamble. Will it work?,https://www.bbc.com/news/articles/ckgw8w7mzxgo,28,"According to Meade, the previous 48 hours saw the busiest period of traffic moving through the Strait of Hormuz since the war began at the end of February, with about 30 traceable transits (in other words, vessels sailing with their automatic identification equipment switched on)."
78,The US blockade of Iran is a gamble. Will it work?,https://www.bbc.com/news/articles/ckgw8w7mzxgo,29,"""It looked like a flurry of vessels trying to get out,"" he says."
78,The US blockade of Iran is a gamble. Will it work?,https://www.bbc.com/news/articles/ckgw8w7mzxgo,30,"With very little currently moving, it may be some time - if at all - before we see the US navy intercepting vessels sailing in or out of Iranian ports."
78,The US blockade of Iran is a gamble. Will it work?,https://www.bbc.com/news/articles/ckgw8w7mzxgo,31,"With a ceasefire still in place, the Iran war has for the time being morphed into a battle of two competing blockades, with the global economy caught in the middle."
78,The US blockade of Iran is a gamble. Will it work?,https://www.bbc.com/news/articles/ckgw8w7mzxgo,32,"With China reported to have played a role in persuading Iran to participate in this weekend's lengthy diplomatic discussions in Islamabad, Washington may be hoping that its latest move will translate into further pressure from Beijing."
78,The US blockade of Iran is a gamble. Will it work?,https://www.bbc.com/news/articles/ckgw8w7mzxgo,33,China is the world's largest importer of Iranian oil.
78,The US blockade of Iran is a gamble. Will it work?,https://www.bbc.com/news/articles/ckgw8w7mzxgo,34,"Despite holding vast strategic reserves, it can ill afford a protracted interruption in supply."
78,The US blockade of Iran is a gamble. Will it work?,https://www.bbc.com/news/articles/ckgw8w7mzxgo,35,Donald Trump's latest move is a gamble.
78,The US blockade of Iran is a gamble. Will it work?,https://www.bbc.com/news/articles/ckgw8w7mzxgo,36,Its impacts could soon be felt.
79,Iran carried out highest number of executions in decades,https://www.bbc.com/news/articles/cly9ggzy3ngo,1,"Iran executed at least 1,639 people last year, the highest number recorded there since 1989, two non-governmental organisations say."
79,Iran carried out highest number of executions in decades,https://www.bbc.com/news/articles/cly9ggzy3ngo,2,"The total represents an increase of 68% compared to 2024, when 975 executions were recorded, according to a report by Norway-based Iran Human Rights (IHR) and Paris-based Together Against the Death Penalty (EPCM) ."
79,Iran carried out highest number of executions in decades,https://www.bbc.com/news/articles/cly9ggzy3ngo,3,"Most of those hanged were convicted of drug-related offences or murder, they say."
79,Iran carried out highest number of executions in decades,https://www.bbc.com/news/articles/cly9ggzy3ngo,4,"But at least 57 were convicted of security-related charges, including two protesters."
79,Iran carried out highest number of executions in decades,https://www.bbc.com/news/articles/cly9ggzy3ngo,5,The NGOs warn that Iranian authorities could use executions even more extensively this year in the wake of January's protests and the war against the US and Israel.
79,Iran carried out highest number of executions in decades,https://www.bbc.com/news/articles/cly9ggzy3ngo,6,"Since the start of the conflict on 28 February, seven people have been executed in connection with the protests, when thousands of demonstrators were killed and tens of thousands detained during an unprecedented crackdown by security forces."
79,Iran carried out highest number of executions in decades,https://www.bbc.com/news/articles/cly9ggzy3ngo,7,"Six people convicted of membership of the exiled opposition group Mujahideen-e Khalq (MEK) have also been executed, along with one person convicted of spying for Israel."
79,Iran carried out highest number of executions in decades,https://www.bbc.com/news/articles/cly9ggzy3ngo,8,"Iran has long been the world's second most prolific executioner after China, where the exact number of people put to death remains a state secret but is believed by human rights activists to be in the thousands."
79,Iran carried out highest number of executions in decades,https://www.bbc.com/news/articles/cly9ggzy3ngo,9,"However, last year saw the highest number of recorded executions in the Islamic Republic for 36 years, with an average of four per day, according to the report by IHR and EPCM."
79,Iran carried out highest number of executions in decades,https://www.bbc.com/news/articles/cly9ggzy3ngo,10,"They say 795 of the 1,639 people hanged were convicted of drug-related offences, a 58% increase compared to 2024, and that 747 were convicted of murder, which was a 79% increase."
79,Iran carried out highest number of executions in decades,https://www.bbc.com/news/articles/cly9ggzy3ngo,11,Another 37 people were convicted of rape.
79,Iran carried out highest number of executions in decades,https://www.bbc.com/news/articles/cly9ggzy3ngo,12,"At least 48 women were executed, which was a 55% increase compared to 2024 and the highest number recorded in more than 20 years."
79,Iran carried out highest number of executions in decades,https://www.bbc.com/news/articles/cly9ggzy3ngo,13,The NGOs say ethnic minorities and other marginalised groups were disproportionately represented among those executed.
79,Iran carried out highest number of executions in decades,https://www.bbc.com/news/articles/cly9ggzy3ngo,14,"And just over half of the executions were based on sentences handed down by Revolutionary Courts after what the NGOs describe as ""grossly unfair trials and without due process""."
79,Iran carried out highest number of executions in decades,https://www.bbc.com/news/articles/cly9ggzy3ngo,15,"IHR and EPCM warn that, if the Islamic Republic ""survives the current crisis, there is a serious risk that executions will be used even more extensively as a tool of oppression and repression""."
79,Iran carried out highest number of executions in decades,https://www.bbc.com/news/articles/cly9ggzy3ngo,16,"At least 16 people sentenced to death in connection with the 2022 ""Woman, Life, Freedom"" protests remain at risk of execution, the NGOs say."
79,Iran carried out highest number of executions in decades,https://www.bbc.com/news/articles/cly9ggzy3ngo,17,"Twenty-seven others have been sentenced to death over the protests at the start of this year, while hundreds more are facing charges carrying the death penalty."
79,Iran carried out highest number of executions in decades,https://www.bbc.com/news/articles/cly9ggzy3ngo,18,"Raphaël Chenuil-Hazan, executive director of ECPM, said the question of abolishing the death penalty had to be ""at the heart"" of any talks between the US and Iran on ending their war, according to AFP news agency."
79,Iran carried out highest number of executions in decades,https://www.bbc.com/news/articles/cly9ggzy3ngo,19,"IHR director Mahmood Amiry-Moghaddam noted that there was ""no mention of the Iranian people's rights"" at the negotiations over the weekend, and said a death penalty moratorium and the release of all political prisoners should be ""demand number one""."
80,Starmer says UK will not join Trump's blockade of Iran's ports,https://www.bbc.com/news/articles/c393wxzw4yjo,1,"The UK will not be involved in enforcing the US military blockade of Iran, Sir Keir Starmer has said."
80,Starmer says UK will not join Trump's blockade of Iran's ports,https://www.bbc.com/news/articles/c393wxzw4yjo,2,UK minesweepers and anti-drone capabilities will continue operating in the region but British naval ships and soldiers will not be used to block Iranian ports.
80,Starmer says UK will not join Trump's blockade of Iran's ports,https://www.bbc.com/news/articles/c393wxzw4yjo,3,"Speaking to BBC 5 Live, the prime minister said he was focused on getting the vital shipping channel of the Strait of Hormuz reopened in order to reduce energy prices ""as quickly as possible""."
80,Starmer says UK will not join Trump's blockade of Iran's ports,https://www.bbc.com/news/articles/c393wxzw4yjo,4,The US announced its blockade after talks with Iran failed to secure a lasting peace deal to end hostilities in the Middle East.
80,Starmer says UK will not join Trump's blockade of Iran's ports,https://www.bbc.com/news/articles/c393wxzw4yjo,5,"Following a meeting between US and Iran negotiators in Pakistan's capital Islamabad, President Donald Trump said the US would start ""BLOCKADING any and all Ships trying to enter, or leave, the Strait of Hormuz""."
80,Starmer says UK will not join Trump's blockade of Iran's ports,https://www.bbc.com/news/articles/c393wxzw4yjo,6,"The US Central Command (Centcom) later confirmed its forces would enforce the blockade ""impartially"" on vessels leaving and entering Iranian ports, including those located in the Arabian Gulf and Gulf of Oman."
80,Starmer says UK will not join Trump's blockade of Iran's ports,https://www.bbc.com/news/articles/c393wxzw4yjo,7,"Centcom added that US forces would not impede the freedom of vessels transiting to and from non-Iranian ports, and that additional information would be provided to commercial mariners via a formal notice before the blockade starts."
80,Starmer says UK will not join Trump's blockade of Iran's ports,https://www.bbc.com/news/articles/c393wxzw4yjo,8,"Sir Keir, who has recently returned from a visit to the Gulf region, said he had been working with allies to ""keep the Strait open, not shut""."
80,Starmer says UK will not join Trump's blockade of Iran's ports,https://www.bbc.com/news/articles/c393wxzw4yjo,9,"""We're not supporting the blockade and all of the marshalling diplomatically, politically and capability... that's all focused, from our point of view, on getting the Strait fully open."""
80,Starmer says UK will not join Trump's blockade of Iran's ports,https://www.bbc.com/news/articles/c393wxzw4yjo,10,"He said the UK did have mine-sweeping capability but ""wouldn't go into operational matters""."
80,Starmer says UK will not join Trump's blockade of Iran's ports,https://www.bbc.com/news/articles/c393wxzw4yjo,11,Sir Keir has repeatedly ruled out direct UK military involvement in the conflict.
80,Starmer says UK will not join Trump's blockade of Iran's ports,https://www.bbc.com/news/articles/c393wxzw4yjo,12,"In his interview with the BBC, he said: ""My decision has been very clearly that whatever the pressure - and there's been some considerable pressure - we're not getting dragged into the war."
80,Starmer says UK will not join Trump's blockade of Iran's ports,https://www.bbc.com/news/articles/c393wxzw4yjo,13,"""That's not in our national interest, because I'm not going to act unless there's a clear, lawful basis and a clear thought-through plan."""
80,Starmer says UK will not join Trump's blockade of Iran's ports,https://www.bbc.com/news/articles/c393wxzw4yjo,14,"This week the UK and France will co-host a summit which Sir Keir said would ""advance work on a coordinated, independent, multinational plan to safeguard international shipping when the conflict ends""."
80,Starmer says UK will not join Trump's blockade of Iran's ports,https://www.bbc.com/news/articles/c393wxzw4yjo,15,"Trump has told Fox News that other countries would be involved in blockading the strait, but did not say which ones."
80,Starmer says UK will not join Trump's blockade of Iran's ports,https://www.bbc.com/news/articles/c393wxzw4yjo,16,"He added that Nato offered to help ""clean out"" the strait, adding that it would be free to use again ""in not too long a distance""."
80,Starmer says UK will not join Trump's blockade of Iran's ports,https://www.bbc.com/news/articles/c393wxzw4yjo,17,"Trump said the US would bring in minesweepers, and that the UK - a member of Nato - would too."
80,Starmer says UK will not join Trump's blockade of Iran's ports,https://www.bbc.com/news/articles/c393wxzw4yjo,18,"""I understand the UK and a couple of other countries are sending minesweepers,"" Trump said."
80,Starmer says UK will not join Trump's blockade of Iran's ports,https://www.bbc.com/news/articles/c393wxzw4yjo,19,"Around one-fifth of global oil and liquefied natural gas shipments pass through the Strait of Hormuz, with Iran effectively cutting off the waterway since US-Israeli strikes began on 28 February."
80,Starmer says UK will not join Trump's blockade of Iran's ports,https://www.bbc.com/news/articles/c393wxzw4yjo,20,Global benchmark Brent crude oil rose above $US100 a barrel following the blockade announcement.
80,Starmer says UK will not join Trump's blockade of Iran's ports,https://www.bbc.com/news/articles/c393wxzw4yjo,21,Before the conflict oil had been trading at about $71.
80,Starmer says UK will not join Trump's blockade of Iran's ports,https://www.bbc.com/news/articles/c393wxzw4yjo,22,"The government is due to increase fuel duty in September, however opposition parties have urged the prime minister to scrap the rise."
80,Starmer says UK will not join Trump's blockade of Iran's ports,https://www.bbc.com/news/articles/c393wxzw4yjo,23,"Sir Keir said it was being ""kept under review"" adding ""a lot will depend on what happens in the next few weeks""."
80,Starmer says UK will not join Trump's blockade of Iran's ports,https://www.bbc.com/news/articles/c393wxzw4yjo,24,"In an earlier call with French President Emmanuel Macron, Sir Keir underlined ""the need to work with a wide coalition of partners to protect freedom of navigation"" in the Strait of Hormuz""."
80,Starmer says UK will not join Trump's blockade of Iran's ports,https://www.bbc.com/news/articles/c393wxzw4yjo,25,"""We are urgently working with France and other partners to put together a wide coalition to protect freedom of navigation,"" a UK government spokesperson said."
80,Starmer says UK will not join Trump's blockade of Iran's ports,https://www.bbc.com/news/articles/c393wxzw4yjo,26,"The spokesperson added that ships crossing through the Strait of Hormuz ""must not be subject to tolling"", after reports emerged that Iran has started demanding $2m (£1.5m) in transit fees for tankers passing through the Strait."
80,Starmer says UK will not join Trump's blockade of Iran's ports,https://www.bbc.com/news/articles/c393wxzw4yjo,27,"While the UK was not involved in the US-Iran talks in Pakistan, Sir Keir warned against ""further escalation"" in the Middle East after two sides failed to reach an agreement."
80,Starmer says UK will not join Trump's blockade of Iran's ports,https://www.bbc.com/news/articles/c393wxzw4yjo,28,Chancellor Rachel Reeves plans to travel to Washington this week for the International Monetary Fund (IMF) meeting to advocate for re-opening the Hormuz shipping channel.
80,Starmer says UK will not join Trump's blockade of Iran's ports,https://www.bbc.com/news/articles/c393wxzw4yjo,29,Sign up for our Politics Essential newsletter to keep up with the inner workings of Westminster and beyond.
81,Trump's blockade threat raises risks and leaves predicaments unchanged,https://www.bbc.com/news/articles/c8dl5mly2rzo,1,"After a diplomatic team led by US Vice-President JD Vance tried, and failed, to reach a negotiated agreement to end the war with Iran on Saturday, President Donald Trump had to decide his next move."
81,Trump's blockade threat raises risks and leaves predicaments unchanged,https://www.bbc.com/news/articles/c8dl5mly2rzo,2,"That came on Sunday morning, in a series of Truth Social posts."
81,Trump's blockade threat raises risks and leaves predicaments unchanged,https://www.bbc.com/news/articles/c8dl5mly2rzo,3,"The US will impose a naval blockade of Iran, he wrote."
81,Trump's blockade threat raises risks and leaves predicaments unchanged,https://www.bbc.com/news/articles/c8dl5mly2rzo,4,"""No one who pays an illegal toll will have safe passage on the high seas,"" he wrote."
81,Trump's blockade threat raises risks and leaves predicaments unchanged,https://www.bbc.com/news/articles/c8dl5mly2rzo,5,He also said that the US would continue clearing mines from the Strait of Hormuz to ensure a safe passage for allied shipping.
81,Trump's blockade threat raises risks and leaves predicaments unchanged,https://www.bbc.com/news/articles/c8dl5mly2rzo,6,"The US military, he added, was ""locked and loaded"" and prepared to resume attacks against Iran at an ""appropriate moment""."
81,Trump's blockade threat raises risks and leaves predicaments unchanged,https://www.bbc.com/news/articles/c8dl5mly2rzo,7,"He went on to say that while progress had been made in the 20-hour negotiations in Islamabad, Iran would not meet the US demand that it abandon its nuclear ambitions."
81,Trump's blockade threat raises risks and leaves predicaments unchanged,https://www.bbc.com/news/articles/c8dl5mly2rzo,8,"That view was contradicted somewhat by a US official familiar with Vance's negotiations, who spelled out a much longer list of disagreements – including on Iran's control of Hormuz and its support for regional proxies, like the Houthi rebels in Yemen and Hezbollah in Lebanon."
81,Trump's blockade threat raises risks and leaves predicaments unchanged,https://www.bbc.com/news/articles/c8dl5mly2rzo,9,"While Trump's latest posts didn't have the apocalyptic bluster of last week's threat to end Iranian civilisation, they pose a number of new challenges – and risks – for the American side."
81,Trump's blockade threat raises risks and leaves predicaments unchanged,https://www.bbc.com/news/articles/c8dl5mly2rzo,10,Will mine-clearing activities place American naval vessels at greater risk of Iranian attacks?
81,Trump's blockade threat raises risks and leaves predicaments unchanged,https://www.bbc.com/news/articles/c8dl5mly2rzo,11,How would the US determine who paid Iran a toll?
81,Trump's blockade threat raises risks and leaves predicaments unchanged,https://www.bbc.com/news/articles/c8dl5mly2rzo,12,Will the US use force on foreign-flagged ships that ignore the blockade?
81,Trump's blockade threat raises risks and leaves predicaments unchanged,https://www.bbc.com/news/articles/c8dl5mly2rzo,13,"How will nations that depend on Iranian oil, like China, respond?"
81,Trump's blockade threat raises risks and leaves predicaments unchanged,https://www.bbc.com/news/articles/c8dl5mly2rzo,14,"Will the move, intended to choke off Iran's primary income stream, drive the price of oil to even higher levels?"
81,Trump's blockade threat raises risks and leaves predicaments unchanged,https://www.bbc.com/news/articles/c8dl5mly2rzo,15,"Later on Sunday, the US military Central Command announced that the naval blockade would stop all ships travelling to or from Iranian ports – a different set of conditions than in Trump's earlier proposed action."
81,Trump's blockade threat raises risks and leaves predicaments unchanged,https://www.bbc.com/news/articles/c8dl5mly2rzo,16,"""I don't understand how blockading the strait is going to somehow push the Iranians into opening it,"" Senator Mark Warner of Virginia, the ranking Democrat on the Senate Intelligence Committee, told CNN on Sunday."
81,Trump's blockade threat raises risks and leaves predicaments unchanged,https://www.bbc.com/news/articles/c8dl5mly2rzo,17,"On CBS' Face the Nation programme, Republican congressman Mike Turner of Ohio, who until last year chaired the House Intelligence Committee, said the blockade was a means to force a resolution to the situation in Hormuz."
81,Trump's blockade threat raises risks and leaves predicaments unchanged,https://www.bbc.com/news/articles/c8dl5mly2rzo,18,"""The president, by saying we're not just going to let them decide who gets through, is certainly calling all of our allies and everyone to the table,"" he said."
81,Trump's blockade threat raises risks and leaves predicaments unchanged,https://www.bbc.com/news/articles/c8dl5mly2rzo,19,"""This needs to be addressed."""
81,Trump's blockade threat raises risks and leaves predicaments unchanged,https://www.bbc.com/news/articles/c8dl5mly2rzo,20,"Last week, before Iran and the US agreed to a two-week ceasefire and face-to-face negotiations, Trump had found himself in a difficult situation."
81,Trump's blockade threat raises risks and leaves predicaments unchanged,https://www.bbc.com/news/articles/c8dl5mly2rzo,21,"He could continue to ratchet up the US attacks on Iran, possibly doing long-term damage to the nation's civilian infrastructure, adding to a humanitarian crisis and further destablising the global economy."
81,Trump's blockade threat raises risks and leaves predicaments unchanged,https://www.bbc.com/news/articles/c8dl5mly2rzo,22,"Or, he could back away from a war that has always been unpopular among the American public and is beginning to frustrate even some of Trump's supporters, who believed his promises to avoid extended foreign conflicts and Middle East entanglements."
81,Trump's blockade threat raises risks and leaves predicaments unchanged,https://www.bbc.com/news/articles/c8dl5mly2rzo,23,A new CBS poll suggests that most Americans (59%) feel the war is going somewhat or very badly for the US.
81,Trump's blockade threat raises risks and leaves predicaments unchanged,https://www.bbc.com/news/articles/c8dl5mly2rzo,24,"Many believe the key US objectives - such as keeping open the Strait of Hormuz, securing greater freedom for the Iranian people and permanently ending Iran's nuclear programme - remain unmet."
81,Trump's blockade threat raises risks and leaves predicaments unchanged,https://www.bbc.com/news/articles/c8dl5mly2rzo,25,Overwhelming bipartisan majorities feel it's important for the US to achieve these goals.
81,Trump's blockade threat raises risks and leaves predicaments unchanged,https://www.bbc.com/news/articles/c8dl5mly2rzo,26,"Nearly a week has passed and, despite American claims of victory, the predicaments facing the president have not changed."
81,Trump's blockade threat raises risks and leaves predicaments unchanged,https://www.bbc.com/news/articles/c8dl5mly2rzo,27,"Trump told Fox News on Sunday morning that Iran would ultimately give the US ""everything"" it wants."
81,Trump's blockade threat raises risks and leaves predicaments unchanged,https://www.bbc.com/news/articles/c8dl5mly2rzo,28,"He added that while oil prices might be the same or higher in the months ahead, he believed the US economy would hold up."
81,Trump's blockade threat raises risks and leaves predicaments unchanged,https://www.bbc.com/news/articles/c8dl5mly2rzo,29,"And with November's midterm elections looming, the president's Republican Party could pay dearly at the polls if he is wrong."
81,Trump's blockade threat raises risks and leaves predicaments unchanged,https://www.bbc.com/news/articles/c8dl5mly2rzo,30,"On Saturday night, as his vice-president was negotiating with the Iranians in Pakistan, Trump travelled to Miami, where he watched prize fighters batter each other in UFC cage matches."
81,Trump's blockade threat raises risks and leaves predicaments unchanged,https://www.bbc.com/news/articles/c8dl5mly2rzo,31,"It was, according to members of the press pool in attendance, a bizarre spectacle."
81,Trump's blockade threat raises risks and leaves predicaments unchanged,https://www.bbc.com/news/articles/c8dl5mly2rzo,32,"The president of the United States observed violent contests in a blood-spattered ring, chatted to celebrities and, at times, engaged in intense discussions with his Secretary of State Marco Rubio and other advisers, in full view of the thousands of attendees."
81,Trump's blockade threat raises risks and leaves predicaments unchanged,https://www.bbc.com/news/articles/c8dl5mly2rzo,33,"Ultimate fighting cage matches, despite their ferocity, have set rules and time limits, and end with a clear winner and loser."
81,Trump's blockade threat raises risks and leaves predicaments unchanged,https://www.bbc.com/news/articles/c8dl5mly2rzo,34,"It's the kind of clarity that the Iran war may never provide, as it stretches into its second month and the current two-week ceasefire appears on the verge of collapse."
81,Trump's blockade threat raises risks and leaves predicaments unchanged,https://www.bbc.com/news/articles/c8dl5mly2rzo,35,The conflict has become a test of wills – of Iran's ability to endure continued US and Israeli attacks versus Trump's tolerance for the economic and political pain the war has produced.
81,Trump's blockade threat raises risks and leaves predicaments unchanged,https://www.bbc.com/news/articles/c8dl5mly2rzo,36,"In the end, all the participants in this fight might be diminished."
81,Trump's blockade threat raises risks and leaves predicaments unchanged,https://www.bbc.com/news/articles/c8dl5mly2rzo,37,Follow the twists and turns of Trump's second term with North America correspondent Anthony Zurcher's weekly US Politics Unspun newsletter.
81,Trump's blockade threat raises risks and leaves predicaments unchanged,https://www.bbc.com/news/articles/c8dl5mly2rzo,38,Readers in the UK can sign up here .
81,Trump's blockade threat raises risks and leaves predicaments unchanged,https://www.bbc.com/news/articles/c8dl5mly2rzo,39,Those outside the UK can sign up here .
82,Twenty-one hours of back and forth leave US and Iran far apart,https://www.bbc.com/news/articles/c5y7k4y0veyo,1,US Vice-President JD Vance remained tight-lipped as he returned from Islamabad on Sunday without a major breakthrough in high-stakes talks to end the war in Iran.
82,Twenty-one hours of back and forth leave US and Iran far apart,https://www.bbc.com/news/articles/c5y7k4y0veyo,2,"It was unclear how much, if any, progress was made in the highest-level diplomatic negotiations between the US and Iran in decades."
82,Twenty-one hours of back and forth leave US and Iran far apart,https://www.bbc.com/news/articles/c5y7k4y0veyo,3,"After 21 hours of back and forth in the Pakistani capital, Washington and Tehran remain far apart on key sticking points, including Iran's nuclear programme."
82,Twenty-one hours of back and forth leave US and Iran far apart,https://www.bbc.com/news/articles/c5y7k4y0veyo,4,"The two sides did not reach an agreement on what to do with the regime's enriched uranium, said a US official, who offered new details on the talks on the condition of anonymity."
82,Twenty-one hours of back and forth leave US and Iran far apart,https://www.bbc.com/news/articles/c5y7k4y0veyo,5,"Other unresolved issues include reopening the Strait of Hormuz without toll charges, a top priority for President Donald Trump, and securing a commitment from Iran to stop funding proxy groups like Hezbollah and Hamas, the US official said."
82,Twenty-one hours of back and forth leave US and Iran far apart,https://www.bbc.com/news/articles/c5y7k4y0veyo,6,"Vance gave Tehran a final offer in the talks on Saturday, the US official said, without specifying details."
82,Twenty-one hours of back and forth leave US and Iran far apart,https://www.bbc.com/news/articles/c5y7k4y0veyo,7,"The meeting apparently wasn't entirely fruitless, however."
82,Twenty-one hours of back and forth leave US and Iran far apart,https://www.bbc.com/news/articles/c5y7k4y0veyo,8,"The talks were tough but friendly and the two sides exchanged productive proposals, according to the US official."
82,Twenty-one hours of back and forth leave US and Iran far apart,https://www.bbc.com/news/articles/c5y7k4y0veyo,9,"Vance left Islamabad convinced that Iran was overplaying its hand, but still hopeful that a deal could be reached, said the US official."
82,Twenty-one hours of back and forth leave US and Iran far apart,https://www.bbc.com/news/articles/c5y7k4y0veyo,10,"Iranian President Masoud Pezeshkian said an agreement with the US ""will certainly be found"" if ""the American government abandons its totalitarianism and respects the rights of the Iranian nation""."
82,Twenty-one hours of back and forth leave US and Iran far apart,https://www.bbc.com/news/articles/c5y7k4y0veyo,11,Trump made his displeasure with the lack of progress clear on Sunday.
82,Twenty-one hours of back and forth leave US and Iran far apart,https://www.bbc.com/news/articles/c5y7k4y0veyo,12,"The president said in social media posts on Sunday that the US would blockade the strait ""effective immediately"" to pressure Iran to reach a deal."
82,Twenty-one hours of back and forth leave US and Iran far apart,https://www.bbc.com/news/articles/c5y7k4y0veyo,13,The US military said it would stop all maritime traffic entering and exiting Iranian ports from Monday morning.
82,Twenty-one hours of back and forth leave US and Iran far apart,https://www.bbc.com/news/articles/c5y7k4y0veyo,14,"Iran and the US agreed to a temporary two-week ceasefire last week, although Trump said in his latest Truth Social posts that ""at an appropriate moment, we are fully 'LOCKED AND LOADED,' and our Military will finish up the little that is left of Iran""."
82,Twenty-one hours of back and forth leave US and Iran far apart,https://www.bbc.com/news/articles/c5y7k4y0veyo,15,"Mohammad Bagher Ghalibaf, the speaker of Iran's parliament who led Tehran's delegation in Islamabad, sounded unfazed by Trump's sabre-rattling in a statement upon his return home."
82,Twenty-one hours of back and forth leave US and Iran far apart,https://www.bbc.com/news/articles/c5y7k4y0veyo,16,"According to reports by Iranian outlets, Ghalibaf addressed the US president, saying that ""if you fight, we will fight, if you come forward with logic, we will respond with logic""."
82,Twenty-one hours of back and forth leave US and Iran far apart,https://www.bbc.com/news/articles/c5y7k4y0veyo,17,"""We will not submit to any threat,"" he added."
82,Twenty-one hours of back and forth leave US and Iran far apart,https://www.bbc.com/news/articles/c5y7k4y0veyo,18,"""If they test our resolve once more, we will teach them an even greater lesson."""
82,Twenty-one hours of back and forth leave US and Iran far apart,https://www.bbc.com/news/articles/c5y7k4y0veyo,19,The rhetoric underscores the massive gap between the two sides and the many remaining obstacles to reaching a full deal to end the war.
82,Twenty-one hours of back and forth leave US and Iran far apart,https://www.bbc.com/news/articles/c5y7k4y0veyo,20,"The negotiations represented a major test for 41-year-old Vance, who was picked by Trump to lead a US team that included special envoy Steve Witkoff and the president's son-in-law, Jared Kushner."
82,Twenty-one hours of back and forth leave US and Iran far apart,https://www.bbc.com/news/articles/c5y7k4y0veyo,21,Vance landed in Islamabad on Friday tasked with finding a way to wind down what has become the biggest foreign policy crisis of Trump's second term.
82,Twenty-one hours of back and forth leave US and Iran far apart,https://www.bbc.com/news/articles/c5y7k4y0veyo,22,The now six-week war has engulfed the Middle East and sent global oil prices soaring.
82,Twenty-one hours of back and forth leave US and Iran far apart,https://www.bbc.com/news/articles/c5y7k4y0veyo,23,"It was a difficult mission for Vance, negotiating on behalf of a president who has offered mixed messaging on the war from the start."
82,Twenty-one hours of back and forth leave US and Iran far apart,https://www.bbc.com/news/articles/c5y7k4y0veyo,24,Trump joked in early April that he would blame the vice-president if talks fell through and take the credit if both sides struck a deal to end the war.
82,Twenty-one hours of back and forth leave US and Iran far apart,https://www.bbc.com/news/articles/c5y7k4y0veyo,25,"While Vance has backed the war in public, he has reportedly expressed scepticism of the military campaign in private meetings with Trump."
82,Twenty-one hours of back and forth leave US and Iran far apart,https://www.bbc.com/news/articles/c5y7k4y0veyo,26,"The vice-president has in the past positioned himself as an anti-interventionist, a view broadly popular with Trump's core Maga base."
82,Twenty-one hours of back and forth leave US and Iran far apart,https://www.bbc.com/news/articles/c5y7k4y0veyo,27,The talks were watched closely for signs of how Vance might handle foreign policy in a potential 2028 run for the White House.
82,Twenty-one hours of back and forth leave US and Iran far apart,https://www.bbc.com/news/articles/c5y7k4y0veyo,28,"While Vance was leading the talks in Islamabad, Trump watched a UFC fight in Miami, Florida, alongside Secretary of State Marco Rubio, another rumoured 2028 contender and possible Vance rival."
82,Twenty-one hours of back and forth leave US and Iran far apart,https://www.bbc.com/news/articles/c5y7k4y0veyo,29,"And a breakthrough seems as elusive as ever, with the two-week truce deadline looming this month."
82,Twenty-one hours of back and forth leave US and Iran far apart,https://www.bbc.com/news/articles/c5y7k4y0veyo,30,Follow the twists and turns of Trump's second term with North America correspondent Anthony Zurcher's weekly US Politics Unspun newsletter.
82,Twenty-one hours of back and forth leave US and Iran far apart,https://www.bbc.com/news/articles/c5y7k4y0veyo,31,Readers in the UK can sign up here .
82,Twenty-one hours of back and forth leave US and Iran far apart,https://www.bbc.com/news/articles/c5y7k4y0veyo,32,Those outside the UK can sign up here .
83,"After Iran talks falter, the big question is what happens next?",https://www.bbc.com/news/articles/c5y943x2g8qo,1,Twenty-one hours was not enough to end 47 years of hostility between Iran and the US.
83,"After Iran talks falter, the big question is what happens next?",https://www.bbc.com/news/articles/c5y943x2g8qo,2,"The historic high-level talks in Islamabad, during a pause in weeks of grievous war, were always unlikely to end any other way."
83,"After Iran talks falter, the big question is what happens next?",https://www.bbc.com/news/articles/c5y943x2g8qo,3,"Calling this marathon negotiating session a failure belies the scale of the challenge in narrowing wide gaps on complex issues ranging from age-old suspicion about Iran's nuclear programme to new challenges this war has thrown up - most of all Iran's control of the strategic Strait of Hormuz, whose closure is causing economic shocks worldwide."
83,"After Iran talks falter, the big question is what happens next?",https://www.bbc.com/news/articles/c5y943x2g8qo,4,"To do a deal, they also needed to overcome a deep chasm of distrust."
83,"After Iran talks falter, the big question is what happens next?",https://www.bbc.com/news/articles/c5y943x2g8qo,5,"A day ago, it wasn't even certain the two sides would meet, and even more, sit down in the same room."
83,"After Iran talks falter, the big question is what happens next?",https://www.bbc.com/news/articles/c5y943x2g8qo,6,A longstanding political taboo was broken.
83,"After Iran talks falter, the big question is what happens next?",https://www.bbc.com/news/articles/c5y943x2g8qo,7,The urgent question now is: what happens next?
83,"After Iran talks falter, the big question is what happens next?",https://www.bbc.com/news/articles/c5y943x2g8qo,8,"What happens to the contested two-week ceasefire which pulled the world back from US President Donald Trump's alarming threat to destroy a ""whole civilisation"" in Iran?"
83,"After Iran talks falter, the big question is what happens next?",https://www.bbc.com/news/articles/c5y943x2g8qo,9,Would the US president be ready to send his negotiators back to the bargaining table?
83,"After Iran talks falter, the big question is what happens next?",https://www.bbc.com/news/articles/c5y943x2g8qo,10,"We're hearing reports from sources here in Islamabad that some conversations have continued after US Vice-President JD Vance boarded his plane at sunrise, declaring the US delegation had made their ""final and best offer""."
83,"After Iran talks falter, the big question is what happens next?",https://www.bbc.com/news/articles/c5y943x2g8qo,11,We still don't know enough about what happened behind tightly closed doors in a five-star hotel in leafy locked-down Islamabad during talks that went on long into the night.
83,"After Iran talks falter, the big question is what happens next?",https://www.bbc.com/news/articles/c5y943x2g8qo,12,"There are still few details on the disputes and discussion between the two sides, assisted by Pakistani mediators, the calls to and from experts, advisers, and, according to Vance, ""dozens"" of calls to Trump himself."
83,"After Iran talks falter, the big question is what happens next?",https://www.bbc.com/news/articles/c5y943x2g8qo,13,"The vice-president spoke of the ""core goal"" of the US during his brief dawn news conference."
83,"After Iran talks falter, the big question is what happens next?",https://www.bbc.com/news/articles/c5y943x2g8qo,14,"""We need to see an affirmative commitment that [Iran] will not seek a nuclear weapon and they will not seek the tools that would enable them to quickly achieve a nuclear weapon,"" he said."
83,"After Iran talks falter, the big question is what happens next?",https://www.bbc.com/news/articles/c5y943x2g8qo,15,"During the last round of talks in February, before military strikes were unleashed again, Iran had offered new concessions including the dilution of its 440kg stockpile of uranium enriched to 60% - dangerously close to weapons-grade."
83,"After Iran talks falter, the big question is what happens next?",https://www.bbc.com/news/articles/c5y943x2g8qo,16,"But it still insists on its ""right"" to enrich and hasn't been willing to give up that stockpile, now said to be buried deep in the rubble after US and Israeli air strikes last year."
83,"After Iran talks falter, the big question is what happens next?",https://www.bbc.com/news/articles/c5y943x2g8qo,17,"It's also refused repeated demands to open the Strait of Hormuz - to allow the free flow of vital traffic in oil, gas and other essential goods - in the absence of a new agreement."
83,"After Iran talks falter, the big question is what happens next?",https://www.bbc.com/news/articles/c5y943x2g8qo,18,Both the US and the Iranian delegations came to Islamabad emboldened by their belief that theirs was the winning side in this war.
83,"After Iran talks falter, the big question is what happens next?",https://www.bbc.com/news/articles/c5y943x2g8qo,19,"And they engaged knowing that, if they failed, there was the option to keep fighting – whatever the spiralling pain for their own people and a world reeling from the cost of this conflagration."
83,"After Iran talks falter, the big question is what happens next?",https://www.bbc.com/news/articles/c5y943x2g8qo,20,"There was also what Dr Sanam Vakil of Chatham House describes as a ""limited psychological understanding of the adversary and what compromises are needed for a real deal""."
83,"After Iran talks falter, the big question is what happens next?",https://www.bbc.com/news/articles/c5y943x2g8qo,21,"Vance spoke of good news – ""we've had a number of substantive negotiations"" - and there was bad news: ""We have not reached an agreement."""
83,"After Iran talks falter, the big question is what happens next?",https://www.bbc.com/news/articles/c5y943x2g8qo,22,"And he made it clear that was ""bad news for Iran much more than the United States of America""."
83,"After Iran talks falter, the big question is what happens next?",https://www.bbc.com/news/articles/c5y943x2g8qo,23,"Iran's foreign ministry spokesman Esmail Baghaei criticised the US's ""excessive demands and unlawful requests"" in a post on X."
83,"After Iran talks falter, the big question is what happens next?",https://www.bbc.com/news/articles/c5y943x2g8qo,24,"And its parliamentary speaker Mohammad Bagher Ghalibaf, who led Iran's negotiating team, wrote that ""the opposing side ultimately failed to gain the trust of the Iranian delegation in this round of negotiations""."
83,"After Iran talks falter, the big question is what happens next?",https://www.bbc.com/news/articles/c5y943x2g8qo,25,Iran is indicating it's ready to keep talking.
83,"After Iran talks falter, the big question is what happens next?",https://www.bbc.com/news/articles/c5y943x2g8qo,26,Pakistan's Foreign Minister Ishaq Dar urged all sides to uphold the fragile ceasefire and said they would continue their efforts to encourage dialogue - sentiments being echoed in other concerned capitals.
83,"After Iran talks falter, the big question is what happens next?",https://www.bbc.com/news/articles/c5y943x2g8qo,27,"If history provides any lessons, the last time Iran reached a nuclear deal with the US and other world powers in 2015, it took 18 months of breakthroughs and breakdowns."
83,"After Iran talks falter, the big question is what happens next?",https://www.bbc.com/news/articles/c5y943x2g8qo,28,Trump has made it clear he doesn't want to get bogged down in protracted negotiations.
83,"After Iran talks falter, the big question is what happens next?",https://www.bbc.com/news/articles/c5y943x2g8qo,29,"Vance previously warned that the US would not be receptive if Tehran tried to ""play us""."
83,"After Iran talks falter, the big question is what happens next?",https://www.bbc.com/news/articles/c5y943x2g8qo,30,"Pakistani journalist Kamran Yousef - in a legion of journalists who pulled all-nighters to provide non-stop coverage with very few details - declared that this round was one of ""no breakthrough but no breakdown either""."
83,"After Iran talks falter, the big question is what happens next?",https://www.bbc.com/news/articles/c5y943x2g8qo,31,You can also get in touch by following this link
84,We spoke to the man making viral Lego-style AI videos for Iran. Experts say it's powerful propaganda,https://www.bbc.com/news/articles/cjd8jrd1vnyo,1,"At first glance they look like they could be scenes out of a Lego movie, although more vivid and fast-paced."
84,We spoke to the man making viral Lego-style AI videos for Iran. Experts say it's powerful propaganda,https://www.bbc.com/news/articles/cjd8jrd1vnyo,2,"But these viral AI videos inspired by the instantly recognisable Lego aesthetic feature dying children, fighter jets and US President Donald Trump - and are in fact pro-Iran propaganda."
84,We spoke to the man making viral Lego-style AI videos for Iran. Experts say it's powerful propaganda,https://www.bbc.com/news/articles/cjd8jrd1vnyo,3,"For our new BBC podcast, Top Comment , we spoke to a representative of Explosive Media, one of the key accounts generating these clips."
84,We spoke to the man making viral Lego-style AI videos for Iran. Experts say it's powerful propaganda,https://www.bbc.com/news/articles/cjd8jrd1vnyo,4,He wanted us to refer to him as Mr Explosive.
84,We spoke to the man making viral Lego-style AI videos for Iran. Experts say it's powerful propaganda,https://www.bbc.com/news/articles/cjd8jrd1vnyo,5,He's a savvy social media operator who initially denies working for the Iranian government.
84,We spoke to the man making viral Lego-style AI videos for Iran. Experts say it's powerful propaganda,https://www.bbc.com/news/articles/cjd8jrd1vnyo,6,"In previous interviews the outlet has said it is ""totally independent""."
84,We spoke to the man making viral Lego-style AI videos for Iran. Experts say it's powerful propaganda,https://www.bbc.com/news/articles/cjd8jrd1vnyo,7,"But upon further questioning, Mr Explosive admits the regime is a ""customer"" - something he's never before confirmed publicly."
84,We spoke to the man making viral Lego-style AI videos for Iran. Experts say it's powerful propaganda,https://www.bbc.com/news/articles/cjd8jrd1vnyo,8,The overriding message of these videos is that Iran is resisting what it sees as an almighty global oppressor: the United States.
84,We spoke to the man making viral Lego-style AI videos for Iran. Experts say it's powerful propaganda,https://www.bbc.com/news/articles/cjd8jrd1vnyo,9,The clips are garish and not subtle at all - but that hasn't put a dent in how vigorously people are sharing and commenting on them.
84,We spoke to the man making viral Lego-style AI videos for Iran. Experts say it's powerful propaganda,https://www.bbc.com/news/articles/cjd8jrd1vnyo,10,"In one of the videos, Donald Trump falls through a whirlwind of ""Epstein file"" documents as rap lyrics tell us ""the secrets are leaking, the pressure is rising""."
84,We spoke to the man making viral Lego-style AI videos for Iran. Experts say it's powerful propaganda,https://www.bbc.com/news/articles/cjd8jrd1vnyo,11,"In another, George Floyd can be seen under a policeman's boot as we hear Iran is ""standing here for everyone your system ever wronged""."
84,We spoke to the man making viral Lego-style AI videos for Iran. Experts say it's powerful propaganda,https://www.bbc.com/news/articles/cjd8jrd1vnyo,12,"""Slopaganda"" - coined in an academic paper last year as a play on 'AI slop' - is too weak a term to capture how powerful this ""highly sophisticated"" content is, says leading propaganda expert Dr Emma Briant."
84,We spoke to the man making viral Lego-style AI videos for Iran. Experts say it's powerful propaganda,https://www.bbc.com/news/articles/cjd8jrd1vnyo,13,AI-generated propaganda clips are estimated to have been viewed hundreds of millions of times over the course of the war.
84,We spoke to the man making viral Lego-style AI videos for Iran. Experts say it's powerful propaganda,https://www.bbc.com/news/articles/cjd8jrd1vnyo,14,"In our video call with Mr Explosive, he appears silhouetted and flanked by red and green light, the colours of the Iranian flag."
84,We spoke to the man making viral Lego-style AI videos for Iran. Experts say it's powerful propaganda,https://www.bbc.com/news/articles/cjd8jrd1vnyo,15,"On his desk there's a green-feathered helmet associated with the warrior Husayn ibn Ali, who features in several of their videos."
84,We spoke to the man making viral Lego-style AI videos for Iran. Experts say it's powerful propaganda,https://www.bbc.com/news/articles/cjd8jrd1vnyo,16,"He says his team at Explosive Media consists of fewer than ten people who use Lego-style graphics ""because it is a world language""."
84,We spoke to the man making viral Lego-style AI videos for Iran. Experts say it's powerful propaganda,https://www.bbc.com/news/articles/cjd8jrd1vnyo,17,Iranian and Russian state media accounts on X regularly share them to millions of followers.
84,We spoke to the man making viral Lego-style AI videos for Iran. Experts say it's powerful propaganda,https://www.bbc.com/news/articles/cjd8jrd1vnyo,18,We ask Mr Explosive why the Epstein files feature so heavily in his videos.
84,We spoke to the man making viral Lego-style AI videos for Iran. Experts say it's powerful propaganda,https://www.bbc.com/news/articles/cjd8jrd1vnyo,19,"He says it's to show the audience the ""kind of confrontation they are witnessing"" between Iran - which is ""seeking truth and freedom"" - against ""those who associate themselves with cannibals""."
84,We spoke to the man making viral Lego-style AI videos for Iran. Experts say it's powerful propaganda,https://www.bbc.com/news/articles/cjd8jrd1vnyo,20,This is a reference to the theory that the Epstein files link the Trump administration to cannibalism - a claim for which there is no credible evidence.
84,We spoke to the man making viral Lego-style AI videos for Iran. Experts say it's powerful propaganda,https://www.bbc.com/news/articles/cjd8jrd1vnyo,21,The videos are also littered with factual inaccuracies - so we ask Mr Explosive about them.
84,We spoke to the man making viral Lego-style AI videos for Iran. Experts say it's powerful propaganda,https://www.bbc.com/news/articles/cjd8jrd1vnyo,22,"In one clip, the Iranian military is shown capturing a downed US fighter-jet pilot."
84,We spoke to the man making viral Lego-style AI videos for Iran. Experts say it's powerful propaganda,https://www.bbc.com/news/articles/cjd8jrd1vnyo,23,"US officials have confirmed the downed airman - who was stranded in a remote, mountainous region of Iran after his aircraft was shot down - was rescued by US special forces on 4 April ."
84,We spoke to the man making viral Lego-style AI videos for Iran. Experts say it's powerful propaganda,https://www.bbc.com/news/articles/cjd8jrd1vnyo,24,"Mr Explosive does not accept this, saying: ""Possibly there was no lost pilot, there was no rescue operation."
84,We spoke to the man making viral Lego-style AI videos for Iran. Experts say it's powerful propaganda,https://www.bbc.com/news/articles/cjd8jrd1vnyo,25,"Their main goal was to steal uranium from Iran."""
84,We spoke to the man making viral Lego-style AI videos for Iran. Experts say it's powerful propaganda,https://www.bbc.com/news/articles/cjd8jrd1vnyo,26,"When we push back - citing US officials who say the airman is now receiving treatment in Kuwait - he claims: ""Only 13% of what Mr Trump says is based on facts."""
84,We spoke to the man making viral Lego-style AI videos for Iran. Experts say it's powerful propaganda,https://www.bbc.com/news/articles/cjd8jrd1vnyo,27,Explosive Media's airman video has successfully amplified this alternative narrative among English-speaking audiences.
84,We spoke to the man making viral Lego-style AI videos for Iran. Experts say it's powerful propaganda,https://www.bbc.com/news/articles/cjd8jrd1vnyo,28,"One partisan US-based TikTok influencer - @newswithsteph - told her viewers the Lego videos had been ""shockingly accurate so far; they broke the story about the recent US pilot mission that wasn't a rescue mission at all but a special ops mission for uranium""."
84,We spoke to the man making viral Lego-style AI videos for Iran. Experts say it's powerful propaganda,https://www.bbc.com/news/articles/cjd8jrd1vnyo,29,"AI has enabled Iran and others to communicate directly with Western audiences more effectively than ever before, Briant says."
84,We spoke to the man making viral Lego-style AI videos for Iran. Experts say it's powerful propaganda,https://www.bbc.com/news/articles/cjd8jrd1vnyo,30,"They are using tools largely trained on Western data, making them ideal for creating ""culturally appropriate"" content."
84,We spoke to the man making viral Lego-style AI videos for Iran. Experts say it's powerful propaganda,https://www.bbc.com/news/articles/cjd8jrd1vnyo,31,"This is what ""authoritarian countries wanting to target the West have lacked in the past""."
84,We spoke to the man making viral Lego-style AI videos for Iran. Experts say it's powerful propaganda,https://www.bbc.com/news/articles/cjd8jrd1vnyo,32,"Dr Tine Munk, a cyber warfare expert at Nottingham Trent University, characterises Iran's tactics as ""defensive memetic warfare"" which the creators see as necessary to combat US rhetoric."
84,We spoke to the man making viral Lego-style AI videos for Iran. Experts say it's powerful propaganda,https://www.bbc.com/news/articles/cjd8jrd1vnyo,33,Explosive Media videos first appeared in early 2025 - but their popularity has grown enormously in the wake of the US-Iran war.
84,We spoke to the man making viral Lego-style AI videos for Iran. Experts say it's powerful propaganda,https://www.bbc.com/news/articles/cjd8jrd1vnyo,34,"The Lego-style clips are also becoming increasingly detailed, showing highly specific Gulf locations including power stations, airports and industrial sites being totally destroyed by Iranian missiles."
84,We spoke to the man making viral Lego-style AI videos for Iran. Experts say it's powerful propaganda,https://www.bbc.com/news/articles/cjd8jrd1vnyo,35,"In reality, most have only sustained limited damage."
84,We spoke to the man making viral Lego-style AI videos for Iran. Experts say it's powerful propaganda,https://www.bbc.com/news/articles/cjd8jrd1vnyo,36,"The videos are often produced in ""real time"" and appear quickly after major developments in the war."
84,We spoke to the man making viral Lego-style AI videos for Iran. Experts say it's powerful propaganda,https://www.bbc.com/news/articles/cjd8jrd1vnyo,37,One video about the ceasefire agreement was published before any official announcements.
84,We spoke to the man making viral Lego-style AI videos for Iran. Experts say it's powerful propaganda,https://www.bbc.com/news/articles/cjd8jrd1vnyo,38,"Thousands of people have been killed in Iran, Lebanon and other Middle Eastern countries, according to officials in these nations."
84,We spoke to the man making viral Lego-style AI videos for Iran. Experts say it's powerful propaganda,https://www.bbc.com/news/articles/cjd8jrd1vnyo,39,The current conflict started in February after the US and Israel launched strikes on Iran.
84,We spoke to the man making viral Lego-style AI videos for Iran. Experts say it's powerful propaganda,https://www.bbc.com/news/articles/cjd8jrd1vnyo,40,"After some back-and-forth in our conversation, Mr Explosive admits the Iranian government is indeed a ""customer"" of his company."
84,We spoke to the man making viral Lego-style AI videos for Iran. Experts say it's powerful propaganda,https://www.bbc.com/news/articles/cjd8jrd1vnyo,41,"In earlier Instagram messages, he'd told us his operation had been directly commissioned for multiple projects by Iranian officials."
84,We spoke to the man making viral Lego-style AI videos for Iran. Experts say it's powerful propaganda,https://www.bbc.com/news/articles/cjd8jrd1vnyo,42,"Before the outbreak of the war this year, thousands of protesters were killed in a brutal crackdown by the regime ."
84,We spoke to the man making viral Lego-style AI videos for Iran. Experts say it's powerful propaganda,https://www.bbc.com/news/articles/cjd8jrd1vnyo,43,"The US-based Human Rights Activists News Agency (Hrana) reports a death toll of at least 7,000 civilians."
84,We spoke to the man making viral Lego-style AI videos for Iran. Experts say it's powerful propaganda,https://www.bbc.com/news/articles/cjd8jrd1vnyo,44,"But Mr Explosive defends his team's relationship with the government saying it was ""honourable to work for the homeland""."
84,We spoke to the man making viral Lego-style AI videos for Iran. Experts say it's powerful propaganda,https://www.bbc.com/news/articles/cjd8jrd1vnyo,45,"He dismisses the recent mass protests as a ""coup"" funded by President Trump."
84,We spoke to the man making viral Lego-style AI videos for Iran. Experts say it's powerful propaganda,https://www.bbc.com/news/articles/cjd8jrd1vnyo,46,Mr Explosive also rejects allegations we put to him his videos use antisemitic tropes.
84,We spoke to the man making viral Lego-style AI videos for Iran. Experts say it's powerful propaganda,https://www.bbc.com/news/articles/cjd8jrd1vnyo,47,"""Our videos are not antisemitic; our videos are anti-Zionist,"" he says."
84,We spoke to the man making viral Lego-style AI videos for Iran. Experts say it's powerful propaganda,https://www.bbc.com/news/articles/cjd8jrd1vnyo,48,"Defending the depiction of Israeli Prime Minister Benjamin Netanyahu drinking blood, he says such imagery highlights the ""atrocities committed by him""."
84,We spoke to the man making viral Lego-style AI videos for Iran. Experts say it's powerful propaganda,https://www.bbc.com/news/articles/cjd8jrd1vnyo,49,Most Iranians are unable to use the internet due to a nationwide internet shutdown.
84,We spoke to the man making viral Lego-style AI videos for Iran. Experts say it's powerful propaganda,https://www.bbc.com/news/articles/cjd8jrd1vnyo,50,"Mr Explosive claims he could contact the BBC using ""journalist internet"" granted by the Iranian government."
84,We spoke to the man making viral Lego-style AI videos for Iran. Experts say it's powerful propaganda,https://www.bbc.com/news/articles/cjd8jrd1vnyo,51,Iran is consistently ranked as one of the most repressive countries in the world for press freedom.
84,We spoke to the man making viral Lego-style AI videos for Iran. Experts say it's powerful propaganda,https://www.bbc.com/news/articles/cjd8jrd1vnyo,52,"Social media platforms have been shutting down accounts with the Lego-style videos, but new ones seem to pop up just as quickly."
84,We spoke to the man making viral Lego-style AI videos for Iran. Experts say it's powerful propaganda,https://www.bbc.com/news/articles/cjd8jrd1vnyo,53,"It's a form of agile, aggressive internet diplomacy that appears to be here to stay, according to Munk."
84,We spoke to the man making viral Lego-style AI videos for Iran. Experts say it's powerful propaganda,https://www.bbc.com/news/articles/cjd8jrd1vnyo,54,"Crucially, she adds, it's ""cutting out the middlemen, cutting out the press, the mass media, and constantly circulating memes."
84,We spoke to the man making viral Lego-style AI videos for Iran. Experts say it's powerful propaganda,https://www.bbc.com/news/articles/cjd8jrd1vnyo,55,"""Traditional diplomacy doesn't exist here."
84,We spoke to the man making viral Lego-style AI videos for Iran. Experts say it's powerful propaganda,https://www.bbc.com/news/articles/cjd8jrd1vnyo,56,And it blurs our understanding of what is happening.
84,We spoke to the man making viral Lego-style AI videos for Iran. Experts say it's powerful propaganda,https://www.bbc.com/news/articles/cjd8jrd1vnyo,57,But it also increases the risk of misinterpretation and escalation.
84,We spoke to the man making viral Lego-style AI videos for Iran. Experts say it's powerful propaganda,https://www.bbc.com/news/articles/cjd8jrd1vnyo,58,Correction 12 April 2026: This story originally said Husayn ibn Ali was a Shia warrior.
84,We spoke to the man making viral Lego-style AI videos for Iran. Experts say it's powerful propaganda,https://www.bbc.com/news/articles/cjd8jrd1vnyo,59,This reference has been removed to reflect that he is not categorised as Shia or Sunni in modern terms.
85,Concerns after satellite provider restricts Iran images following US pressure,https://www.bbc.com/news/articles/c5y721yqe6ro,1,Humanitarian organisations and journalists have expressed concerns after a leading satellite imagery company told its users it was restricting access to images of Iran and large parts of the Middle East following a request from the US government.
85,Concerns after satellite provider restricts Iran images following US pressure,https://www.bbc.com/news/articles/c5y721yqe6ro,2,California-based Planet Labs initially introduced a 14-day delay on providing new imagery from the region in March.
85,Concerns after satellite provider restricts Iran images following US pressure,https://www.bbc.com/news/articles/c5y721yqe6ro,3,"It has since moved to an ""indefinite"" restriction."
85,Concerns after satellite provider restricts Iran images following US pressure,https://www.bbc.com/news/articles/c5y721yqe6ro,4,"The decision has limited how journalists, humanitarian groups and analysts can use satellite images to assess the impact of the US-Israel war with Iran, including damage to military targets and civilian infrastructure."
85,Concerns after satellite provider restricts Iran images following US pressure,https://www.bbc.com/news/articles/c5y721yqe6ro,5,It is unclear what prompted the US to press Planet to suspend its coverage and the Department of Defense did not respond to a request for comment.
85,Concerns after satellite provider restricts Iran images following US pressure,https://www.bbc.com/news/articles/c5y721yqe6ro,6,"Planet initially said its original 14-day delay policy was ""to ensure our imagery is not tactically leveraged by adversarial actors to target allied and Nato-partner personnel and civilians""."
85,Concerns after satellite provider restricts Iran images following US pressure,https://www.bbc.com/news/articles/c5y721yqe6ro,7,"It said in a statement to BBC Verify that it was now switching to a system of ""managed distribution"" and would share selected images ""on a one-off basis until the security risk has abated""."
85,Concerns after satellite provider restricts Iran images following US pressure,https://www.bbc.com/news/articles/c5y721yqe6ro,8,It declined to say how extensive the restrictions were.
85,Concerns after satellite provider restricts Iran images following US pressure,https://www.bbc.com/news/articles/c5y721yqe6ro,9,"But based on BBC Verify's access to the portal it appears to extend across most of the Middle East, including Iraq, Lebanon, Israel and Gaza."
85,Concerns after satellite provider restricts Iran images following US pressure,https://www.bbc.com/news/articles/c5y721yqe6ro,10,"One satellite imaging expert told BBC Verify that companies like Planet that have military contracts can sometimes implement ""voluntary compliance"" requests that are actually ""driven by commercial incentive structures""."
85,Concerns after satellite provider restricts Iran images following US pressure,https://www.bbc.com/news/articles/c5y721yqe6ro,11,"BBC Verify has used Planet imagery across the Middle East in its reporting, including since the war in Iran began at the end of February - such as when a US strike on a school in the Iranian town of Minab ."
85,Concerns after satellite provider restricts Iran images following US pressure,https://www.bbc.com/news/articles/c5y721yqe6ro,12,The changes now mean that images taken after 9 March are no longer routinely available to the company's clients.
85,Concerns after satellite provider restricts Iran images following US pressure,https://www.bbc.com/news/articles/c5y721yqe6ro,13,"Satellite imagery has become a key tool for reporters, according to investigative journalist Benjamin Strick, who has worked for CNN, the Financial Times and the BBC."
85,Concerns after satellite provider restricts Iran images following US pressure,https://www.bbc.com/news/articles/c5y721yqe6ro,14,"This is especially true for ""conflict zones, disasters and other restricted environments where reporters cannot safely access the scene or where information is tightly controlled"", he said."
85,Concerns after satellite provider restricts Iran images following US pressure,https://www.bbc.com/news/articles/c5y721yqe6ro,15,Planet's business model is similar to others in the industry.
85,Concerns after satellite provider restricts Iran images following US pressure,https://www.bbc.com/news/articles/c5y721yqe6ro,16,"It has been expanding its work with the US defence sector, including the US National Geospatial Intelligence Agency and - through a subsidiary - the US Navy."
85,Concerns after satellite provider restricts Iran images following US pressure,https://www.bbc.com/news/articles/c5y721yqe6ro,17,It also works with the German and Swedish militaries.
85,Concerns after satellite provider restricts Iran images following US pressure,https://www.bbc.com/news/articles/c5y721yqe6ro,18,"Vantor, formerly known as Maxar, has contracts with the US Army and US Space Force and limits coverage of US military bases."
85,Concerns after satellite provider restricts Iran images following US pressure,https://www.bbc.com/news/articles/c5y721yqe6ro,19,"However, it told Reuters earlier this week that it had not been asked by Pentagon officials to restrict its coverage of Iran."
85,Concerns after satellite provider restricts Iran images following US pressure,https://www.bbc.com/news/articles/c5y721yqe6ro,20,"Bill Greer, a geospatial analyst who previously worked at Maxar and co-founded the non-profit satellite service Common Space, noted that the number of defence contracts held by companies like Planet grants governments some degree of influence over them."
85,Concerns after satellite provider restricts Iran images following US pressure,https://www.bbc.com/news/articles/c5y721yqe6ro,21,"""What we're seeing now is voluntary compliance driven by commercial incentive structures, not legal mandates,"" he told BBC Verify."
85,Concerns after satellite provider restricts Iran images following US pressure,https://www.bbc.com/news/articles/c5y721yqe6ro,22,"""When your largest customer is also the government that regulates you, the line between voluntary and involuntary gets very thin."""
85,Concerns after satellite provider restricts Iran images following US pressure,https://www.bbc.com/news/articles/c5y721yqe6ro,23,Greer also observed that humanitarian groups were affected by restrictions on satellite images.
85,Concerns after satellite provider restricts Iran images following US pressure,https://www.bbc.com/news/articles/c5y721yqe6ro,24,"""When an entire region goes dark indefinitely, it directly affects [their] ability to plan evacuations, assess damage, document human rights abuses and co-ordinate aid delivery,"" he said."
85,Concerns after satellite provider restricts Iran images following US pressure,https://www.bbc.com/news/articles/c5y721yqe6ro,25,The charity Oxfam told BBC Verify it used satellite imagery to plan some of its logistics during live conflicts and disasters.
85,Concerns after satellite provider restricts Iran images following US pressure,https://www.bbc.com/news/articles/c5y721yqe6ro,26,"The group's humanitarian lead, Magnus Corfixen, said that in Gaza - where Planet has also suspended coverage - satellite services helped it to run its water, sanitation and hygiene (Wash) programme."
85,Concerns after satellite provider restricts Iran images following US pressure,https://www.bbc.com/news/articles/c5y721yqe6ro,27,"""We couldn't access these water systems in person,"" he said."
85,Concerns after satellite provider restricts Iran images following US pressure,https://www.bbc.com/news/articles/c5y721yqe6ro,28,"""So we tried to use satellite imagery to see whether or not they were still operational or if they had been destroyed."""
85,Concerns after satellite provider restricts Iran images following US pressure,https://www.bbc.com/news/articles/c5y721yqe6ro,29,"He added that, based on reviews of the imagery, Oxfam then planned what equipment they needed to transport into the Strip."
85,Concerns after satellite provider restricts Iran images following US pressure,https://www.bbc.com/news/articles/c5y721yqe6ro,30,"BBC Verify has also relied on satellite imagery to report on changes and damage in Gaza , since Israel does not allow media to send journalists independently into the Strip."
85,Concerns after satellite provider restricts Iran images following US pressure,https://www.bbc.com/news/articles/c5y721yqe6ro,31,"There have previously been delays on imagery from Gaza, but never to this extent."
85,Concerns after satellite provider restricts Iran images following US pressure,https://www.bbc.com/news/articles/c5y721yqe6ro,32,"Todd Harrison - a senior fellow at the American Enterprise Institute and ex-US Air Force captain - told BBC Verify that the Iranian military had limited satellite surveillance capability of its own, making it heavily reliant on Russia, China and ""whatever imagery they can acquire from commercial providers""."
85,Concerns after satellite provider restricts Iran images following US pressure,https://www.bbc.com/news/articles/c5y721yqe6ro,33,"""US and European commercial firms have some of the best space surveillance capabilities in the world,"" he said."
85,Concerns after satellite provider restricts Iran images following US pressure,https://www.bbc.com/news/articles/c5y721yqe6ro,34,"""This data would be enormously valuable to Iran in its efforts to strike targets across the Middle East... and to assess the effectiveness of its strikes."""
85,Concerns after satellite provider restricts Iran images following US pressure,https://www.bbc.com/news/articles/c5y721yqe6ro,35,There have also been concerns that bad actors have also seized on the restrictions placed on Iranian imagery to proliferate fakes online.
85,Concerns after satellite provider restricts Iran images following US pressure,https://www.bbc.com/news/articles/c5y721yqe6ro,36,"Amir Farhand - founder of Soar.Atlas, an Australian mapping platform that uses satellite images - told BBC Verify that it had tracked ""a massive spike in fake satellite imagery during this conflict"", adding that the trend was ""becoming a serious problem""."
85,Concerns after satellite provider restricts Iran images following US pressure,https://www.bbc.com/news/articles/c5y721yqe6ro,37,"In the absence of Planet's services, its news clients - such as the BBC and the New York Times - have been turning to non-US based solutions."
85,Concerns after satellite provider restricts Iran images following US pressure,https://www.bbc.com/news/articles/c5y721yqe6ro,38,"But Christoph Koettl, a visual investigations journalist with the New York Times, said that the resolution offered by some of these services - like the European Space Agency - did not offer the same level of detail or widespread coverage."
85,Concerns after satellite provider restricts Iran images following US pressure,https://www.bbc.com/news/articles/c5y721yqe6ro,39,"""The imagery is blurrier."
85,Concerns after satellite provider restricts Iran images following US pressure,https://www.bbc.com/news/articles/c5y721yqe6ro,40,"I cannot distinguish between cars, vehicles, things like that,"" he said."
85,Concerns after satellite provider restricts Iran images following US pressure,https://www.bbc.com/news/articles/c5y721yqe6ro,41,"""With a provider like Planet Labs, the advantage is that they're imaging almost every place on Earth once a day."""
85,Concerns after satellite provider restricts Iran images following US pressure,https://www.bbc.com/news/articles/c5y721yqe6ro,42,"Harrison said he expects restrictions like those requested of Planet to become more common, but increasingly more futile as the industry expands and new providers emerge across the globe."
85,Concerns after satellite provider restricts Iran images following US pressure,https://www.bbc.com/news/articles/c5y721yqe6ro,43,"""Because dual-use technology like this has become increasingly democratised, it is making the modern battlefield more transparent for both sides than ever before,"" he said."
85,Concerns after satellite provider restricts Iran images following US pressure,https://www.bbc.com/news/articles/c5y721yqe6ro,44,"""That is a fact of life the US and others will have to adapt to in how they plan and conduct military operations."""
85,Concerns after satellite provider restricts Iran images following US pressure,https://www.bbc.com/news/articles/c5y721yqe6ro,45,What claims do you want BBC Verify to investigate?
86,JD Vance takes on a perilous mission - could it backfire?,https://www.bbc.com/news/articles/c1d9z1q2997o,1,"In the middle of an Easter lunch at the White House, President Donald Trump went off script to address speculation about JD Vance's role in securing a deal to end the war in Iran."
86,JD Vance takes on a perilous mission - could it backfire?,https://www.bbc.com/news/articles/c1d9z1q2997o,2,"""If it doesn't happen, I'm blaming JD Vance,"" Trump joked, drawing laughter at last week's East Room event attended by senior administration officials including the vice-president, Secretary of State Marco Rubio, and Defence Secretary Pete Hegseth."
86,JD Vance takes on a perilous mission - could it backfire?,https://www.bbc.com/news/articles/c1d9z1q2997o,3,"And ""if it does happen,"" Trump added, ""I'm taking full credit."""
86,JD Vance takes on a perilous mission - could it backfire?,https://www.bbc.com/news/articles/c1d9z1q2997o,4,The remarks perfectly captured Vance's predicament as he leads a US delegation holding talks with Iran in Pakistan.
86,JD Vance takes on a perilous mission - could it backfire?,https://www.bbc.com/news/articles/c1d9z1q2997o,5,It is the most challenging assignment of Vance's vice-presidency so far - one with a limited upside and plenty to lose if negotiations fail.
86,JD Vance takes on a perilous mission - could it backfire?,https://www.bbc.com/news/articles/c1d9z1q2997o,6,Vance's diplomatic mission to Islamabad is a political minefield.
86,JD Vance takes on a perilous mission - could it backfire?,https://www.bbc.com/news/articles/c1d9z1q2997o,7,"To make progress in reaching a permanent agreement to end the war, he will have to satisfy several stakeholders with competing interests, and who all distrust each other after a six-week military campaign that has engulfed the Middle East and roiled the global economy."
86,JD Vance takes on a perilous mission - could it backfire?,https://www.bbc.com/news/articles/c1d9z1q2997o,8,"US allies are watching Vance closely to see how he'll perform, one European official said."
86,JD Vance takes on a perilous mission - could it backfire?,https://www.bbc.com/news/articles/c1d9z1q2997o,9,"Vance ""needs to step into the room and deliver something,"" added the official, who spoke on the condition of anonymity."
86,JD Vance takes on a perilous mission - could it backfire?,https://www.bbc.com/news/articles/c1d9z1q2997o,10,"""Otherwise he will be diminished."""
86,JD Vance takes on a perilous mission - could it backfire?,https://www.bbc.com/news/articles/c1d9z1q2997o,11,"Any deal must win the support first and foremost of Trump, who has vacillated between calling for peace and threatening to destroy Iran's civilisation."
86,JD Vance takes on a perilous mission - could it backfire?,https://www.bbc.com/news/articles/c1d9z1q2997o,12,"It will also need the backing of a weakened but still-standing regime in Tehran that has tightened control over the Strait of Hormuz, and an ally in Israel that is wary of a region-wide ceasefire."
86,JD Vance takes on a perilous mission - could it backfire?,https://www.bbc.com/news/articles/c1d9z1q2997o,13,US allies in Europe that oppose the war and have been reluctant to come to America's aid in reopening the strait will also have to be convinced.
86,JD Vance takes on a perilous mission - could it backfire?,https://www.bbc.com/news/articles/c1d9z1q2997o,14,"As if that's not enough, Vance will also face pressure to somehow satisfy Trump's Make America Great Again (MAGA) base."
86,JD Vance takes on a perilous mission - could it backfire?,https://www.bbc.com/news/articles/c1d9z1q2997o,15,Many are opposed to interventions abroad so will be watching his trip closely for clues about how he might handle foreign policy if he runs for president in 2028.
86,JD Vance takes on a perilous mission - could it backfire?,https://www.bbc.com/news/articles/c1d9z1q2997o,16,"A former Marine who served in Iraq, Vance has been a vocal opponent of US entanglements in the past, and reportedly expressed deep scepticism about launching strikes on Iran in private meetings with Trump, according to a New York Times report."
86,JD Vance takes on a perilous mission - could it backfire?,https://www.bbc.com/news/articles/c1d9z1q2997o,17,"""Vance has signalled a desire for restraint in American foreign policy."
86,JD Vance takes on a perilous mission - could it backfire?,https://www.bbc.com/news/articles/c1d9z1q2997o,18,"That's pretty hard to square with the American war against Iran,"" said Jeff Rathke, the president of the American-German Institute, a Washington-based think tank."
86,JD Vance takes on a perilous mission - could it backfire?,https://www.bbc.com/news/articles/c1d9z1q2997o,19,In Islamabad the question for Vance is: can he make everyone happy?
86,JD Vance takes on a perilous mission - could it backfire?,https://www.bbc.com/news/articles/c1d9z1q2997o,20,"And what does success in these negotiations look like - a fully-formed peace deal, or just productive initial talks that don't scuttle the temporary ceasefire?"
86,JD Vance takes on a perilous mission - could it backfire?,https://www.bbc.com/news/articles/c1d9z1q2997o,21,A White House official told the BBC that Trump had tasked the vice-president to lead the negotiations.
86,JD Vance takes on a perilous mission - could it backfire?,https://www.bbc.com/news/articles/c1d9z1q2997o,22,"And spokeswoman Anna Kelly confirmed that Vance had already been collaborating with special envoy Steve Witkoff and the president's son-in-law Jared Kushner, both of whom will be with him in Pakistan."
86,JD Vance takes on a perilous mission - could it backfire?,https://www.bbc.com/news/articles/c1d9z1q2997o,23,Vance tamped down expectations before leaving Washington on Friday morning.
86,JD Vance takes on a perilous mission - could it backfire?,https://www.bbc.com/news/articles/c1d9z1q2997o,24,"""If the Iranians are willing to negotiate in good faith, we are certainly willing to extend an open hand,"" Vance told reporters."
86,JD Vance takes on a perilous mission - could it backfire?,https://www.bbc.com/news/articles/c1d9z1q2997o,25,"He also warned Iran not to ""play us,"" and said Trump gave the US negotiating team ""some pretty clear guidelines""."
86,JD Vance takes on a perilous mission - could it backfire?,https://www.bbc.com/news/articles/c1d9z1q2997o,26,"But even if he laid out clear goalposts ahead of time, the president has a propensity to change his mind."
86,JD Vance takes on a perilous mission - could it backfire?,https://www.bbc.com/news/articles/c1d9z1q2997o,27,"In the talks with Iran, Vance and the rest of the US team will face the added challenge of representing a mercurial boss in Trump who has given a range of rationales for the war since launching the conflict in late February."
86,JD Vance takes on a perilous mission - could it backfire?,https://www.bbc.com/news/articles/c1d9z1q2997o,28,"On Friday afternoon, when asked what he told Vance before he left for Islamabad, Trump told reporters: ""I wish him luck."
86,JD Vance takes on a perilous mission - could it backfire?,https://www.bbc.com/news/articles/c1d9z1q2997o,29,"He's got a big thing."""
86,JD Vance takes on a perilous mission - could it backfire?,https://www.bbc.com/news/articles/c1d9z1q2997o,30,"The president said he was sending a ""good team"" and ""we'll see how it all turns out."""
86,JD Vance takes on a perilous mission - could it backfire?,https://www.bbc.com/news/articles/c1d9z1q2997o,31,"Trump's volatile negotiating style was on full display this week, in the whirlwind period leading up to the ceasefire deal reached on Tuesday."
86,JD Vance takes on a perilous mission - could it backfire?,https://www.bbc.com/news/articles/c1d9z1q2997o,32,"In a single 36-hour span, Trump gave Iran one day to strike a deal, warned in social media posts on Truth Social that ""a whole civilisation will die"" if Iran refused to cooperate, and then finally announced a ceasefire with less than two hours left before his deadline for escalating the war."
86,JD Vance takes on a perilous mission - could it backfire?,https://www.bbc.com/news/articles/c1d9z1q2997o,33,"The tense hours on Tuesday were as nervewracking as any moments in Trump's second term, said a second senior European diplomat."
86,JD Vance takes on a perilous mission - could it backfire?,https://www.bbc.com/news/articles/c1d9z1q2997o,34,"""I went home from work, put on the news, and started refreshing Truth Social,"" said the official, who spoke on the condition of anonymity."
86,JD Vance takes on a perilous mission - could it backfire?,https://www.bbc.com/news/articles/c1d9z1q2997o,35,"Serving as Trump's vice-president can't be easy under normal conditions, the diplomat added, but must be especially difficult for Vance right now given his misgivings about foreign wars."
86,JD Vance takes on a perilous mission - could it backfire?,https://www.bbc.com/news/articles/c1d9z1q2997o,36,"""Vance has tried to distance himself from the Iran campaign,"" the source said."
86,JD Vance takes on a perilous mission - could it backfire?,https://www.bbc.com/news/articles/c1d9z1q2997o,37,"""This war is absolutely not in his playbook."""
86,JD Vance takes on a perilous mission - could it backfire?,https://www.bbc.com/news/articles/c1d9z1q2997o,38,"Representing Trump in high-stakes negotiations may be a challenge, but Vance has been working toward this moment since taking office."
86,JD Vance takes on a perilous mission - could it backfire?,https://www.bbc.com/news/articles/c1d9z1q2997o,39,He has earned Trump's trust and been given a seat at the table in high-profile meetings and events with foreign policy leaders in the Oval Office and across Europe and Asia.
86,JD Vance takes on a perilous mission - could it backfire?,https://www.bbc.com/news/articles/c1d9z1q2997o,40,"Vance made waves with a speech at the Munich Security Conference last year, where he issued a blistering critique of Europe's handling of immigration and free speech."
86,JD Vance takes on a perilous mission - could it backfire?,https://www.bbc.com/news/articles/c1d9z1q2997o,41,"Soon after, he accused Ukrainian President Volodymyr Zelensky of not being grateful enough for US aid during an explosive Oval Office meeting that descended into a shouting match."
86,JD Vance takes on a perilous mission - could it backfire?,https://www.bbc.com/news/articles/c1d9z1q2997o,42,"Just this week, the vice-president travelled to Hungary to make an unprecedented re-election push for the current prime minister and close Trump ally Viktor Orbán."
86,JD Vance takes on a perilous mission - could it backfire?,https://www.bbc.com/news/articles/c1d9z1q2997o,43,"At each step, Vance has positioned himself as a loyal lieutenant to Trump who's willing to crisscross the globe serving as a sharp-elbowed ambassador of ""America First""."
86,JD Vance takes on a perilous mission - could it backfire?,https://www.bbc.com/news/articles/c1d9z1q2997o,44,"The vice-president is the ""perfect surrogate"" in these high-stakes negotiations because of ""his firm understanding of President Trump's goals"", said Mark Bednar, who worked on the Trump-Vance transition team."
86,JD Vance takes on a perilous mission - could it backfire?,https://www.bbc.com/news/articles/c1d9z1q2997o,45,"""To also have the trust of the president the way he does, that is a really great combination."""
86,JD Vance takes on a perilous mission - could it backfire?,https://www.bbc.com/news/articles/c1d9z1q2997o,46,But Vance reportedly hasn't always agreed with the president.
86,JD Vance takes on a perilous mission - could it backfire?,https://www.bbc.com/news/articles/c1d9z1q2997o,47,And Trump's own foreign policy has sometimes put Vance in the awkward position of publicly backing the type of interventions abroad that he has argued against in the past - Iran being the prime example.
86,JD Vance takes on a perilous mission - could it backfire?,https://www.bbc.com/news/articles/c1d9z1q2997o,48,As a US senator Vance published a Wall Street Journal op-ed in 2023 saying he backed Trump because he didn't start foreign wars.
86,JD Vance takes on a perilous mission - could it backfire?,https://www.bbc.com/news/articles/c1d9z1q2997o,49,"On the eve of the Iran war, Vance told the Washington Post that Trump wouldn't let the US get dragged into another so-called forever war in the Middle East."
86,JD Vance takes on a perilous mission - could it backfire?,https://www.bbc.com/news/articles/c1d9z1q2997o,50,"During the current conflict, he has publicly echoed Trump's argument that war was needed to prevent Iran from developing nuclear weapons."
86,JD Vance takes on a perilous mission - could it backfire?,https://www.bbc.com/news/articles/c1d9z1q2997o,51,"But Vance has not been as vocal in backing the war effort as other administration officials, in particular Defence Secretary Hegseth."
86,JD Vance takes on a perilous mission - could it backfire?,https://www.bbc.com/news/articles/c1d9z1q2997o,52,"Vance's rhetoric has also sometimes diverged from Trump's, as happened this week when Vance called the temporary ceasefire a ""fragile truce""."
86,JD Vance takes on a perilous mission - could it backfire?,https://www.bbc.com/news/articles/c1d9z1q2997o,53,"Despite this, Trump tapped Vance to lead the US delegation to Islamabad."
86,JD Vance takes on a perilous mission - could it backfire?,https://www.bbc.com/news/articles/c1d9z1q2997o,54,The choice raised questions of whether Trump purposely handed Vance a no-win assignment.
86,JD Vance takes on a perilous mission - could it backfire?,https://www.bbc.com/news/articles/c1d9z1q2997o,55,"The vice-president's office declined to comment for this story, but a US official who asked not to be named said Vance was chosen to send Iran a signal that the Trump administration was serious about reaching a deal."
86,JD Vance takes on a perilous mission - could it backfire?,https://www.bbc.com/news/articles/c1d9z1q2997o,56,US allies in the region welcomed Vance's inclusion on the team as a sign the administration wants a durable peace to end the war.
86,JD Vance takes on a perilous mission - could it backfire?,https://www.bbc.com/news/articles/c1d9z1q2997o,57,"""It shows that America is seriously coming to the table,"" said Assaf Orion, a retired Israeli brigadier general."
86,JD Vance takes on a perilous mission - could it backfire?,https://www.bbc.com/news/articles/c1d9z1q2997o,58,Vance will have to tune out the chatter back in Washington to deliver in negotiations with Iran.
86,JD Vance takes on a perilous mission - could it backfire?,https://www.bbc.com/news/articles/c1d9z1q2997o,59,The Oval Office confrontation with Zelensky and trips to Munich and Budapest all showcased Vance's ability to play the role of attack dog.
86,JD Vance takes on a perilous mission - could it backfire?,https://www.bbc.com/news/articles/c1d9z1q2997o,60,"""If he feels the need to be argumentative, he's not going to shy away from that."
86,JD Vance takes on a perilous mission - could it backfire?,https://www.bbc.com/news/articles/c1d9z1q2997o,61,"If he feels that something is not going right for the United States, he will not shy away from that either,"" said Mark Bednar, the Republican strategist."
86,JD Vance takes on a perilous mission - could it backfire?,https://www.bbc.com/news/articles/c1d9z1q2997o,62,"But in Pakistan he's playing a different diplomatic role, which will require navigating tense relations between adversaries in a volatile region."
86,JD Vance takes on a perilous mission - could it backfire?,https://www.bbc.com/news/articles/c1d9z1q2997o,63,Vance and his team will also have to address a complex set of problems - including reopening the Strait of Hormuz and ending Iran's nuclear programme - that are highly technical and have no easy fix.
86,JD Vance takes on a perilous mission - could it backfire?,https://www.bbc.com/news/articles/c1d9z1q2997o,64,Vance was not involved at a detailed level in the indirect talks between the US and Iran before the ceasefire.
86,JD Vance takes on a perilous mission - could it backfire?,https://www.bbc.com/news/articles/c1d9z1q2997o,65,"Negotiations in recent weeks were led by Witkoff and Kushner, according to a US official."
86,JD Vance takes on a perilous mission - could it backfire?,https://www.bbc.com/news/articles/c1d9z1q2997o,66,The pair also spearheaded other peace talks during Trump's second term.
86,JD Vance takes on a perilous mission - could it backfire?,https://www.bbc.com/news/articles/c1d9z1q2997o,67,"The success of the talks will rely in part on who handles technical aspects of Iran's nuclear programme, Orion said."
86,JD Vance takes on a perilous mission - could it backfire?,https://www.bbc.com/news/articles/c1d9z1q2997o,68,"""Kushner and Witkoff did Ukraine, Iran and Gaza."
86,JD Vance takes on a perilous mission - could it backfire?,https://www.bbc.com/news/articles/c1d9z1q2997o,69,"I think it's very challenging to be a detailed expert in all three issues at the same time,"" Orion said."
86,JD Vance takes on a perilous mission - could it backfire?,https://www.bbc.com/news/articles/c1d9z1q2997o,70,"In Islamabad, ""the question is who else, who is on the bench?"""
86,JD Vance takes on a perilous mission - could it backfire?,https://www.bbc.com/news/articles/c1d9z1q2997o,71,"Still Vance will command the most attention, regardless of whoever else is in the room."
86,JD Vance takes on a perilous mission - could it backfire?,https://www.bbc.com/news/articles/c1d9z1q2997o,72,The vice-president won't be able to rely on a deep well of personal relationships with foreign leaders built up over years.
86,JD Vance takes on a perilous mission - could it backfire?,https://www.bbc.com/news/articles/c1d9z1q2997o,73,"It can be easy to forget Vance is still just 41 years old, and only recently launched himself onto the national political stage when he ran for the US Senate."
86,JD Vance takes on a perilous mission - could it backfire?,https://www.bbc.com/news/articles/c1d9z1q2997o,74,"For all of his polish and shrewd instincts, he is still a relative newcomer to the world of international relations."
86,JD Vance takes on a perilous mission - could it backfire?,https://www.bbc.com/news/articles/c1d9z1q2997o,75,"Nevertheless, Trump threw him into the deep end this week, and now Vance is under pressure to deliver a victory for the president while not damaging his own political future."
86,JD Vance takes on a perilous mission - could it backfire?,https://www.bbc.com/news/articles/c1d9z1q2997o,76,"""He's not negotiating JD Vance's agreement with the Iranians."
86,JD Vance takes on a perilous mission - could it backfire?,https://www.bbc.com/news/articles/c1d9z1q2997o,77,"He's there in Islamabad to try to get the best deal the president can agree to,"" said Rathke."
86,JD Vance takes on a perilous mission - could it backfire?,https://www.bbc.com/news/articles/c1d9z1q2997o,78,"""But that has some risks for the vice-president, in case Trump agrees to something and then later loses his enthusiasm for it."
86,JD Vance takes on a perilous mission - could it backfire?,https://www.bbc.com/news/articles/c1d9z1q2997o,79,"Trump may try to blame the negotiator."""
86,JD Vance takes on a perilous mission - could it backfire?,https://www.bbc.com/news/articles/c1d9z1q2997o,80,"Additional reporting by Grace Eliza Goodwin Top picture credits: Reuters and Getty Images BBC InDepth is the home on the website and app for the best analysis, with fresh perspectives that challenge assumptions and deep reporting on the biggest issues of the day."
86,JD Vance takes on a perilous mission - could it backfire?,https://www.bbc.com/news/articles/c1d9z1q2997o,81,"Emma Barnett and John Simpson bring their pick of the most thought-provoking deep reads and analysis, every Saturday."
86,JD Vance takes on a perilous mission - could it backfire?,https://www.bbc.com/news/articles/c1d9z1q2997o,82,Sign up for the newsletter here
87,Historic Vance-Ghalibaf talks must bridge deep distrust,https://www.bbc.com/news/articles/cn9qzl12537o,1,"If and when a photograph is taken of US Vice-President JD Vance standing next to Iran's Parliamentary Speaker Mohammad Bagher Ghalibaf in Islamabad this weekend, it will make history."
87,Historic Vance-Ghalibaf talks must bridge deep distrust,https://www.bbc.com/news/articles/cn9qzl12537o,2,That moment would mark the highest-level face-to-face talks between the Islamic Republic of Iran and the United States of America since the 1979 Islamic Revolution shattered their strong strategic bond and cast a long shadow which still darkens relations to this day.
87,Historic Vance-Ghalibaf talks must bridge deep distrust,https://www.bbc.com/news/articles/cn9qzl12537o,3,The two men may not smile.
87,Historic Vance-Ghalibaf talks must bridge deep distrust,https://www.bbc.com/news/articles/cn9qzl12537o,4,They may not even shake hands.
87,Historic Vance-Ghalibaf talks must bridge deep distrust,https://www.bbc.com/news/articles/cn9qzl12537o,5,"It would not make this troubled relationship any more easy, any less hostile."
87,Historic Vance-Ghalibaf talks must bridge deep distrust,https://www.bbc.com/news/articles/cn9qzl12537o,6,"But it would send a signal that both sides want to try to end a war sending shocks worldwide, avoid an even riskier escalation, and turn to diplomacy to do a deal."
87,Historic Vance-Ghalibaf talks must bridge deep distrust,https://www.bbc.com/news/articles/cn9qzl12537o,7,"There's zero chance though of US President Donald Trump's optimistic prediction of a ""peace deal"" within this shaky two-week ceasefire - its terms were contested and broken since the moment it was announced earlier this week."
87,Historic Vance-Ghalibaf talks must bridge deep distrust,https://www.bbc.com/news/articles/cn9qzl12537o,8,"Even until the eleventh hour, Iranians kept everyone guessing over whether they would still show up while Israel was insisting there would be no ceasefire in Lebanon."
87,Historic Vance-Ghalibaf talks must bridge deep distrust,https://www.bbc.com/news/articles/cn9qzl12537o,9,"But if serious and sustained talks make a start, it would also mark the most significant push since Trump pulled out of the previous landmark nuclear deal in 2018, during his first term."
87,Historic Vance-Ghalibaf talks must bridge deep distrust,https://www.bbc.com/news/articles/cn9qzl12537o,10,"He dismissed what was widely seen as the foreign policy highlight of the Obama administration as the ""worst deal in history""."
87,Historic Vance-Ghalibaf talks must bridge deep distrust,https://www.bbc.com/news/articles/cn9qzl12537o,11,"Those talks, in endless rounds stretching over nearly 18 months of breakthroughs and breakdowns, were the last high-level meetings between the then-US Secretary of State John Kerry and Iran's then-Foreign Minister Mohammad Javad Zarif."
87,Historic Vance-Ghalibaf talks must bridge deep distrust,https://www.bbc.com/news/articles/cn9qzl12537o,12,"Efforts since then, including during US President Joe Biden's term, made little headway."
87,Historic Vance-Ghalibaf talks must bridge deep distrust,https://www.bbc.com/news/articles/cn9qzl12537o,13,"""The dispatch of more senior officials and high stakes of failure for all sides could open possibilities that weren't there before,"" assesses Ali Vaez of the International Crisis Group, who has followed all the twists and turns over many years."
87,Historic Vance-Ghalibaf talks must bridge deep distrust,https://www.bbc.com/news/articles/cn9qzl12537o,14,"But, he cautions, this time is still ""exponentially harder""."
87,Historic Vance-Ghalibaf talks must bridge deep distrust,https://www.bbc.com/news/articles/cn9qzl12537o,15,The gaps between the two sides remain very wide and the distrust runs very deep.
87,Historic Vance-Ghalibaf talks must bridge deep distrust,https://www.bbc.com/news/articles/cn9qzl12537o,16,"That well is especially vast for Tehran after their last two series of negotiations, in June 2025 and February this year, were suddenly whacked by the opening salvos of a US-Israeli war."
87,Historic Vance-Ghalibaf talks must bridge deep distrust,https://www.bbc.com/news/articles/cn9qzl12537o,17,"And, when they do talk, their negotiating styles are poles apart."
87,Historic Vance-Ghalibaf talks must bridge deep distrust,https://www.bbc.com/news/articles/cn9qzl12537o,18,"Trump boasts he has the best dealmakers in his special envoy Steve Witkoff, a former property developer, and his son-in-law Jared Kushner, his go-to person during his first term, when the Abraham Accords normalised relations between Israel and a few Arab states while sidelining the Palestinians."
87,Historic Vance-Ghalibaf talks must bridge deep distrust,https://www.bbc.com/news/articles/cn9qzl12537o,19,"But Iran, which now views these envoys as too close to Israel, insisted on raising the level of engagement, specifically to Vance."
87,Historic Vance-Ghalibaf talks must bridge deep distrust,https://www.bbc.com/news/articles/cn9qzl12537o,20,"Not only does he hold a formal position within the US administration, rather than being a friend or family member, he is also seen as the strongest sceptic of this military campaign in Trump's team."
87,Historic Vance-Ghalibaf talks must bridge deep distrust,https://www.bbc.com/news/articles/cn9qzl12537o,21,"Iran's approach has also imposed limitations, especially in its insistence that the negotiations mainly be conducted indirectly, through Oman, their trusted mediator."
87,Historic Vance-Ghalibaf talks must bridge deep distrust,https://www.bbc.com/news/articles/cn9qzl12537o,22,"In Geneva in February, behind high walls and away from the world's cameras, some direct conversations did take place in the midst of the indirect exchanges."
87,Historic Vance-Ghalibaf talks must bridge deep distrust,https://www.bbc.com/news/articles/cn9qzl12537o,23,"But Iranian hardliners, deeply distrustful of this track, were said to have tied the hands of negotiators who also wanted to avoid any risk of hostile or humiliating exchanges."
87,Historic Vance-Ghalibaf talks must bridge deep distrust,https://www.bbc.com/news/articles/cn9qzl12537o,24,Witkoff's signature style had been to usually arrive on his own.
87,Historic Vance-Ghalibaf talks must bridge deep distrust,https://www.bbc.com/news/articles/cn9qzl12537o,25,Diplomatic sources involved in this process say he often didn't even take notes - which only heightened Iranian suspicion and meant the talks often went in circles.
87,Historic Vance-Ghalibaf talks must bridge deep distrust,https://www.bbc.com/news/articles/cn9qzl12537o,26,Then Kushner was added to his team.
87,Historic Vance-Ghalibaf talks must bridge deep distrust,https://www.bbc.com/news/articles/cn9qzl12537o,27,The contrast with the negotiations a decade ago couldn't be starker – the US and Iranian delegations included strong contingents of experienced diplomats and leading physicists.
87,Historic Vance-Ghalibaf talks must bridge deep distrust,https://www.bbc.com/news/articles/cn9qzl12537o,28,"They were also bolstered by senior European diplomats as well as foreign ministers from the other four permanent members of the UN Security Council - the UK, France, China and Russia."
87,Historic Vance-Ghalibaf talks must bridge deep distrust,https://www.bbc.com/news/articles/cn9qzl12537o,29,"In the last rounds in February this year, progress is said to have been made when the two delegations were assisted by the technical expertise of the International Atomic Energy Agency (IAEA) head Rafael Grossi and seasoned mediators from other countries."
87,Historic Vance-Ghalibaf talks must bridge deep distrust,https://www.bbc.com/news/articles/cn9qzl12537o,30,"They were said to have narrowed some but not all of the gaps, at least on the nuclear file, where Iran offered new concessions including the dilution of its highly enriched uranium."
87,Historic Vance-Ghalibaf talks must bridge deep distrust,https://www.bbc.com/news/articles/cn9qzl12537o,31,Then war was unleashed again.
87,Historic Vance-Ghalibaf talks must bridge deep distrust,https://www.bbc.com/news/articles/cn9qzl12537o,32,Now these hostilities have shifted the security calculus – for all sides.
87,Historic Vance-Ghalibaf talks must bridge deep distrust,https://www.bbc.com/news/articles/cn9qzl12537o,33,"Even before this conflict, hardline voices within Iran's security establishment were arguing for the development of a nuclear bomb."
87,Historic Vance-Ghalibaf talks must bridge deep distrust,https://www.bbc.com/news/articles/cn9qzl12537o,34,"Iran will now insist on keeping its arsenal of ballistic missiles for self-defence, and holding sway over the Strait of Hormuz."
87,Historic Vance-Ghalibaf talks must bridge deep distrust,https://www.bbc.com/news/articles/cn9qzl12537o,35,It gives Tehran major leverage and a desperately needed economic lifeline.
87,Historic Vance-Ghalibaf talks must bridge deep distrust,https://www.bbc.com/news/articles/cn9qzl12537o,36,"But most Gulf states, who had opposed the 2015 nuclear deal before later reaching a cautious rapprochement with their neighbour, are now demanding that the missiles which slammed into their countries need to be on the negotiating table."
87,Historic Vance-Ghalibaf talks must bridge deep distrust,https://www.bbc.com/news/articles/cn9qzl12537o,37,"Israel, and in particular its Prime Minister Benjamin Netanyahu, is certain to be on the phone, or rushing to the White House, to ensure deep-seated worries about Iran's threats are addressed."
87,Historic Vance-Ghalibaf talks must bridge deep distrust,https://www.bbc.com/news/articles/cn9qzl12537o,38,There's an echo of another historic time.
87,Historic Vance-Ghalibaf talks must bridge deep distrust,https://www.bbc.com/news/articles/cn9qzl12537o,39,"Thirteen years ago, Iran's late Supreme Leader Ayatollah Ali Khamenei made a reluctant decision to allow his negotiators to intensify nuclear talks with the US to try to reach a deal."
87,Historic Vance-Ghalibaf talks must bridge deep distrust,https://www.bbc.com/news/articles/cn9qzl12537o,40,"It was called ""heroic flexibility""."
87,Historic Vance-Ghalibaf talks must bridge deep distrust,https://www.bbc.com/news/articles/cn9qzl12537o,41,"Tehran's top cleric didn't trust the country he scorned as ""the Great Satan""."
87,Historic Vance-Ghalibaf talks must bridge deep distrust,https://www.bbc.com/news/articles/cn9qzl12537o,42,"But Iran's newly elected reformist president, Hassan Rouhani, convinced him that their dire economic straits gave them no other choice but to do everything they could to lift crippling international sanctions."
87,Historic Vance-Ghalibaf talks must bridge deep distrust,https://www.bbc.com/news/articles/cn9qzl12537o,43,"Now, his son Mojtaba Khamenei - who rose to power after his father's assassination in the early hours of this war - has given the go-ahead for his negotiators to meet US envoys in Islamabad."
87,Historic Vance-Ghalibaf talks must bridge deep distrust,https://www.bbc.com/news/articles/cn9qzl12537o,44,"But he was injured in that attack and the extent of his involvement, and authority, is far from clear."
87,Historic Vance-Ghalibaf talks must bridge deep distrust,https://www.bbc.com/news/articles/cn9qzl12537o,45,"The hardliners, most of all the powerful Islamic Revolutionary Guards, are now calling the shots."
87,Historic Vance-Ghalibaf talks must bridge deep distrust,https://www.bbc.com/news/articles/cn9qzl12537o,46,Iran's economy is mired in a much deeper crisis.
87,Historic Vance-Ghalibaf talks must bridge deep distrust,https://www.bbc.com/news/articles/cn9qzl12537o,47,And it's facing more significant dissent at home after January's nation-wide protests were crushed with many thousands of casualties.
87,Historic Vance-Ghalibaf talks must bridge deep distrust,https://www.bbc.com/news/articles/cn9qzl12537o,48,"A nation shaken by this grievous war now struggles to hold onto hope for economic and social change, and for some, fundamental change."
87,Historic Vance-Ghalibaf talks must bridge deep distrust,https://www.bbc.com/news/articles/cn9qzl12537o,49,"Trump insists these six weeks of war achieved ""regime change"" and he describes Iran's new leaders as ""less radical, much more reasonable""."
87,Historic Vance-Ghalibaf talks must bridge deep distrust,https://www.bbc.com/news/articles/cn9qzl12537o,50,The moment of truth could be approaching – for all sides.
87,Historic Vance-Ghalibaf talks must bridge deep distrust,https://www.bbc.com/news/articles/cn9qzl12537o,51,And there's another sobering thought.
87,Historic Vance-Ghalibaf talks must bridge deep distrust,https://www.bbc.com/news/articles/cn9qzl12537o,52,"Thirteen years ago, as talks got under way, their statements spoke of the two sides being ""far apart""."
87,Historic Vance-Ghalibaf talks must bridge deep distrust,https://www.bbc.com/news/articles/cn9qzl12537o,53,"Iran demanded that the US recognise its ""right"" to enrich uranium – which the US rejected, voicing its suspicion that the Islamic Republic was seeking a nuclear weapon."
87,Historic Vance-Ghalibaf talks must bridge deep distrust,https://www.bbc.com/news/articles/cn9qzl12537o,54,"For now, the US seems to be saying that right would be recognised - as long as there's no enrichment in Iran."
87,Historic Vance-Ghalibaf talks must bridge deep distrust,https://www.bbc.com/news/articles/cn9qzl12537o,55,"History may not repeat itself, but it does rhyme."
88,The five big sticking points in US-Iran talks,https://www.bbc.com/news/articles/cx2wyn8wdz0o,1,"The venue is ready, the guards are in place and the kerb along the approach road has received a fresh coat of yellow and black paint."
88,The five big sticking points in US-Iran talks,https://www.bbc.com/news/articles/cx2wyn8wdz0o,2,"As hosts of vital US-Iranian talks, the Pakistani government officials are making optimistic noises, emphasising that unlike many others, they enjoy the trust of both sides."
88,The five big sticking points in US-Iran talks,https://www.bbc.com/news/articles/cx2wyn8wdz0o,3,"The man heading the US delegation, Vice-President JD Vance, is also sounding upbeat."
88,The five big sticking points in US-Iran talks,https://www.bbc.com/news/articles/cx2wyn8wdz0o,4,"""If the Iranians are willing to negotiate in good faith,"" he said before leaving the US, ""we're certainly willing to extend the open hand."""
88,The five big sticking points in US-Iran talks,https://www.bbc.com/news/articles/cx2wyn8wdz0o,5,"""If they're going to try to play us, then they're going to find the negotiating team is not that receptive."""
88,The five big sticking points in US-Iran talks,https://www.bbc.com/news/articles/cx2wyn8wdz0o,6,It's fair to say that a whole mountain of obstacles lies ahead.
88,The five big sticking points in US-Iran talks,https://www.bbc.com/news/articles/cx2wyn8wdz0o,7,"Israel's ongoing campaign against Iran's Lebanese ally , armed group Hezbollah, threatens to derail the talks before they've even started."
88,The five big sticking points in US-Iran talks,https://www.bbc.com/news/articles/cx2wyn8wdz0o,8,"""The continuation of these actions will render negotiations meaningless,"" Iran's President Masoud Pezeshkian posted on X."
88,The five big sticking points in US-Iran talks,https://www.bbc.com/news/articles/cx2wyn8wdz0o,9,"""Our fingers remain on the trigger."
88,The five big sticking points in US-Iran talks,https://www.bbc.com/news/articles/cx2wyn8wdz0o,10,"Iran will never abandon its Lebanese sisters and brothers."""
88,The five big sticking points in US-Iran talks,https://www.bbc.com/news/articles/cx2wyn8wdz0o,11,"Israel's Prime Minister Benjamin Netanyahu says there is ""no ceasefire"" when it comes to Hezbollah, but Israel's repeated warning to residents of Beirut's southern suburbs to evacuate has yet to result in any further action."
88,The five big sticking points in US-Iran talks,https://www.bbc.com/news/articles/cx2wyn8wdz0o,12,"US President Donald Trump says Israel's action in Lebanon will now be ""a little more low key"", and the US State Department says direct talks between Israel and Lebanon will take place in Washington next week."
88,The five big sticking points in US-Iran talks,https://www.bbc.com/news/articles/cx2wyn8wdz0o,13,Whether it will be low key enough to satisfy Iran remains to be seen.
88,The five big sticking points in US-Iran talks,https://www.bbc.com/news/articles/cx2wyn8wdz0o,14,Another issue with the potential to stymie talks from the beginning is the crucial oil shipping passage the Strait of Hormuz.
88,The five big sticking points in US-Iran talks,https://www.bbc.com/news/articles/cx2wyn8wdz0o,15,"Trump says Iran is ""doing a very poor job"" of allowing ships through the strait , despite initially saying it would."
88,The five big sticking points in US-Iran talks,https://www.bbc.com/news/articles/cx2wyn8wdz0o,16,"""This is not the agreement we have!"""
88,The five big sticking points in US-Iran talks,https://www.bbc.com/news/articles/cx2wyn8wdz0o,17,"he declared in a Truth Social post, accusing Iran of being ""dishonourable""."
88,The five big sticking points in US-Iran talks,https://www.bbc.com/news/articles/cx2wyn8wdz0o,18,"Very few vessels are passing through , with hundreds of ships and an estimated 20,000 seafarers still trapped inside the Gulf."
88,The five big sticking points in US-Iran talks,https://www.bbc.com/news/articles/cx2wyn8wdz0o,19,"Having achieved its chokehold on this vital waterway, Iran seems determined to formalise it, calling it sovereign Iranian water and talking about a new set of rules to govern what can and can't pass through."
88,The five big sticking points in US-Iran talks,https://www.bbc.com/news/articles/cx2wyn8wdz0o,20,"On Thursday, it announced the creation of new transit routes, north of the two existing traffic separation channels."
88,The five big sticking points in US-Iran talks,https://www.bbc.com/news/articles/cx2wyn8wdz0o,21,"In a statement which played very consciously on existing fears among shipping companies, it said the new routes were necessary ""to avoid the presence of various types of anti-ship mines in the main traffic zone""."
88,The five big sticking points in US-Iran talks,https://www.bbc.com/news/articles/cx2wyn8wdz0o,22,"Amid reports that some of the ships that have made it through in recent weeks have paid a $2m (£1.5m) toll, Trump has warned that Iran ""better not be charging fees to tankers""."
88,The five big sticking points in US-Iran talks,https://www.bbc.com/news/articles/cx2wyn8wdz0o,23,"Arguably the biggest, and certainly the most long-standing, bone of contention is nuclear."
88,The five big sticking points in US-Iran talks,https://www.bbc.com/news/articles/cx2wyn8wdz0o,24,"Trump said he was launching Operation Epic Fury, in part, to make sure Iran ""can never have a nuclear weapon""."
88,The five big sticking points in US-Iran talks,https://www.bbc.com/news/articles/cx2wyn8wdz0o,25,"Iran says it has never sought to build a bomb  - a claim most western governments view with enormous scepticism – but insists that as signatories to the Nuclear Non-Proliferation Treaty, they have the right to enrich uranium for civilian purposes."
88,The five big sticking points in US-Iran talks,https://www.bbc.com/news/articles/cx2wyn8wdz0o,26,"Iran's 10-point proposal, which Trump described as ""a workable basis on which to negotiate"" includes a demand for international recognition of its enrichment rights."
88,The five big sticking points in US-Iran talks,https://www.bbc.com/news/articles/cx2wyn8wdz0o,27,"Trump's own 15-point plan reportedly demands that Iran ""end all uranium enrichment on Iranian soil""."
88,The five big sticking points in US-Iran talks,https://www.bbc.com/news/articles/cx2wyn8wdz0o,28,"But asked about this earlier this week, Secretary of Defence Pete Hegseth merely said Iran would ""never had a nuclear weapon or the capability to get a path to one""."
88,The five big sticking points in US-Iran talks,https://www.bbc.com/news/articles/cx2wyn8wdz0o,29,"It took years for international negotiators to reach the 2015 Joint Comprehensive Plan of Action (JCPOA), which tackled this thorny issue in enormous detail."
88,The five big sticking points in US-Iran talks,https://www.bbc.com/news/articles/cx2wyn8wdz0o,30,Are the two sides ready to discuss a new deal?
88,The five big sticking points in US-Iran talks,https://www.bbc.com/news/articles/cx2wyn8wdz0o,31,"Iran's network of regional allies and proxies – Hezbollah in Lebanon, the Houthis in Yemen, Hamas in Gaza and an assortment of militias in Iraq – has given Tehran regional clout, allowing Iran to exercise what is often called ""forward defence"" in its long-running disputes with Israel and the United States."
88,The five big sticking points in US-Iran talks,https://www.bbc.com/news/articles/cx2wyn8wdz0o,32,"Since the start of the Gaza war in October 2023, the network Iran calls the ""Axis of Resistance"" has been under constant attack."
88,The five big sticking points in US-Iran talks,https://www.bbc.com/news/articles/cx2wyn8wdz0o,33,"One part of it, the regime of the former Syrian dictator Bashar al-Assad, no longer exists."
88,The five big sticking points in US-Iran talks,https://www.bbc.com/news/articles/cx2wyn8wdz0o,34,"But Israel sees what it calls the ""Axis of Evil"" as representing an existential threat, which needs to be fully eradicated."
88,The five big sticking points in US-Iran talks,https://www.bbc.com/news/articles/cx2wyn8wdz0o,35,"At a time when the Iranian economy is buckling, many Iranians would also like to see their government spending less on foreign adventurism and more on making their lives easier."
88,The five big sticking points in US-Iran talks,https://www.bbc.com/news/articles/cx2wyn8wdz0o,36,But there's little sign yet that Iran is ready to give up on its allies.
88,The five big sticking points in US-Iran talks,https://www.bbc.com/news/articles/cx2wyn8wdz0o,37,The Islamic regime has suffered crippling international sanctions for decades.
88,The five big sticking points in US-Iran talks,https://www.bbc.com/news/articles/cx2wyn8wdz0o,38,It's demanding the lifting of all US and international sanctions as part of any deal.
88,The five big sticking points in US-Iran talks,https://www.bbc.com/news/articles/cx2wyn8wdz0o,39,"On Friday, the speaker of parliament, Mohammad Bagher Qalibaf, said an estimated $120bn (£89bn) of frozen Iranian assets must be released before negotiations begin."
88,The five big sticking points in US-Iran talks,https://www.bbc.com/news/articles/cx2wyn8wdz0o,40,"This, he said, was one of two previously agreed measures (the other being a ceasefire in Lebanon)."
88,The five big sticking points in US-Iran talks,https://www.bbc.com/news/articles/cx2wyn8wdz0o,41,But the 7 April statement from Pakistan's Prime Minister Shehbaz Sharif announcing the two-week ceasefire said nothing about the release of frozen assets.
88,The five big sticking points in US-Iran talks,https://www.bbc.com/news/articles/cx2wyn8wdz0o,42,It's not clear what agreement Qalibaf was referring to.
88,The five big sticking points in US-Iran talks,https://www.bbc.com/news/articles/cx2wyn8wdz0o,43,It seems highly unlikely that the Trump administration is willing to make such a substantial concession just to get the talks started.
89,"Ceasefire or no ceasefire, the Middle East's reshuffling is not yet done",https://www.bbc.com/news/articles/cp3l4yk5rlgo,1,The best hope for the ceasefire talks in Pakistan is that both the United States and Iran have strong reasons to call a halt to the war.
89,"Ceasefire or no ceasefire, the Middle East's reshuffling is not yet done",https://www.bbc.com/news/articles/cp3l4yk5rlgo,2,"The biggest obstacle to their success is a total absence of trust, no discernible common ground and the fact that Israel, America's full partner in the war, has hugely escalated its onslaught on Lebanon."
89,"Ceasefire or no ceasefire, the Middle East's reshuffling is not yet done",https://www.bbc.com/news/articles/cp3l4yk5rlgo,3,US President Donald Trump is already speaking about the war in the past tense.
89,"Ceasefire or no ceasefire, the Middle East's reshuffling is not yet done",https://www.bbc.com/news/articles/cp3l4yk5rlgo,4,He has declared victory and needs an exit.
89,"Ceasefire or no ceasefire, the Middle East's reshuffling is not yet done",https://www.bbc.com/news/articles/cp3l4yk5rlgo,5,"Not only does he have a state visit from King Charles in the diary for later this month, followed by a summit with China's President Xi Jinping in May, there are midterm elections in November."
89,"Ceasefire or no ceasefire, the Middle East's reshuffling is not yet done",https://www.bbc.com/news/articles/cp3l4yk5rlgo,6,"With America's summer holiday season looming, Trump also needs petrol prices to fall back to where they were before he went to war."
89,"Ceasefire or no ceasefire, the Middle East's reshuffling is not yet done",https://www.bbc.com/news/articles/cp3l4yk5rlgo,7,"Royal visits, summits and elections do not mix well with wars."
89,"Ceasefire or no ceasefire, the Middle East's reshuffling is not yet done",https://www.bbc.com/news/articles/cp3l4yk5rlgo,8,Iran's regime has its own reasons to end the war.
89,"Ceasefire or no ceasefire, the Middle East's reshuffling is not yet done",https://www.bbc.com/news/articles/cp3l4yk5rlgo,9,"It is as defiant as ever, still able to launch missiles and drones, with its social media warriors pouring out AI videos lampooning Donald Trump."
89,"Ceasefire or no ceasefire, the Middle East's reshuffling is not yet done",https://www.bbc.com/news/articles/cp3l4yk5rlgo,10,But Iran has suffered massive damage.
89,"Ceasefire or no ceasefire, the Middle East's reshuffling is not yet done",https://www.bbc.com/news/articles/cp3l4yk5rlgo,11,Cities have come to an economic standstill and the regime needs time to regroup and will try to use the talks in Pakistan to strengthen its position.
89,"Ceasefire or no ceasefire, the Middle East's reshuffling is not yet done",https://www.bbc.com/news/articles/cp3l4yk5rlgo,12,The Pakistani intermediaries who will be shuttling between the two delegations have a tough job on their hands.
89,"Ceasefire or no ceasefire, the Middle East's reshuffling is not yet done",https://www.bbc.com/news/articles/cp3l4yk5rlgo,13,The declared positions of the two sides are as far apart as it is possible to be.
89,"Ceasefire or no ceasefire, the Middle East's reshuffling is not yet done",https://www.bbc.com/news/articles/cp3l4yk5rlgo,14,Trump has a 15-point plan that has not been published but leaked versions make it sound more like a surrender document than a basis for negotiation.
89,"Ceasefire or no ceasefire, the Middle East's reshuffling is not yet done",https://www.bbc.com/news/articles/cp3l4yk5rlgo,15,Iran's 10-point plan contains a list of demands that America has consistently rejected in the past.
89,"Ceasefire or no ceasefire, the Middle East's reshuffling is not yet done",https://www.bbc.com/news/articles/cp3l4yk5rlgo,16,Creating a more durable ceasefire will require some kind of agreement to at least keep talking about the two sides' contradictory lists of intractable issues.
89,"Ceasefire or no ceasefire, the Middle East's reshuffling is not yet done",https://www.bbc.com/news/articles/cp3l4yk5rlgo,17,It would be hard enough to work through them in peacetime.
89,"Ceasefire or no ceasefire, the Middle East's reshuffling is not yet done",https://www.bbc.com/news/articles/cp3l4yk5rlgo,18,"In wartime, without any kind of mutual trust, even a form of words that keeps the ceasefire going irrespective of there being no agreement on wider issues will look positive."
89,"Ceasefire or no ceasefire, the Middle East's reshuffling is not yet done",https://www.bbc.com/news/articles/cp3l4yk5rlgo,19,No agreement at all points towards the road back to war.
89,"Ceasefire or no ceasefire, the Middle East's reshuffling is not yet done",https://www.bbc.com/news/articles/cp3l4yk5rlgo,20,"The newest, and most urgent problem they face concerns reopening the Strait of Hormuz, the narrow exit from the Gulf."
89,"Ceasefire or no ceasefire, the Middle East's reshuffling is not yet done",https://www.bbc.com/news/articles/cp3l4yk5rlgo,21,Keeping it closed gives Iran a chokehold on the world economy.
89,"Ceasefire or no ceasefire, the Middle East's reshuffling is not yet done",https://www.bbc.com/news/articles/cp3l4yk5rlgo,22,Reopening the waterway that was used by hundreds of ships a day until the US and Israel attacked Iran has become the central issue in the negotiation.
89,"Ceasefire or no ceasefire, the Middle East's reshuffling is not yet done",https://www.bbc.com/news/articles/cp3l4yk5rlgo,23,The millions of civilians in the Middle East who have been caught up in this conflict hope this negotiation will be the war's endgame.
89,"Ceasefire or no ceasefire, the Middle East's reshuffling is not yet done",https://www.bbc.com/news/articles/cp3l4yk5rlgo,24,"The Americans did not expect to be spending early April sitting down to ceasefire talks when, alongside Israel on 28 February, they ignited the war with huge strikes that killed among many others Iran's supreme leader, his wife and other members of their family."
89,"Ceasefire or no ceasefire, the Middle East's reshuffling is not yet done",https://www.bbc.com/news/articles/cp3l4yk5rlgo,25,"Trump was expecting a quick victory, an Iranian version of the US military's stunning kidnap of the Venezuelan leader Nicolas Maduro and his wife in January."
89,"Ceasefire or no ceasefire, the Middle East's reshuffling is not yet done",https://www.bbc.com/news/articles/cp3l4yk5rlgo,26,"Both are on trial in New York on narco-terrorism charges, and the US has installed his former deputy in the presidential palace."
89,"Ceasefire or no ceasefire, the Middle East's reshuffling is not yet done",https://www.bbc.com/news/articles/cp3l4yk5rlgo,27,"Hopes – expectations – that killing Iran's supreme leader, Ayatollah Ali Khamanei, in the war's first wave of airstrikes would lead to the collapse of the regime were wildly misplaced."
89,"Ceasefire or no ceasefire, the Middle East's reshuffling is not yet done",https://www.bbc.com/news/articles/cp3l4yk5rlgo,28,His son Mojtaba has not been seen since he was appointed as his successor.
89,"Ceasefire or no ceasefire, the Middle East's reshuffling is not yet done",https://www.bbc.com/news/articles/cp3l4yk5rlgo,29,"There is speculation that he was badly hurt in the attack that killed his parents, as well as reportedly his sister, his wife and one of his sons."
89,"Ceasefire or no ceasefire, the Middle East's reshuffling is not yet done",https://www.bbc.com/news/articles/cp3l4yk5rlgo,30,"With or without the active participation of the new supreme leader, Iran's regime has demonstrated depths of resilience that took Trump by surprise."
89,"Ceasefire or no ceasefire, the Middle East's reshuffling is not yet done",https://www.bbc.com/news/articles/cp3l4yk5rlgo,31,"Now Donald Trump's representatives, led by his Vice-President JD Vance, must negotiate with adversaries that they claim, incorrectly, to have defeated."
89,"Ceasefire or no ceasefire, the Middle East's reshuffling is not yet done",https://www.bbc.com/news/articles/cp3l4yk5rlgo,32,"""A capital V military victory"", as US Defence Secretary Pete Hegseth put it."
89,"Ceasefire or no ceasefire, the Middle East's reshuffling is not yet done",https://www.bbc.com/news/articles/cp3l4yk5rlgo,33,The war that the US and Israel ignited is already reshuffling Middle Eastern geopolitics.
89,"Ceasefire or no ceasefire, the Middle East's reshuffling is not yet done",https://www.bbc.com/news/articles/cp3l4yk5rlgo,34,"As the longer-term consequences of the war reveal themselves, that process will deepen."
89,"Ceasefire or no ceasefire, the Middle East's reshuffling is not yet done",https://www.bbc.com/news/articles/cp3l4yk5rlgo,35,The US and Israel have done immense damage to Iran's armed forces as well as its military and civilian infrastructure.
89,"Ceasefire or no ceasefire, the Middle East's reshuffling is not yet done",https://www.bbc.com/news/articles/cp3l4yk5rlgo,36,"However, while the Iranian regime may be battered, it's also intact."
89,"Ceasefire or no ceasefire, the Middle East's reshuffling is not yet done",https://www.bbc.com/news/articles/cp3l4yk5rlgo,37,Regime change is not happening.
89,"Ceasefire or no ceasefire, the Middle East's reshuffling is not yet done",https://www.bbc.com/news/articles/cp3l4yk5rlgo,38,Iran can still launch missiles and drones.
89,"Ceasefire or no ceasefire, the Middle East's reshuffling is not yet done",https://www.bbc.com/news/articles/cp3l4yk5rlgo,39,"That means that despite loud claims, the US and Israel have not translated tactical victories into strategic advances."
89,"Ceasefire or no ceasefire, the Middle East's reshuffling is not yet done",https://www.bbc.com/news/articles/cp3l4yk5rlgo,40,"Iran, on the other hand, has shown that the closing of the Strait of Hormuz gives it a strategic edge that Donald Trump either dismissed or did not understand when he listened to Israeli Prime Minister Benjamin Netanyahu's arguments for going to war with Iran."
89,"Ceasefire or no ceasefire, the Middle East's reshuffling is not yet done",https://www.bbc.com/news/articles/cp3l4yk5rlgo,41,It should not have been a surprise that Iran blocked the Strait when it was attacked.
89,"Ceasefire or no ceasefire, the Middle East's reshuffling is not yet done",https://www.bbc.com/news/articles/cp3l4yk5rlgo,42,"Iran has threatened to do so in the past, and disrupted oil shipments there during the war with Iraq in the first years of the Islamic Republic in the 1980s."
89,"Ceasefire or no ceasefire, the Middle East's reshuffling is not yet done",https://www.bbc.com/news/articles/cp3l4yk5rlgo,43,"For decades, wargaming the impact of a closure has been a standard part of planning in ministries of foreign affairs and defence in all the countries that depend on shipping routed through the Strait, including the US, but that did not stop Donald Trump's rush into an ill-advised war."
89,"Ceasefire or no ceasefire, the Middle East's reshuffling is not yet done",https://www.bbc.com/news/articles/cp3l4yk5rlgo,44,"Until the US and Israel attacked Iran, ships carrying 20% of the world's oil and gas transited the Strait every day."
89,"Ceasefire or no ceasefire, the Middle East's reshuffling is not yet done",https://www.bbc.com/news/articles/cp3l4yk5rlgo,45,They also carried other vital byproducts of petrochemical industries that go into agricultural fertiliser and high-tech products including semiconductors.
89,"Ceasefire or no ceasefire, the Middle East's reshuffling is not yet done",https://www.bbc.com/news/articles/cp3l4yk5rlgo,46,"In an integrated global economy, the impact of blocking the Strait is amplified, perhaps more than even Iran's leaders expected."
89,"Ceasefire or no ceasefire, the Middle East's reshuffling is not yet done",https://www.bbc.com/news/articles/cp3l4yk5rlgo,47,The ability to stop shipping using one of the world's most important trading arteries is a potent weapon that Iran wants to turn into a long-term strategic gain.
89,"Ceasefire or no ceasefire, the Middle East's reshuffling is not yet done",https://www.bbc.com/news/articles/cp3l4yk5rlgo,48,"Alongside demands for the closure of US bases in the region, for reparations for war damage, a return to the enrichment of uranium and the lifting of sanctions, Iran wants to institutionalise its control of the Strait."
89,"Ceasefire or no ceasefire, the Middle East's reshuffling is not yet done",https://www.bbc.com/news/articles/cp3l4yk5rlgo,49,Doing a deal on the Strait will be every bit as difficult as discussing Iran's nuclear capacities.
89,"Ceasefire or no ceasefire, the Middle East's reshuffling is not yet done",https://www.bbc.com/news/articles/cp3l4yk5rlgo,50,"Iran's nuclear programme was intended to produce more options to deter enemies, whether or not they took the step of turning enriched uranium into a bomb."
89,"Ceasefire or no ceasefire, the Middle East's reshuffling is not yet done",https://www.bbc.com/news/articles/cp3l4yk5rlgo,51,"It turns out that closing the Strait of Hormuz is way cheaper, potentially devastating to the economies of neighbours and enemies, and much easier to implement."
89,"Ceasefire or no ceasefire, the Middle East's reshuffling is not yet done",https://www.bbc.com/news/articles/cp3l4yk5rlgo,52,"During the two-week ceasefire already agreed, Iran is insisting that any ship that wants to transit the Strait of Hormuz will need the permission of Iran's armed forces, or it will be attacked and destroyed."
89,"Ceasefire or no ceasefire, the Middle East's reshuffling is not yet done",https://www.bbc.com/news/articles/cp3l4yk5rlgo,53,It has charged some of the few vessels that have been allowed through millions of dollars in tolls.
89,"Ceasefire or no ceasefire, the Middle East's reshuffling is not yet done",https://www.bbc.com/news/articles/cp3l4yk5rlgo,54,"If that continues it would be able to raise billions, a prospect that horrifies Gulf Arab states."
89,"Ceasefire or no ceasefire, the Middle East's reshuffling is not yet done",https://www.bbc.com/news/articles/cp3l4yk5rlgo,55,"To double the challenges for the world economy, the Houthis, Iran's ally in Yemen, showed during the Gaza war that they can use their firepower to block Bab al-Mandab, the narrow strait at the southern end of the Red Sea."
89,"Ceasefire or no ceasefire, the Middle East's reshuffling is not yet done",https://www.bbc.com/news/articles/cp3l4yk5rlgo,56,"The Saudis are pumping oil that would normally be exported through the Gulf and the Strait of Hormuz through a pipeline to their Red Sea ports, where it can be shipped to Asia."
89,"Ceasefire or no ceasefire, the Middle East's reshuffling is not yet done",https://www.bbc.com/news/articles/cp3l4yk5rlgo,57,That would stop if the Houthis blocked the exit south through Bab al-Mandab.
89,"Ceasefire or no ceasefire, the Middle East's reshuffling is not yet done",https://www.bbc.com/news/articles/cp3l4yk5rlgo,58,"Ayatollah Ali Khamenei, the supreme leader killed by Israel at the start of the war, mixed hardline suspicion of America, Israel and the west with a reputation for caution."
89,"Ceasefire or no ceasefire, the Middle East's reshuffling is not yet done",https://www.bbc.com/news/articles/cp3l4yk5rlgo,59,"The younger men, mostly from the Islamic Revolutionary Guard Corps who are now in charge, share his views but not necessarily his instinct to wait and see."
89,"Ceasefire or no ceasefire, the Middle East's reshuffling is not yet done",https://www.bbc.com/news/articles/cp3l4yk5rlgo,60,"Mere survival equals victory for them, which is a claim that the regime's mouthpieces have trumpeted loudly."
89,"Ceasefire or no ceasefire, the Middle East's reshuffling is not yet done",https://www.bbc.com/news/articles/cp3l4yk5rlgo,61,"Now, they might also have a chance to rebuild what they lost in the war."
89,"Ceasefire or no ceasefire, the Middle East's reshuffling is not yet done",https://www.bbc.com/news/articles/cp3l4yk5rlgo,62,"Israel's Benjamin Netanyahu also had a reputation for caution, despite years of aggressive rhetoric – until the Hamas attacks on 7 October 2023."
89,"Ceasefire or no ceasefire, the Middle East's reshuffling is not yet done",https://www.bbc.com/news/articles/cp3l4yk5rlgo,63,Now he has embraced a doctrine of war.
89,"Ceasefire or no ceasefire, the Middle East's reshuffling is not yet done",https://www.bbc.com/news/articles/cp3l4yk5rlgo,64,He has repeatedly promised Israelis he is using their undoubted power and ingenuity to reshape the Middle East in a way that will strengthen their country.
89,"Ceasefire or no ceasefire, the Middle East's reshuffling is not yet done",https://www.bbc.com/news/articles/cp3l4yk5rlgo,65,Netanyahu's aggressive pursuit of his aims has turned Israel into the country that its neighbours see as the single most disruptive force in the region.
89,"Ceasefire or no ceasefire, the Middle East's reshuffling is not yet done",https://www.bbc.com/news/articles/cp3l4yk5rlgo,66,"Destroying Iran's capacity to threaten Israel, directly or through allies and proxies, has been a major preoccupation for Netanyahu throughout his long political life."
89,"Ceasefire or no ceasefire, the Middle East's reshuffling is not yet done",https://www.bbc.com/news/articles/cp3l4yk5rlgo,67,"His desire to continue attacking Iran's Lebanese ally Hezbollah could scupper the ceasefire talks in Pakistan, even if Trump demands a pause in bombing Iran."
89,"Ceasefire or no ceasefire, the Middle East's reshuffling is not yet done",https://www.bbc.com/news/articles/cp3l4yk5rlgo,68,"During the first day of the ceasefire, Israel hit Lebanon with huge airstrikes that killed more than 300 people, according to the health ministry in Beirut."
89,"Ceasefire or no ceasefire, the Middle East's reshuffling is not yet done",https://www.bbc.com/news/articles/cp3l4yk5rlgo,69,"After that, Iran told the Americans that they had a choice – ceasefire or a return to war."
89,"Ceasefire or no ceasefire, the Middle East's reshuffling is not yet done",https://www.bbc.com/news/articles/cp3l4yk5rlgo,70,The Israeli press reported that Trump asked Netanyahu for restraint.
89,"Ceasefire or no ceasefire, the Middle East's reshuffling is not yet done",https://www.bbc.com/news/articles/cp3l4yk5rlgo,71,"He agreed to Lebanon's request for direct talks, while ordering more airstrikes."
89,"Ceasefire or no ceasefire, the Middle East's reshuffling is not yet done",https://www.bbc.com/news/articles/cp3l4yk5rlgo,72,Iran and Pakistan say the ceasefire applies to Lebanon.
89,"Ceasefire or no ceasefire, the Middle East's reshuffling is not yet done",https://www.bbc.com/news/articles/cp3l4yk5rlgo,73,Israel and the US say it does not.
89,"Ceasefire or no ceasefire, the Middle East's reshuffling is not yet done",https://www.bbc.com/news/articles/cp3l4yk5rlgo,74,"The United Kingdom and other worried bystanders with few ways of influencing events, say it should."
89,"Ceasefire or no ceasefire, the Middle East's reshuffling is not yet done",https://www.bbc.com/news/articles/cp3l4yk5rlgo,75,The confusion surrounding the terms of the talks in Pakistan mirror the confusion of Trump's war aims.
89,"Ceasefire or no ceasefire, the Middle East's reshuffling is not yet done",https://www.bbc.com/news/articles/cp3l4yk5rlgo,76,Israel says it is targeting Hezbollah.
89,"Ceasefire or no ceasefire, the Middle East's reshuffling is not yet done",https://www.bbc.com/news/articles/cp3l4yk5rlgo,77,"Increasing numbers of Lebanese believe that Israel is in reality targeting Lebanon, as it now occupies a broad band of territory in the south of the country."
89,"Ceasefire or no ceasefire, the Middle East's reshuffling is not yet done",https://www.bbc.com/news/articles/cp3l4yk5rlgo,78,"It has forced thousands of people from homes that in some cases it is destroying, just as it turned much of Gaza to rubble."
89,"Ceasefire or no ceasefire, the Middle East's reshuffling is not yet done",https://www.bbc.com/news/articles/cp3l4yk5rlgo,79,The long-term consequences of the war will reverberate across the Middle East and beyond.
89,"Ceasefire or no ceasefire, the Middle East's reshuffling is not yet done",https://www.bbc.com/news/articles/cp3l4yk5rlgo,80,"The wealthy Arab monarchies of the Gulf have spent years and billions on turning themselves into global hubs for business, tourism and air travel."
89,"Ceasefire or no ceasefire, the Middle East's reshuffling is not yet done",https://www.bbc.com/news/articles/cp3l4yk5rlgo,81,A few weeks of Iranian attacks have done lasting damage to that strategy for modernisation and development.
89,"Ceasefire or no ceasefire, the Middle East's reshuffling is not yet done",https://www.bbc.com/news/articles/cp3l4yk5rlgo,82,They are also reassessing their alliances with the US.
89,"Ceasefire or no ceasefire, the Middle East's reshuffling is not yet done",https://www.bbc.com/news/articles/cp3l4yk5rlgo,83,They will not break with Washington – they need the Americans too much – but they are looking to diversify their future security.
89,"Ceasefire or no ceasefire, the Middle East's reshuffling is not yet done",https://www.bbc.com/news/articles/cp3l4yk5rlgo,84,The old model of getting as close as possible to the US has not worked.
89,"Ceasefire or no ceasefire, the Middle East's reshuffling is not yet done",https://www.bbc.com/news/articles/cp3l4yk5rlgo,85,"China is watching closely, so is Russia as Trump once again threatens Nato allies he claims were not there when America needed them."
89,"Ceasefire or no ceasefire, the Middle East's reshuffling is not yet done",https://www.bbc.com/news/articles/cp3l4yk5rlgo,86,China pushed the Iranians to agree to a ceasefire and is likely to keep pushing to keep them talking.
89,"Ceasefire or no ceasefire, the Middle East's reshuffling is not yet done",https://www.bbc.com/news/articles/cp3l4yk5rlgo,87,It relies on Middle Eastern oil – Iran has let its own tankers heading to China through the Strait of Hormuz – but will also be ready to exploit any gaps left by Trump's haphazard foreign policy.
89,"Ceasefire or no ceasefire, the Middle East's reshuffling is not yet done",https://www.bbc.com/news/articles/cp3l4yk5rlgo,88,And what about the people of Iran?
89,"Ceasefire or no ceasefire, the Middle East's reshuffling is not yet done",https://www.bbc.com/news/articles/cp3l4yk5rlgo,89,"They are cut off behind an internet blackout, after weeks of airstrikes, death and fear, whatever their views of the regime."
89,"Ceasefire or no ceasefire, the Middle East's reshuffling is not yet done",https://www.bbc.com/news/articles/cp3l4yk5rlgo,90,"On 28 February, Trump and Netanyahu promised the regime's opponents a chance to take back their country."
89,"Ceasefire or no ceasefire, the Middle East's reshuffling is not yet done",https://www.bbc.com/news/articles/cp3l4yk5rlgo,91,That has been forgotten.
89,"Ceasefire or no ceasefire, the Middle East's reshuffling is not yet done",https://www.bbc.com/news/articles/cp3l4yk5rlgo,92,"Until just before the ceasefire, Trump had veered from promises of protection for the regime's opponents to bombing all Iranians back to the ""Stone Age""."
89,"Ceasefire or no ceasefire, the Middle East's reshuffling is not yet done",https://www.bbc.com/news/articles/cp3l4yk5rlgo,93,"Now the only certainty they have about the future is that it will be hard, and that the regime that has controlled their lives for almost half a century is entrenched, angry and as determined as it has ever been to crush any challenge to its power and Iran's Islamic system."
89,"Ceasefire or no ceasefire, the Middle East's reshuffling is not yet done",https://www.bbc.com/news/articles/cp3l4yk5rlgo,94,"BBC InDepth is the home on the website and app for the best analysis, with fresh perspectives that challenge assumptions and deep reporting on the biggest issues of the day."
89,"Ceasefire or no ceasefire, the Middle East's reshuffling is not yet done",https://www.bbc.com/news/articles/cp3l4yk5rlgo,95,"Emma Barnett and John Simpson bring their pick of the most thought-provoking deep reads and analysis, every Saturday."
89,"Ceasefire or no ceasefire, the Middle East's reshuffling is not yet done",https://www.bbc.com/news/articles/cp3l4yk5rlgo,96,Sign up for the newsletter here
90,Hot in the city: Energy crisis tests Singapore's air-con addiction,https://www.bbc.com/news/articles/c80mxrdvkpjo,1,Singapore - known for its widespread use of air-conditioning - has told government employees to bring up the temperature in offices to at least 25C (77F) as it grapples with rising energy prices caused by the Iran war.
90,Hot in the city: Energy crisis tests Singapore's air-con addiction,https://www.bbc.com/news/articles/c80mxrdvkpjo,2,The city-state's public offices will also install power-efficient technology like LED lights and smart sensors to help conserve energy.
90,Hot in the city: Energy crisis tests Singapore's air-con addiction,https://www.bbc.com/news/articles/c80mxrdvkpjo,3,"Singapore joins other countries in South East Asia that have taken steps to save energy, like Thailand, which also asked people to keep air conditioners at 26-27C."
90,Hot in the city: Energy crisis tests Singapore's air-con addiction,https://www.bbc.com/news/articles/c80mxrdvkpjo,4,"The region is heavily reliant on oil and gas shipments that pass through the Strait of Hormuz, which has been effectively shut since the war began."
90,Hot in the city: Energy crisis tests Singapore's air-con addiction,https://www.bbc.com/news/articles/c80mxrdvkpjo,5,"In 1999, Lee Kuan Yew, widely seen as the founding father of modern Singapore, famously credited air-conditioning with having ""changed the lives of people in tropical regions"" by enabling work indoors despite the heat outside."
90,Hot in the city: Energy crisis tests Singapore's air-con addiction,https://www.bbc.com/news/articles/c80mxrdvkpjo,6,"The former prime minister is quoted as saying: ""The first thing I did upon becoming prime minister was to install air conditioners in buildings where the civil service worked."
90,Hot in the city: Energy crisis tests Singapore's air-con addiction,https://www.bbc.com/news/articles/c80mxrdvkpjo,7,"This was key to public efficiency."""
90,Hot in the city: Energy crisis tests Singapore's air-con addiction,https://www.bbc.com/news/articles/c80mxrdvkpjo,8,"Lee, who died in 2015 , is often credited as being the mastermind of Singapore's post colonial transformation from a resource-scarce island to one of Asia's most advanced economies."
90,Hot in the city: Energy crisis tests Singapore's air-con addiction,https://www.bbc.com/news/articles/c80mxrdvkpjo,9,"Today, there are very few offices in the country without air-conditioning - though some will argue that its use tends to be quite excessive."
90,Hot in the city: Energy crisis tests Singapore's air-con addiction,https://www.bbc.com/news/articles/c80mxrdvkpjo,10,It is not uncommon for employees to bring in cardigans or sweaters to wear in office hours because temperatures are maintained at such low levels.
90,Hot in the city: Energy crisis tests Singapore's air-con addiction,https://www.bbc.com/news/articles/c80mxrdvkpjo,11,"And unlike many cities in South East Asia with open-air shopping streets, Singapore's malls are almost entirely air-conditioned."
90,Hot in the city: Energy crisis tests Singapore's air-con addiction,https://www.bbc.com/news/articles/c80mxrdvkpjo,12,"In fact, pedestrians on Singapore's streets will often find themselves blasted with a shock of icy cold air as they walk past entrances to malls and department stores."
90,Hot in the city: Energy crisis tests Singapore's air-con addiction,https://www.bbc.com/news/articles/c80mxrdvkpjo,13,All the city's buses and trains are also air-conditioned.
90,Hot in the city: Energy crisis tests Singapore's air-con addiction,https://www.bbc.com/news/articles/c80mxrdvkpjo,14,Most homes are also fitted with air-conditioning units - often left on overnight.
90,Hot in the city: Energy crisis tests Singapore's air-con addiction,https://www.bbc.com/news/articles/c80mxrdvkpjo,15,"Singapore's Ministry of Sustainability and the Environment said on 8 April that the government was ""taking the lead"" in its energy-saving effort as the Iran war has hit global fuel supply chains."
90,Hot in the city: Energy crisis tests Singapore's air-con addiction,https://www.bbc.com/news/articles/c80mxrdvkpjo,16,Government employees are being told to set the air-conditioning to 25C and closely manage how long they are in use.
90,Hot in the city: Energy crisis tests Singapore's air-con addiction,https://www.bbc.com/news/articles/c80mxrdvkpjo,17,"""Each degree raised reduces energy needs by around 10%,"" the ministry said."
90,Hot in the city: Energy crisis tests Singapore's air-con addiction,https://www.bbc.com/news/articles/c80mxrdvkpjo,18,Workers are also being urged to switch to fans and to take public transportation to cut the use of fuel.
90,Hot in the city: Energy crisis tests Singapore's air-con addiction,https://www.bbc.com/news/articles/c80mxrdvkpjo,19,Businesses and members of the public have also been encouraged to do the same.
90,Hot in the city: Energy crisis tests Singapore's air-con addiction,https://www.bbc.com/news/articles/c80mxrdvkpjo,20,Fuel prices in Singapore have risen and the authorities have issued warnings to the public to be prepared for more economic disruptions caused by war in the Middle East.
90,Hot in the city: Energy crisis tests Singapore's air-con addiction,https://www.bbc.com/news/articles/c80mxrdvkpjo,21,The republic has yet to draw from its fuel reserves or introduce rationing measures since the war.
90,Hot in the city: Energy crisis tests Singapore's air-con addiction,https://www.bbc.com/news/articles/c80mxrdvkpjo,22,"About two-thirds of Singapore's crude oil imports come from countries in the Middle East, according to the US Energy Information Administration."
90,Hot in the city: Energy crisis tests Singapore's air-con addiction,https://www.bbc.com/news/articles/c80mxrdvkpjo,23,Other Asian countries that are more reliant on the Gulf's oil have scrambled to find alternative suppliers and ways to curb the impact of rising fuel prices .
90,Hot in the city: Energy crisis tests Singapore's air-con addiction,https://www.bbc.com/news/articles/c80mxrdvkpjo,24,"The Philippines, which imports 98% of its oil from the Middle East, shortened the work week for government offices to save power."
90,Hot in the city: Energy crisis tests Singapore's air-con addiction,https://www.bbc.com/news/articles/c80mxrdvkpjo,25,Government agencies were also told to cut usage of electricity and fuel.
90,Hot in the city: Energy crisis tests Singapore's air-con addiction,https://www.bbc.com/news/articles/c80mxrdvkpjo,26,The country became the first nation to declare a national energy emergency in March after petrol prices more than doubled in recent weeks.
90,Hot in the city: Energy crisis tests Singapore's air-con addiction,https://www.bbc.com/news/articles/c80mxrdvkpjo,27,Thailand has also implemented urgent energy-saving measures including ordering public office employees to work from home.
90,Hot in the city: Energy crisis tests Singapore's air-con addiction,https://www.bbc.com/news/articles/c80mxrdvkpjo,28,People in Thailand have also been asked to keep air conditioning at 26-27C and to conserve fuel by carpooling or using public transport.
90,Hot in the city: Energy crisis tests Singapore's air-con addiction,https://www.bbc.com/news/articles/c80mxrdvkpjo,29,"South Korea, which imports more than two-thirds of its energy from the Gulf, has launched an energy-saving campaign, encouraging people to take shorter showers and to use washing machines only on weekends."
90,Hot in the city: Energy crisis tests Singapore's air-con addiction,https://www.bbc.com/news/articles/c80mxrdvkpjo,30,"The economic fallout of the Iran war can be described as the ""Asian crisis"", said Ichiro Kutani from Japan's Institute of Energy Economics."
90,Hot in the city: Energy crisis tests Singapore's air-con addiction,https://www.bbc.com/news/articles/c80mxrdvkpjo,31,"Developing countries were being hit especially hard, due to the sheer number of petrol cars as well as households that rely on gas, he said."
90,Hot in the city: Energy crisis tests Singapore's air-con addiction,https://www.bbc.com/news/articles/c80mxrdvkpjo,32,"In the long term, this was a tough lesson for Asia ""to learn from this crisis and aim to use oil efficiently and diversify our sources of supply"", said Kutani."
91,"Israeli strikes on Lebanon are wrong and should stop, PM says",https://www.bbc.com/news/articles/c93enywd10ro,1,"Israeli attacks on Lebanon are ""wrong"" and ""should stop"", Sir Keir Starmer has said during a three-day visit to the Gulf region."
91,"Israeli strikes on Lebanon are wrong and should stop, PM says",https://www.bbc.com/news/articles/c93enywd10ro,2,"Speaking to ITV's Talking Politics podcast, the prime minister said it was ""a matter of principles"" rather than a ""technical"" question over whether the strikes breached Tuesday's ceasefire deal."
91,"Israeli strikes on Lebanon are wrong and should stop, PM says",https://www.bbc.com/news/articles/c93enywd10ro,3,"The Iranian deputy foreign minister told the BBC the strikes on Wednesday - which according to Lebanon's health ministry killed 303 people - were a ""grave violation"" of the ceasefire agreement, but Israel said Lebanon was not covered by the truce."
91,"Israeli strikes on Lebanon are wrong and should stop, PM says",https://www.bbc.com/news/articles/c93enywd10ro,4,"Israel's Prime Minister Benjamin Netanyahu has told his cabinet to begin negotiations with Lebanon ""as soon as possible""."
91,"Israeli strikes on Lebanon are wrong and should stop, PM says",https://www.bbc.com/news/articles/c93enywd10ro,5,"Sir Keir said the UK had not seen the details of the ceasefire and that it was therefore ""hard to say"" if Israel's strikes breached the deal."
91,"Israeli strikes on Lebanon are wrong and should stop, PM says",https://www.bbc.com/news/articles/c93enywd10ro,6,"At the start of the conflict with Iran, the UK refused the US permission to use British air bases for its initial strikes against Iran, but later allowed them to be used for defensive operations."
91,"Israeli strikes on Lebanon are wrong and should stop, PM says",https://www.bbc.com/news/articles/c93enywd10ro,7,"US President Donald Trump has fiercely criticised the UK, as well as other allies, for not getting more involved in the conflict."
91,"Israeli strikes on Lebanon are wrong and should stop, PM says",https://www.bbc.com/news/articles/c93enywd10ro,8,"The prime minister told ITV that he did not want to involve the UK in ""something which didn't have a lawful basis or a clear thought-through plan""."
91,"Israeli strikes on Lebanon are wrong and should stop, PM says",https://www.bbc.com/news/articles/c93enywd10ro,9,"Asked if he was sure that British bases were only being used by the Americans for defensive missions, Sir Keir said ""we are monitoring that very clearly""."
91,"Israeli strikes on Lebanon are wrong and should stop, PM says",https://www.bbc.com/news/articles/c93enywd10ro,10,"The prime minister has arrived in Qatar as part of his three-day visit to the Gulf, after travelling to Saudi Arabia, UAE and Bahrain over the last few days."
91,"Israeli strikes on Lebanon are wrong and should stop, PM says",https://www.bbc.com/news/articles/c93enywd10ro,11,"Starmer also had a call with Trump following his arrival in Qatar, where they spoke about the reopening of the Strait of Hormuz, and discussed ""the need for a practical plan to get shipping moving again as quickly as possible."""
91,"Israeli strikes on Lebanon are wrong and should stop, PM says",https://www.bbc.com/news/articles/c93enywd10ro,12,"A Downing Street spokesperson said Trump and Starmer ""agreed that now there is a ceasefire in place and agreement to open the Strait, we are at the next stage of finding a resolution."""
91,"Israeli strikes on Lebanon are wrong and should stop, PM says",https://www.bbc.com/news/articles/c93enywd10ro,13,"The two leaders agreed to speak again soon, Downing Street added."
91,"Israeli strikes on Lebanon are wrong and should stop, PM says",https://www.bbc.com/news/articles/c93enywd10ro,14,"Earlier in the day, Foreign Secretary Yvette Cooper called for the Strait to be fully reopened after ships in the Gulf were warned by the Iranian navy that those without permission to pass through faced attack."
91,"Israeli strikes on Lebanon are wrong and should stop, PM says",https://www.bbc.com/news/articles/c93enywd10ro,15,"Cooper told the BBC there should be no tolls or restrictions on the critical shipping route, as ships face uncertainty on possibly making payments to Iran to secure safe passage."
91,"Israeli strikes on Lebanon are wrong and should stop, PM says",https://www.bbc.com/news/articles/c93enywd10ro,16,"A fifth of the world's energy shipments usually transits through the Strait of Hormuz, which has been effectively closed by the threat of Iranian attacks in retaliation to a bombing campaign by the US and Israel."
91,"Israeli strikes on Lebanon are wrong and should stop, PM says",https://www.bbc.com/news/articles/c93enywd10ro,17,"The conflict has caused the price of crude oil to spike, with sharp increases in petrol and diesel costs, leading to concerns about the cost of living in countries across the world."
91,"Israeli strikes on Lebanon are wrong and should stop, PM says",https://www.bbc.com/news/articles/c93enywd10ro,18,"Cooper delivered her annual speech on UK foreign policy priorities on Thursday evening, describing the Strait of Hormuz as an ""international shipping route, a transit route for the high seas."""
91,"Israeli strikes on Lebanon are wrong and should stop, PM says",https://www.bbc.com/news/articles/c93enywd10ro,19,"Speaking at Mansion House, she said no country can close those routes, as ""it goes against the fundamental principles of the law of the sea."""
91,"Israeli strikes on Lebanon are wrong and should stop, PM says",https://www.bbc.com/news/articles/c93enywd10ro,20,"""Today, we know more than ever, that freedom of navigation is the underpinning of global trade."
91,"Israeli strikes on Lebanon are wrong and should stop, PM says",https://www.bbc.com/news/articles/c93enywd10ro,21,"And it matters for every sea, every ocean, every strait,"" Cooper said."
91,"Israeli strikes on Lebanon are wrong and should stop, PM says",https://www.bbc.com/news/articles/c93enywd10ro,22,"""Every country has a stake in this, every industry is affected by it."""
91,"Israeli strikes on Lebanon are wrong and should stop, PM says",https://www.bbc.com/news/articles/c93enywd10ro,23,"Defence Secretary John Healey, speaking at a press conference in Downing Street, said the introduction of any ""pay for passage tolls"" would create a ""potential principle that could be used and abused by others elsewhere""."
91,"Israeli strikes on Lebanon are wrong and should stop, PM says",https://www.bbc.com/news/articles/c93enywd10ro,24,Ministers accept the real decisions lie in the hands of the US and Israel - and the foreign secretary has urged them to include Lebanon in the ceasefire deal.
91,"Israeli strikes on Lebanon are wrong and should stop, PM says",https://www.bbc.com/news/articles/c93enywd10ro,25,"Cooper said she was ""extremely concerned about the escalation of Israeli strikes"" on Wednesday, adding: ""We want to see Lebanon urgently included as part of the ceasefire, building on the ceasefire that's been announced, we want to see an end to the hostilities in Lebanon."""
91,"Israeli strikes on Lebanon are wrong and should stop, PM says",https://www.bbc.com/news/articles/c93enywd10ro,26,"Pakistan - which acted as an intermediary in the ceasefire talks - and Iran said the deal covered Lebanon, where Israel has been fighting the Iranian proxy Hezbollah."
91,"Israeli strikes on Lebanon are wrong and should stop, PM says",https://www.bbc.com/news/articles/c93enywd10ro,27,But Israel and the US have said the two-week ceasefire does not include Lebanon.
91,"Israeli strikes on Lebanon are wrong and should stop, PM says",https://www.bbc.com/news/articles/c93enywd10ro,28,The foreign secretary will also visit the International Maritime Organization on Thursday in a show of support for the organisation's efforts to help ships and seafarers currently trapped in the waterway.
91,"Israeli strikes on Lebanon are wrong and should stop, PM says",https://www.bbc.com/news/articles/c93enywd10ro,29,"Last week, the UK chaired talks involving more than 40 countries on how to unblock the Strait of Hormuz, with all participants agreeing that the war had to end first."
91,"Israeli strikes on Lebanon are wrong and should stop, PM says",https://www.bbc.com/news/articles/c93enywd10ro,30,"Cooper said Iran had been able to ""hijack"" the international shipping route to ""hold the global economy hostage"" following the virtual summit, which the US was not involved in."
91,"Israeli strikes on Lebanon are wrong and should stop, PM says",https://www.bbc.com/news/articles/c93enywd10ro,31,"The US has repeatedly accused allies of not doing enough to secure the shipping route or to support its war effort, leaving the UK and other nations weighing how to contribute to securing the critical waterway without becoming involved in the wider war."
91,"Israeli strikes on Lebanon are wrong and should stop, PM says",https://www.bbc.com/news/articles/c93enywd10ro,32,"Iran has attacked several vessels in response to the war waged against it by the US and Israel, disrupting energy exports and sending global fuel prices soaring."
91,"Israeli strikes on Lebanon are wrong and should stop, PM says",https://www.bbc.com/news/articles/c93enywd10ro,33,"Prior to the ceasefire announcement on Wednesday, Trump said it was for other nations to ""build up some delayed courage"" and reopen the route."
91,"Israeli strikes on Lebanon are wrong and should stop, PM says",https://www.bbc.com/news/articles/c93enywd10ro,34,"Liberal Democrat leader Sir Ed Davey said Israel's strikes on Lebanon were ""undermining any hope of peace""."
91,"Israeli strikes on Lebanon are wrong and should stop, PM says",https://www.bbc.com/news/articles/c93enywd10ro,35,"He urged the government to ""halt all UK arms exports to Israel"" and support plans to disarm Hezbollah, the Iranian-backed armed group in Lebanon."
91,"Israeli strikes on Lebanon are wrong and should stop, PM says",https://www.bbc.com/news/articles/c93enywd10ro,36,"Green Party leader Zack Polanski said the government should do more to stop Israel behaving ""like a rogue state"", including withdrawing from its trade deal with the country and introducing sanctions."
91,"Israeli strikes on Lebanon are wrong and should stop, PM says",https://www.bbc.com/news/articles/c93enywd10ro,37,Sign up for our Politics Essential newsletter to keep up with the inner workings of Westminster and beyond.
92,Lebanon thought there was a ceasefire - then Israel unleashed deadly blitz,https://www.bbc.com/news/articles/cgk0edynpmzo,1,The guns were supposed to have fallen silent.
92,Lebanon thought there was a ceasefire - then Israel unleashed deadly blitz,https://www.bbc.com/news/articles/cgk0edynpmzo,2,"It was, after all, just hours after US President Donald Trump had announced that a two-week ceasefire had been agreed to halt the war in the Middle East."
92,Lebanon thought there was a ceasefire - then Israel unleashed deadly blitz,https://www.bbc.com/news/articles/cgk0edynpmzo,3,"But just as the region was breathing a sigh of relief, Israeli jets conducted a 10-minute blitz across Lebanon - a massive aerial attack that killed at least 303 people and wounded 1,150 others, according to Lebanon's health ministry."
92,Lebanon thought there was a ceasefire - then Israel unleashed deadly blitz,https://www.bbc.com/news/articles/cgk0edynpmzo,4,"Local and Western condemnation was swift and widespread, but no criticism came from the US against its ally in this war."
92,Lebanon thought there was a ceasefire - then Israel unleashed deadly blitz,https://www.bbc.com/news/articles/cgk0edynpmzo,5,"Iran said this was ""a blatant violation"" of the ceasefire deal and has asked the US to halt the Israeli ""aggression""."
92,Lebanon thought there was a ceasefire - then Israel unleashed deadly blitz,https://www.bbc.com/news/articles/cgk0edynpmzo,6,"Lebanese officials say more than 1,700 people have been killed since Israel launched its latest campaign in Lebanon last month."
92,Lebanon thought there was a ceasefire - then Israel unleashed deadly blitz,https://www.bbc.com/news/articles/cgk0edynpmzo,7,Israel has said its operations are aimed at weakening Hezbollah and achieving what it calls remaining military objectives.
92,Lebanon thought there was a ceasefire - then Israel unleashed deadly blitz,https://www.bbc.com/news/articles/cgk0edynpmzo,8,"The war began with US and Israeli strikes on Iran on 28 February - prompting retaliation from Tehran against US allies in the Gulf, and from Iran's proxies - Hezbollah in Lebanon and the Houthis in Yemen - against Israel."
92,Lebanon thought there was a ceasefire - then Israel unleashed deadly blitz,https://www.bbc.com/news/articles/cgk0edynpmzo,9,"In response, Israel began striking Hezbollah and even ordered its troops to occupy large parts of Lebanon."
92,Lebanon thought there was a ceasefire - then Israel unleashed deadly blitz,https://www.bbc.com/news/articles/cgk0edynpmzo,10,The two-week pause in the fighting was announced by Pakistan's Prime Minister Shehbaz Sharif - who has been serving as mediator between the warring parties.
92,Lebanon thought there was a ceasefire - then Israel unleashed deadly blitz,https://www.bbc.com/news/articles/cgk0edynpmzo,11,"Sharif said the US and its allies ""have agreed to an immediate ceasefire everywhere including Lebanon and elsewhere""."
92,Lebanon thought there was a ceasefire - then Israel unleashed deadly blitz,https://www.bbc.com/news/articles/cgk0edynpmzo,12,But the main adversaries of Iran do not appear to share this understanding.
92,Lebanon thought there was a ceasefire - then Israel unleashed deadly blitz,https://www.bbc.com/news/articles/cgk0edynpmzo,13,"The government of Israeli Prime Minister Benjamin Netanyahu said the ceasefire did not include Lebanon and Donald Trump signalled his agreement by stating the war in Lebanon was ""a separate skirmish""."
92,Lebanon thought there was a ceasefire - then Israel unleashed deadly blitz,https://www.bbc.com/news/articles/cgk0edynpmzo,14,"Wednesday, 8 April."
92,Lebanon thought there was a ceasefire - then Israel unleashed deadly blitz,https://www.bbc.com/news/articles/cgk0edynpmzo,15,It was around 14:00 in Beirut (11:00 GMT) when the skies over Lebanon darkened.
92,Lebanon thought there was a ceasefire - then Israel unleashed deadly blitz,https://www.bbc.com/news/articles/cgk0edynpmzo,16,"The Israel Defense Forces (IDF) said that within 10 minutes it had ""completed the largest co-ordinated strike across Lebanon since the start of Operation Roaring Lion"" - the code name for the Israeli operation against Iran."
92,Lebanon thought there was a ceasefire - then Israel unleashed deadly blitz,https://www.bbc.com/news/articles/cgk0edynpmzo,17,"It said it had targeted ""100+ Hezbollah headquarters, military arrays, & command-and-control centres in Beirut, Bekaa and southern Lebanon""."
92,Lebanon thought there was a ceasefire - then Israel unleashed deadly blitz,https://www.bbc.com/news/articles/cgk0edynpmzo,18,Densely populated parts of central Beirut were hit in strikes described by officials as among the heaviest since Hezbollah joined the conflict in early March.
92,Lebanon thought there was a ceasefire - then Israel unleashed deadly blitz,https://www.bbc.com/news/articles/cgk0edynpmzo,19,And it was not just the traditional Hezbollah stronghold of Dahieh that was hit in the Lebanese capital - the city centre was also hit.
92,Lebanon thought there was a ceasefire - then Israel unleashed deadly blitz,https://www.bbc.com/news/articles/cgk0edynpmzo,20,"Safa Bleik, a registered nurse and coordinator for international medical charity Médecins Sans Frontières (MSF), happened to be inside the Rafik Hariri Hospital in Beirut as the attacks unfolded."
92,Lebanon thought there was a ceasefire - then Israel unleashed deadly blitz,https://www.bbc.com/news/articles/cgk0edynpmzo,21,"""The first patients came in with severe head injuries, with fragments of glass, metal and debris lodged in their bodies."
92,Lebanon thought there was a ceasefire - then Israel unleashed deadly blitz,https://www.bbc.com/news/articles/cgk0edynpmzo,22,Many were unconscious.
92,Lebanon thought there was a ceasefire - then Israel unleashed deadly blitz,https://www.bbc.com/news/articles/cgk0edynpmzo,23,"Some died shortly after arrival,"" she said."
92,Lebanon thought there was a ceasefire - then Israel unleashed deadly blitz,https://www.bbc.com/news/articles/cgk0edynpmzo,24,"""Soon, the emergency room filled with people searching,"" Bleik said."
92,Lebanon thought there was a ceasefire - then Israel unleashed deadly blitz,https://www.bbc.com/news/articles/cgk0edynpmzo,25,"""I was trying to stop the bleeding of a man who had arrived with severe head trauma and shrapnel in his abdomen, when a young man came up to me holding a phone, showing me a photo of his brother."
92,Lebanon thought there was a ceasefire - then Israel unleashed deadly blitz,https://www.bbc.com/news/articles/cgk0edynpmzo,26,"He was asking if I had seen him."""
92,Lebanon thought there was a ceasefire - then Israel unleashed deadly blitz,https://www.bbc.com/news/articles/cgk0edynpmzo,27,"Casualties were reported in the Bekaa Valley, in the east, and in the southern Nabatieh, Sidon and Tyre regions."
92,Lebanon thought there was a ceasefire - then Israel unleashed deadly blitz,https://www.bbc.com/news/articles/cgk0edynpmzo,28,Hezbollah may have been taken by surprise - their only response appeared to have been a few rockets fired towards Israel hours later.
92,Lebanon thought there was a ceasefire - then Israel unleashed deadly blitz,https://www.bbc.com/news/articles/cgk0edynpmzo,29,"On Thursday, Israel continued its attacks, saying it had killed ""70+ terrorists""."
92,Lebanon thought there was a ceasefire - then Israel unleashed deadly blitz,https://www.bbc.com/news/articles/cgk0edynpmzo,30,It denies targeting civilians.
92,Lebanon thought there was a ceasefire - then Israel unleashed deadly blitz,https://www.bbc.com/news/articles/cgk0edynpmzo,31,"The IDF also said Hezbollah had fired some 30 rockets at northern Israel, with no reports of injuries or damage."
92,Lebanon thought there was a ceasefire - then Israel unleashed deadly blitz,https://www.bbc.com/news/articles/cgk0edynpmzo,32,"The IDF also said it had ""ELIMINATED: Ali Yusuf Harshi, the personal secretary to Hezbollah Secretary-General Naim Qassem in Beirut""."
92,Lebanon thought there was a ceasefire - then Israel unleashed deadly blitz,https://www.bbc.com/news/articles/cgk0edynpmzo,33,There has been no confirmation.
92,Lebanon thought there was a ceasefire - then Israel unleashed deadly blitz,https://www.bbc.com/news/articles/cgk0edynpmzo,34,The BBC is unable to verify the claims.
92,Lebanon thought there was a ceasefire - then Israel unleashed deadly blitz,https://www.bbc.com/news/articles/cgk0edynpmzo,35,"On a crisp and sunny Thursday morning, there was a heaviness in the air in Beirut."
92,Lebanon thought there was a ceasefire - then Israel unleashed deadly blitz,https://www.bbc.com/news/articles/cgk0edynpmzo,36,Usually the streets are buzzing with traffic but the country has been observing a day of national mourning.
92,Lebanon thought there was a ceasefire - then Israel unleashed deadly blitz,https://www.bbc.com/news/articles/cgk0edynpmzo,37,"President Joseph Aoun described it as a ""massacre""."
92,Lebanon thought there was a ceasefire - then Israel unleashed deadly blitz,https://www.bbc.com/news/articles/cgk0edynpmzo,38,At some locations search and recovery operations have been continuing.
92,Lebanon thought there was a ceasefire - then Israel unleashed deadly blitz,https://www.bbc.com/news/articles/cgk0edynpmzo,39,"There is nothing left of the 10-storey residential building that was attacked in Tallet el Khayat, a well-to-do neighbourhood of western Beirut, one of the many locations hit."
92,Lebanon thought there was a ceasefire - then Israel unleashed deadly blitz,https://www.bbc.com/news/articles/cgk0edynpmzo,40,"The air strike happened without warning and would have caught everyone by surprise, as this was not an area that had been targeted in the past."
92,Lebanon thought there was a ceasefire - then Israel unleashed deadly blitz,https://www.bbc.com/news/articles/cgk0edynpmzo,41,"Civil defence teams have been combing through buildings here and across the country, but there is little hope for people who still have loved ones missing."
92,Lebanon thought there was a ceasefire - then Israel unleashed deadly blitz,https://www.bbc.com/news/articles/cgk0edynpmzo,42,"Ziad Samir Itani, who was leading the civil defence team, said rescuers were exhausted after more than six weeks of constant attacks by Israel."
92,Lebanon thought there was a ceasefire - then Israel unleashed deadly blitz,https://www.bbc.com/news/articles/cgk0edynpmzo,43,"Benjamin Netanyahu said on Thursday Israel would continue to strike Hezbollah ""wherever necessary, until we restore full security to the residents of the north""."
92,Lebanon thought there was a ceasefire - then Israel unleashed deadly blitz,https://www.bbc.com/news/articles/cgk0edynpmzo,44,It is difficult to see what the long-term Israeli strategy is.
92,Lebanon thought there was a ceasefire - then Israel unleashed deadly blitz,https://www.bbc.com/news/articles/cgk0edynpmzo,45,Even Israeli military officials acknowledge what has been known in Lebanon for a long time: that Hezbollah will not be disarmed by force.
92,Lebanon thought there was a ceasefire - then Israel unleashed deadly blitz,https://www.bbc.com/news/articles/cgk0edynpmzo,46,"The attacks may give Israel some military gain, but this is likely to be limited."
92,Lebanon thought there was a ceasefire - then Israel unleashed deadly blitz,https://www.bbc.com/news/articles/cgk0edynpmzo,47,"In Lebanon, opponents and supporters of Hezbollah are coming together in anger, united in the view that what happened here was unacceptable and unjustifiable."
92,Lebanon thought there was a ceasefire - then Israel unleashed deadly blitz,https://www.bbc.com/news/articles/cgk0edynpmzo,48,"Iran's President Masoud Pezeshkian denounced the ""blatant violations"" by Israel, which, he added may render negotiations ""meaningless""."
93,"Israeli strikes in Lebanon 'grave violation' of ceasefire, Iran minister tells BBC",https://www.bbc.com/news/articles/cp849k4j0y1o,1,"An Iranian minister has told the BBC that Israeli strikes in Lebanon on Wednesday constituted a ""grave violation"" of the US-Iran ceasefire agreement."
93,"Israeli strikes in Lebanon 'grave violation' of ceasefire, Iran minister tells BBC",https://www.bbc.com/news/articles/cp849k4j0y1o,2,"Deputy Foreign Minister Saeed Khatibzadeh said Lebanon was covered by the two-week deal agreed on Tuesday - something the US and Israel dispute - and said the US must choose ""between war and ceasefire""."
93,"Israeli strikes in Lebanon 'grave violation' of ceasefire, Iran minister tells BBC",https://www.bbc.com/news/articles/cp849k4j0y1o,3,"At least 303 people were killed on Wednesday in air strikes on what Israel called Hezbollah command centres and military sites, the Lebanese health ministry said."
93,"Israeli strikes in Lebanon 'grave violation' of ceasefire, Iran minister tells BBC",https://www.bbc.com/news/articles/cp849k4j0y1o,4,"Israel's Prime Minister Benjamin Netanyahu has since said he has instructed his cabinet to ""open direct negotiations with Lebanon as soon as possible""."
93,"Israeli strikes in Lebanon 'grave violation' of ceasefire, Iran minister tells BBC",https://www.bbc.com/news/articles/cp849k4j0y1o,5,Beirut has also said it is ready for talks.
93,"Israeli strikes in Lebanon 'grave violation' of ceasefire, Iran minister tells BBC",https://www.bbc.com/news/articles/cp849k4j0y1o,6,"""The only solution to the situation Lebanon is experiencing is to achieve a ceasefire between Israel and Lebanon, followed by direct negotiations between them,"" Lebanese President Joeseph Aoun said on X. Netanyahu's office has said the negotiations with Lebanon ""will focus on the disarmament of Hezbollah and the establishing of peaceful relations between Israel and Lebanon""."
93,"Israeli strikes in Lebanon 'grave violation' of ceasefire, Iran minister tells BBC",https://www.bbc.com/news/articles/cp849k4j0y1o,7,"Khatibzadeh, pressed on BBC Radio 4's Today programme on whether Tehran would likewise ask its ally, Hezbollah, to stop firing rockets towards Israel, said the Iranian-backed militant group had ""abided"" by the ceasefire."
93,"Israeli strikes in Lebanon 'grave violation' of ceasefire, Iran minister tells BBC",https://www.bbc.com/news/articles/cp849k4j0y1o,8,Hezbollah said on Thursday that it had fired at Israel overnight in response to what it called ceasefire violations.
93,"Israeli strikes in Lebanon 'grave violation' of ceasefire, Iran minister tells BBC",https://www.bbc.com/news/articles/cp849k4j0y1o,9,"It has also threatened to keep up its attacks until ""Israeli-American aggression"" against Lebanon comes to an end."
93,"Israeli strikes in Lebanon 'grave violation' of ceasefire, Iran minister tells BBC",https://www.bbc.com/news/articles/cp849k4j0y1o,10,"The Israeli military, meanwhile, issued fresh evacuation orders for residents in southern Beirut."
93,"Israeli strikes in Lebanon 'grave violation' of ceasefire, Iran minister tells BBC",https://www.bbc.com/news/articles/cp849k4j0y1o,11,"Khatibzadeh said Tehran had sent a ""crystal clear"" message to the White House late on Wednesday which could be summarised as ""you cannot have cake and eat it at the same time""."
93,"Israeli strikes in Lebanon 'grave violation' of ceasefire, Iran minister tells BBC",https://www.bbc.com/news/articles/cp849k4j0y1o,12,"""You cannot ask for a ceasefire and then accept terms and conditions, accept all the areas that a ceasefire is applied to, and name Lebanon, exactly Lebanon in that, and then your ally just starts a massacre."""
93,"Israeli strikes in Lebanon 'grave violation' of ceasefire, Iran minister tells BBC",https://www.bbc.com/news/articles/cp849k4j0y1o,13,"UN Secretary General António Guterres is among those who have said that the ongoing fighting in Lebanon could undermine talks between the US and Iran that are due to happen on Friday in Pakistan, which negotiated the ceasefire."
93,"Israeli strikes in Lebanon 'grave violation' of ceasefire, Iran minister tells BBC",https://www.bbc.com/news/articles/cp849k4j0y1o,14,"The latest escalation in the decades-long conflict between Hezbollah and Israel erupted when the group fired rockets into Israel in retaliation for the killing of Iran's supreme leader Ayatollah Ali Khamenei in the opening stages of the war, and in response to the near-daily Israeli attacks on Lebanon that have continued despite a ceasefire, which was agreed in November 2024."
93,"Israeli strikes in Lebanon 'grave violation' of ceasefire, Iran minister tells BBC",https://www.bbc.com/news/articles/cp849k4j0y1o,15,"More than 1,700 people have been killed, including at least 130 children, so far as a result of the war, the Lebanese health ministry says, without distinguishing combatants from civilians."
93,"Israeli strikes in Lebanon 'grave violation' of ceasefire, Iran minister tells BBC",https://www.bbc.com/news/articles/cp849k4j0y1o,16,"Israel says it has killed around 1,100 Hezbollah fighters."
93,"Israeli strikes in Lebanon 'grave violation' of ceasefire, Iran minister tells BBC",https://www.bbc.com/news/articles/cp849k4j0y1o,17,"Over 1.2 million people have been displaced, or one in five of the population, most of them from Shia Muslim communities."
93,"Israeli strikes in Lebanon 'grave violation' of ceasefire, Iran minister tells BBC",https://www.bbc.com/news/articles/cp849k4j0y1o,18,"Khatibzadeh was also asked about Tehran's warning that ships passing through the Strait of Hormuz without its permission ""would be targeted and destroyed"" despite the ceasefire, during which ships are meant to be allowed through the vital waterway - and whether this could be considered an act of war."
93,"Israeli strikes in Lebanon 'grave violation' of ceasefire, Iran minister tells BBC",https://www.bbc.com/news/articles/cp849k4j0y1o,19,"He said Iran would abide by international law, while arguing that the international shipping channel comprised the territorial water of Oman and Iran, and that both countries had in the past allowed safe passage through it out of ""goodwill""."
93,"Israeli strikes in Lebanon 'grave violation' of ceasefire, Iran minister tells BBC",https://www.bbc.com/news/articles/cp849k4j0y1o,20,"He said that, if the US withdrew its ""aggression"", Iran would ""provide security for safe passage""."
93,"Israeli strikes in Lebanon 'grave violation' of ceasefire, Iran minister tells BBC",https://www.bbc.com/news/articles/cp849k4j0y1o,21,"Asked if this meant Iran would not be charging ships for passage or threatening them, the minister said Iran wanted the Strait to be ""peaceful""."
93,"Israeli strikes in Lebanon 'grave violation' of ceasefire, Iran minister tells BBC",https://www.bbc.com/news/articles/cp849k4j0y1o,22,"But he added that Iran would need to work with Oman and the international community on a protocol for safe passage to ensure it was not ""misused by warships""."
93,"Israeli strikes in Lebanon 'grave violation' of ceasefire, Iran minister tells BBC",https://www.bbc.com/news/articles/cp849k4j0y1o,23,"Since the war began on 28 February, Tehran has effectively blocked the shipping lane through which about a fifth of the world's oil and liquefied natural gas usually passes, causing disruption to the global economy."
93,"Israeli strikes in Lebanon 'grave violation' of ceasefire, Iran minister tells BBC",https://www.bbc.com/news/articles/cp849k4j0y1o,24,"Although the two-week ceasefire was agreed on the condition that the Strait reopen, Iranian state media reported it remained closed after continued Israeli attacks against Hezbollah."
93,"Israeli strikes in Lebanon 'grave violation' of ceasefire, Iran minister tells BBC",https://www.bbc.com/news/articles/cp849k4j0y1o,25,"White House spokesperson Karoline Leavitt, however, told reporters late on Wednesday that any reports suggesting the Strait was closed were false, and said there had been an ""uptick"" in ships passing through."
93,"Israeli strikes in Lebanon 'grave violation' of ceasefire, Iran minister tells BBC",https://www.bbc.com/news/articles/cp849k4j0y1o,26,"President Trump meanwhile warned overnight that US forces would remain in the region until the ""real agreement"" with Iran was adhered to, emphasising on Truth Social that the deal required the strait be ""open and safe""."
93,"Israeli strikes in Lebanon 'grave violation' of ceasefire, Iran minister tells BBC",https://www.bbc.com/news/articles/cp849k4j0y1o,27,"Khatibzadeh said he was ""very doubtful"" about reaching a permanent understanding with the US, accusing Washington of having used negotiation as a cover for military action."
93,"Israeli strikes in Lebanon 'grave violation' of ceasefire, Iran minister tells BBC",https://www.bbc.com/news/articles/cp849k4j0y1o,28,"Asked whether scheduled talks between the US and Iran in Pakistan would still go ahead, he said: ""We are going to closely monitor what is happening from now on."""
93,"Israeli strikes in Lebanon 'grave violation' of ceasefire, Iran minister tells BBC",https://www.bbc.com/news/articles/cp849k4j0y1o,29,"Khatibzadeh added: ""But as a diplomat, I'm very much hopeful that finally we reach an understanding and settle this within our national interest and within the regional interest."""
